# vtk DataFile Version 2.0
REM Driven step 6
ASCII
DATASET UNSTRUCTURED_GRID
POINTS 2814 double
0.000000e0 0.000000e0 -5.000000e-4
0.000000e0 1.932000e-3 -5.000000e-4
4.000000e-3 0.000000e0 -5.000000e-4
4.000000e-3 1.932000e-3 -5.000000e-4
0.000000e0 -5.000000e-4 -1.000000e-3
0.000000e0 -5.000000e-4 1.000000e-3
0.000000e0 2.432000e-3 -1.000000e-3
0.000000e0 2.432000e-3 1.000000e-3
0.000000e0 7.000000e-4 0.000000e0
0.000000e0 0.000000e0 0.000000e0
0.000000e0 7.000000e-4 -5.000000e-4
0.000000e0 7.000000e-4 -7.500000e-4
0.000000e0 9.660000e-4 -7.500000e-4
0.000000e0 1.232000e-3 -7.500000e-4
0.000000e0 1.232000e-3 -5.000000e-4
0.000000e0 1.932000e-3 0.000000e0
0.000000e0 1.232000e-3 0.000000e0
0.000000e0 1.232000e-3 5.000000e-4
0.000000e0 9.660000e-4 5.000000e-4
0.000000e0 7.000000e-4 5.000000e-4
0.000000e0 9.660000e-4 -5.000000e-4
0.000000e0 1.132000e-3 0.000000e0
0.000000e0 1.114000e-3 0.000000e0
0.000000e0 1.084000e-3 0.000000e0
0.000000e0 1.066000e-3 0.000000e0
0.000000e0 9.660000e-4 0.000000e0
0.000000e0 8.000000e-4 0.000000e0
0.000000e0 8.660000e-4 0.000000e0
0.000000e0 8.480000e-4 0.000000e0
0.000000e0 8.180000e-4 0.000000e0
4.000000e-3 -5.000000e-4 -1.000000e-3
4.000000e-3 -5.000000e-4 1.000000e-3
4.000000e-3 2.432000e-3 -1.000000e-3
4.000000e-3 2.432000e-3 1.000000e-3
4.000000e-3 0.000000e0 0.000000e0
4.000000e-3 7.000000e-4 -5.000000e-4
4.000000e-3 7.000000e-4 -7.500000e-4
4.000000e-3 9.660000e-4 -7.500000e-4
4.000000e-3 1.232000e-3 -7.500000e-4
4.000000e-3 1.232000e-3 -5.000000e-4
4.000000e-3 1.932000e-3 0.000000e0
4.000000e-3 1.232000e-3 0.000000e0
4.000000e-3 1.232000e-3 5.000000e-4
4.000000e-3 9.660000e-4 5.000000e-4
4.000000e-3 7.000000e-4 5.000000e-4
4.000000e-3 7.000000e-4 0.000000e0
4.000000e-3 9.660000e-4 0.000000e0
4.000000e-3 8.660000e-4 0.000000e0
4.000000e-3 8.480000e-4 0.000000e0
4.000000e-3 8.180000e-4 0.000000e0
4.000000e-3 8.000000e-4 0.000000e0
4.000000e-3 9.660000e-4 -5.000000e-4
4.000000e-3 1.132000e-3 0.000000e0
4.000000e-3 1.114000e-3 0.000000e0
4.000000e-3 1.084000e-3 0.000000e0
4.000000e-3 1.066000e-3 0.000000e0
5.000000e-4 0.000000e0 -5.000000e-4
1.000000e-3 0.000000e0 -5.000000e-4
1.500000e-3 0.000000e0 -5.000000e-4
2.000000e-3 0.000000e0 -5.000000e-4
2.500000e-3 0.000000e0 -5.000000e-4
3.000000e-3 0.000000e0 -5.000000e-4
3.500000e-3 0.000000e0 -5.000000e-4
5.000000e-4 1.932000e-3 -5.000000e-4
1.000000e-3 1.932000e-3 -5.000000e-4
1.500000e-3 1.932000e-3 -5.000000e-4
2.000000e-3 1.932000e-3 -5.000000e-4
2.500000e-3 1.932000e-3 -5.000000e-4
3.000000e-3 1.932000e-3 -5.000000e-4
3.500000e-3 1.932000e-3 -5.000000e-4
0.000000e0 -5.000000e-4 -5.000000e-4
0.000000e0 -5.000000e-4 0.000000e0
0.000000e0 -5.000000e-4 5.000000e-4
0.000000e0 -1.133333e-5 -1.000000e-3
0.000000e0 4.773333e-4 -1.000000e-3
0.000000e0 9.660000e-4 -1.000000e-3
0.000000e0 1.454667e-3 -1.000000e-3
0.000000e0 1.943333e-3 -1.000000e-3
0.000000e0 -1.133333e-5 1.000000e-3
0.000000e0 4.773333e-4 1.000000e-3
0.000000e0 9.660000e-4 1.000000e-3
0.000000e0 1.454667e-3 1.000000e-3
0.000000e0 1.943333e-3 1.000000e-3
0.000000e0 2.432000e-3 -5.000000e-4
0.000000e0 2.432000e-3 0.000000e0
0.000000e0 2.432000e-3 5.000000e-4
0.000000e0 6.025340e-4 0.000000e0
0.000000e0 4.652997e-4 0.000000e0
0.000000e0 2.720707e-4 0.000000e0
0.000000e0 0.000000e0 -2.410135e-4
0.000000e0 3.990806e-4 -5.000000e-4
0.000000e0 1.532919e-3 -5.000000e-4
0.000000e0 1.932000e-3 -2.410135e-4
0.000000e0 1.659929e-3 0.000000e0
0.000000e0 1.466700e-3 0.000000e0
0.000000e0 1.329466e-3 0.000000e0
0.000000e0 1.232000e-3 7.754510e-5
0.000000e0 1.232000e-3 1.779446e-4
0.000000e0 1.232000e-3 3.144366e-4
0.000000e0 7.000000e-4 7.754510e-5
0.000000e0 7.000000e-4 1.779446e-4
0.000000e0 7.000000e-4 3.144366e-4
0.000000e0 1.175740e-3 0.000000e0
0.000000e0 1.022260e-3 0.000000e0
0.000000e0 9.660000e-4 7.754510e-5
0.000000e0 9.660000e-4 1.779446e-4
0.000000e0 9.660000e-4 3.144366e-4
0.000000e0 7.562601e-4 0.000000e0
0.000000e0 9.097399e-4 0.000000e0
4.000000e-3 -5.000000e-4 -5.000000e-4
4.000000e-3 -5.000000e-4 0.000000e0
4.000000e-3 -5.000000e-4 5.000000e-4
4.000000e-3 -1.133333e-5 -1.000000e-3
4.000000e-3 4.773333e-4 -1.000000e-3
4.000000e-3 9.660000e-4 -1.000000e-3
4.000000e-3 1.454667e-3 -1.000000e-3
4.000000e-3 1.943333e-3 -1.000000e-3
4.000000e-3 -1.133333e-5 1.000000e-3
4.000000e-3 4.773333e-4 1.000000e-3
4.000000e-3 9.660000e-4 1.000000e-3
4.000000e-3 1.454667e-3 1.000000e-3
4.000000e-3 1.943333e-3 1.000000e-3
4.000000e-3 2.432000e-3 -5.000000e-4
4.000000e-3 2.432000e-3 0.000000e0
4.000000e-3 2.432000e-3 5.000000e-4
4.000000e-3 0.000000e0 -2.410135e-4
4.000000e-3 3.990806e-4 -5.000000e-4
4.000000e-3 1.532919e-3 -5.000000e-4
4.000000e-3 1.932000e-3 -2.410135e-4
4.000000e-3 1.329466e-3 0.000000e0
4.000000e-3 1.466700e-3 0.000000e0
4.000000e-3 1.659929e-3 0.000000e0
4.000000e-3 1.232000e-3 7.754510e-5
4.000000e-3 1.232000e-3 1.779446e-4
4.000000e-3 1.232000e-3 3.144366e-4
4.000000e-3 7.000000e-4 7.754510e-5
4.000000e-3 7.000000e-4 1.779446e-4
4.000000e-3 7.000000e-4 3.144366e-4
4.000000e-3 2.720707e-4 0.000000e0
4.000000e-3 4.652997e-4 0.000000e0
4.000000e-3 6.025340e-4 0.000000e0
4.000000e-3 9.660000e-4 7.754510e-5
4.000000e-3 9.660000e-4 1.779446e-4
4.000000e-3 9.660000e-4 3.144366e-4
4.000000e-3 9.097399e-4 0.000000e0
4.000000e-3 7.562601e-4 0.000000e0
4.000000e-3 1.175740e-3 0.000000e0
4.000000e-3 1.022260e-3 0.000000e0
0.000000e0 7.000000e-4 -3.144366e-4
0.000000e0 7.000000e-4 -1.779446e-4
0.000000e0 7.000000e-4 -7.754510e-5
0.000000e0 9.660000e-4 -3.144366e-4
0.000000e0 9.660000e-4 -1.779446e-4
0.000000e0 9.660000e-4 -7.754510e-5
0.000000e0 1.232000e-3 -3.144366e-4
0.000000e0 1.232000e-3 -1.779446e-4
0.000000e0 1.232000e-3 -7.754510e-5
4.000000e-3 7.000000e-4 -3.144366e-4
4.000000e-3 7.000000e-4 -1.779446e-4
4.000000e-3 7.000000e-4 -7.754510e-5
4.000000e-3 9.660000e-4 -3.144366e-4
4.000000e-3 9.660000e-4 -1.779446e-4
4.000000e-3 9.660000e-4 -7.754510e-5
4.000000e-3 1.232000e-3 -3.144366e-4
4.000000e-3 1.232000e-3 -1.779446e-4
4.000000e-3 1.232000e-3 -7.754510e-5
4.444455e-4 0.000000e0 0.000000e0
8.888894e-4 0.000000e0 0.000000e0
1.333332e-3 0.000000e0 0.000000e0
1.777777e-3 0.000000e0 0.000000e0
2.222223e-3 0.000000e0 0.000000e0
2.666668e-3 0.000000e0 0.000000e0
3.111111e-3 0.000000e0 0.000000e0
3.555555e-3 0.000000e0 0.000000e0
3.955056e-3 8.000000e-4 0.000000e0
3.910112e-3 8.000000e-4 0.000000e0
3.865169e-3 8.000000e-4 0.000000e0
3.820225e-3 8.000000e-4 0.000000e0
3.775281e-3 8.000000e-4 0.000000e0
3.730337e-3 8.000000e-4 0.000000e0
3.685393e-3 8.000000e-4 0.000000e0
3.640449e-3 8.000000e-4 0.000000e0
3.595506e-3 8.000000e-4 0.000000e0
3.550562e-3 8.000000e-4 0.000000e0
3.505618e-3 8.000000e-4 0.000000e0
3.460674e-3 8.000000e-4 0.000000e0
3.415730e-3 8.000000e-4 0.000000e0
3.370787e-3 8.000000e-4 0.000000e0
3.325843e-3 8.000000e-4 0.000000e0
3.280899e-3 8.000000e-4 0.000000e0
3.235955e-3 8.000000e-4 0.000000e0
3.191011e-3 8.000000e-4 0.000000e0
3.146067e-3 8.000000e-4 0.000000e0
3.101124e-3 8.000000e-4 0.000000e0
3.056180e-3 8.000000e-4 0.000000e0
3.011236e-3 8.000000e-4 0.000000e0
2.966292e-3 8.000000e-4 0.000000e0
2.921348e-3 8.000000e-4 0.000000e0
2.876404e-3 8.000000e-4 0.000000e0
2.831461e-3 8.000000e-4 0.000000e0
2.786517e-3 8.000000e-4 0.000000e0
2.741573e-3 8.000000e-4 0.000000e0
2.696629e-3 8.000000e-4 0.000000e0
2.651685e-3 8.000000e-4 0.000000e0
2.606742e-3 8.000000e-4 0.000000e0
2.561798e-3 8.000000e-4 0.000000e0
2.516854e-3 8.000000e-4 0.000000e0
2.471910e-3 8.000000e-4 0.000000e0
2.426966e-3 8.000000e-4 0.000000e0
2.382022e-3 8.000000e-4 0.000000e0
2.337079e-3 8.000000e-4 0.000000e0
2.292135e-3 8.000000e-4 0.000000e0
2.247191e-3 8.000000e-4 0.000000e0
2.202247e-3 8.000000e-4 0.000000e0
2.157303e-3 8.000000e-4 0.000000e0
2.112360e-3 8.000000e-4 0.000000e0
2.067416e-3 8.000000e-4 0.000000e0
2.022472e-3 8.000000e-4 0.000000e0
1.977528e-3 8.000000e-4 0.000000e0
1.932584e-3 8.000000e-4 0.000000e0
1.887640e-3 8.000000e-4 0.000000e0
1.842697e-3 8.000000e-4 0.000000e0
1.797753e-3 8.000000e-4 0.000000e0
1.752809e-3 8.000000e-4 0.000000e0
1.707865e-3 8.000000e-4 0.000000e0
1.662921e-3 8.000000e-4 0.000000e0
1.617978e-3 8.000000e-4 0.000000e0
1.573034e-3 8.000000e-4 0.000000e0
1.528090e-3 8.000000e-4 0.000000e0
1.483146e-3 8.000000e-4 0.000000e0
1.438202e-3 8.000000e-4 0.000000e0
1.393258e-3 8.000000e-4 0.000000e0
1.348315e-3 8.000000e-4 0.000000e0
1.303371e-3 8.000000e-4 0.000000e0
1.258427e-3 8.000000e-4 0.000000e0
1.213483e-3 8.000000e-4 0.000000e0
1.168539e-3 8.000000e-4 0.000000e0
1.123596e-3 8.000000e-4 0.000000e0
1.078652e-3 8.000000e-4 0.000000e0
1.033708e-3 8.000000e-4 0.000000e0
9.887640e-4 8.000000e-4 0.000000e0
9.438202e-4 8.000000e-4 0.000000e0
8.988764e-4 8.000000e-4 0.000000e0
8.539326e-4 8.000000e-4 0.000000e0
8.089888e-4 8.000000e-4 0.000000e0
7.640449e-4 8.000000e-4 0.000000e0
7.191011e-4 8.000000e-4 0.000000e0
6.741573e-4 8.000000e-4 0.000000e0
6.292135e-4 8.000000e-4 0.000000e0
5.842697e-4 8.000000e-4 0.000000e0
5.393258e-4 8.000000e-4 0.000000e0
4.943820e-4 8.000000e-4 0.000000e0
4.494382e-4 8.000000e-4 0.000000e0
4.044944e-4 8.000000e-4 0.000000e0
3.595506e-4 8.000000e-4 0.000000e0
3.146067e-4 8.000000e-4 0.000000e0
2.696629e-4 8.000000e-4 0.000000e0
2.247191e-4 8.000000e-4 0.000000e0
1.797753e-4 8.000000e-4 0.000000e0
1.348315e-4 8.000000e-4 0.000000e0
8.988764e-5 8.000000e-4 0.000000e0
4.494382e-5 8.000000e-4 0.000000e0
3.955056e-3 8.180000e-4 0.000000e0
3.910112e-3 8.180000e-4 0.000000e0
3.865169e-3 8.180000e-4 0.000000e0
3.820225e-3 8.180000e-4 0.000000e0
3.775281e-3 8.180000e-4 0.000000e0
3.730337e-3 8.180000e-4 0.000000e0
3.685393e-3 8.180000e-4 0.000000e0
3.640449e-3 8.180000e-4 0.000000e0
3.595506e-3 8.180000e-4 0.000000e0
3.550562e-3 8.180000e-4 0.000000e0
3.505618e-3 8.180000e-4 0.000000e0
3.460674e-3 8.180000e-4 0.000000e0
3.415730e-3 8.180000e-4 0.000000e0
3.370787e-3 8.180000e-4 0.000000e0
3.325843e-3 8.180000e-4 0.000000e0
3.280899e-3 8.180000e-4 0.000000e0
3.235955e-3 8.180000e-4 0.000000e0
3.191011e-3 8.180000e-4 0.000000e0
3.146067e-3 8.180000e-4 0.000000e0
3.101124e-3 8.180000e-4 0.000000e0
3.056180e-3 8.180000e-4 0.000000e0
3.011236e-3 8.180000e-4 0.000000e0
2.966292e-3 8.180000e-4 0.000000e0
2.921348e-3 8.180000e-4 0.000000e0
2.876404e-3 8.180000e-4 0.000000e0
2.831461e-3 8.180000e-4 0.000000e0
2.786517e-3 8.180000e-4 0.000000e0
2.741573e-3 8.180000e-4 0.000000e0
2.696629e-3 8.180000e-4 0.000000e0
2.651685e-3 8.180000e-4 0.000000e0
2.606742e-3 8.180000e-4 0.000000e0
2.561798e-3 8.180000e-4 0.000000e0
2.516854e-3 8.180000e-4 0.000000e0
2.471910e-3 8.180000e-4 0.000000e0
2.426966e-3 8.180000e-4 0.000000e0
2.382022e-3 8.180000e-4 0.000000e0
2.337079e-3 8.180000e-4 0.000000e0
2.292135e-3 8.180000e-4 0.000000e0
2.247191e-3 8.180000e-4 0.000000e0
2.202247e-3 8.180000e-4 0.000000e0
2.157303e-3 8.180000e-4 0.000000e0
2.112360e-3 8.180000e-4 0.000000e0
2.067416e-3 8.180000e-4 0.000000e0
2.022472e-3 8.180000e-4 0.000000e0
1.977528e-3 8.180000e-4 0.000000e0
1.932584e-3 8.180000e-4 0.000000e0
1.887640e-3 8.180000e-4 0.000000e0
1.842697e-3 8.180000e-4 0.000000e0
1.797753e-3 8.180000e-4 0.000000e0
1.752809e-3 8.180000e-4 0.000000e0
1.707865e-3 8.180000e-4 0.000000e0
1.662921e-3 8.180000e-4 0.000000e0
1.617978e-3 8.180000e-4 0.000000e0
1.573034e-3 8.180000e-4 0.000000e0
1.528090e-3 8.180000e-4 0.000000e0
1.483146e-3 8.180000e-4 0.000000e0
1.438202e-3 8.180000e-4 0.000000e0
1.393258e-3 8.180000e-4 0.000000e0
1.348315e-3 8.180000e-4 0.000000e0
1.303371e-3 8.180000e-4 0.000000e0
1.258427e-3 8.180000e-4 0.000000e0
1.213483e-3 8.180000e-4 0.000000e0
1.168539e-3 8.180000e-4 0.000000e0
1.123596e-3 8.180000e-4 0.000000e0
1.078652e-3 8.180000e-4 0.000000e0
1.033708e-3 8.180000e-4 0.000000e0
9.887640e-4 8.180000e-4 0.000000e0
9.438202e-4 8.180000e-4 0.000000e0
8.988764e-4 8.180000e-4 0.000000e0
8.539326e-4 8.180000e-4 0.000000e0
8.089888e-4 8.180000e-4 0.000000e0
7.640449e-4 8.180000e-4 0.000000e0
7.191011e-4 8.180000e-4 0.000000e0
6.741573e-4 8.180000e-4 0.000000e0
6.292135e-4 8.180000e-4 0.000000e0
5.842697e-4 8.180000e-4 0.000000e0
5.393258e-4 8.180000e-4 0.000000e0
4.943820e-4 8.180000e-4 0.000000e0
4.494382e-4 8.180000e-4 0.000000e0
4.044944e-4 8.180000e-4 0.000000e0
3.595506e-4 8.180000e-4 0.000000e0
3.146067e-4 8.180000e-4 0.000000e0
2.696629e-4 8.180000e-4 0.000000e0
2.247191e-4 8.180000e-4 0.000000e0
1.797753e-4 8.180000e-4 0.000000e0
1.348315e-4 8.180000e-4 0.000000e0
8.988764e-5 8.180000e-4 0.000000e0
4.494382e-5 8.180000e-4 0.000000e0
3.955056e-3 8.480000e-4 0.000000e0
3.910112e-3 8.480000e-4 0.000000e0
3.865169e-3 8.480000e-4 0.000000e0
3.820225e-3 8.480000e-4 0.000000e0
3.775281e-3 8.480000e-4 0.000000e0
3.730337e-3 8.480000e-4 0.000000e0
3.685393e-3 8.480000e-4 0.000000e0
3.640449e-3 8.480000e-4 0.000000e0
3.595506e-3 8.480000e-4 0.000000e0
3.550562e-3 8.480000e-4 0.000000e0
3.505618e-3 8.480000e-4 0.000000e0
3.460674e-3 8.480000e-4 0.000000e0
3.415730e-3 8.480000e-4 0.000000e0
3.370787e-3 8.480000e-4 0.000000e0
3.325843e-3 8.480000e-4 0.000000e0
3.280899e-3 8.480000e-4 0.000000e0
3.235955e-3 8.480000e-4 0.000000e0
3.191011e-3 8.480000e-4 0.000000e0
3.146067e-3 8.480000e-4 0.000000e0
3.101124e-3 8.480000e-4 0.000000e0
3.056180e-3 8.480000e-4 0.000000e0
3.011236e-3 8.480000e-4 0.000000e0
2.966292e-3 8.480000e-4 0.000000e0
2.921348e-3 8.480000e-4 0.000000e0
2.876404e-3 8.480000e-4 0.000000e0
2.831461e-3 8.480000e-4 0.000000e0
2.786517e-3 8.480000e-4 0.000000e0
2.741573e-3 8.480000e-4 0.000000e0
2.696629e-3 8.480000e-4 0.000000e0
2.651685e-3 8.480000e-4 0.000000e0
2.606742e-3 8.480000e-4 0.000000e0
2.561798e-3 8.480000e-4 0.000000e0
2.516854e-3 8.480000e-4 0.000000e0
2.471910e-3 8.480000e-4 0.000000e0
2.426966e-3 8.480000e-4 0.000000e0
2.382022e-3 8.480000e-4 0.000000e0
2.337079e-3 8.480000e-4 0.000000e0
2.292135e-3 8.480000e-4 0.000000e0
2.247191e-3 8.480000e-4 0.000000e0
2.202247e-3 8.480000e-4 0.000000e0
2.157303e-3 8.480000e-4 0.000000e0
2.112360e-3 8.480000e-4 0.000000e0
2.067416e-3 8.480000e-4 0.000000e0
2.022472e-3 8.480000e-4 0.000000e0
1.977528e-3 8.480000e-4 0.000000e0
1.932584e-3 8.480000e-4 0.000000e0
1.887640e-3 8.480000e-4 0.000000e0
1.842697e-3 8.480000e-4 0.000000e0
1.797753e-3 8.480000e-4 0.000000e0
1.752809e-3 8.480000e-4 0.000000e0
1.707865e-3 8.480000e-4 0.000000e0
1.662921e-3 8.480000e-4 0.000000e0
1.617978e-3 8.480000e-4 0.000000e0
1.573034e-3 8.480000e-4 0.000000e0
1.528090e-3 8.480000e-4 0.000000e0
1.483146e-3 8.480000e-4 0.000000e0
1.438202e-3 8.480000e-4 0.000000e0
1.393258e-3 8.480000e-4 0.000000e0
1.348315e-3 8.480000e-4 0.000000e0
1.303371e-3 8.480000e-4 0.000000e0
1.258427e-3 8.480000e-4 0.000000e0
1.213483e-3 8.480000e-4 0.000000e0
1.168539e-3 8.480000e-4 0.000000e0
1.123596e-3 8.480000e-4 0.000000e0
1.078652e-3 8.480000e-4 0.000000e0
1.033708e-3 8.480000e-4 0.000000e0
9.887640e-4 8.480000e-4 0.000000e0
9.438202e-4 8.480000e-4 0.000000e0
8.988764e-4 8.480000e-4 0.000000e0
8.539326e-4 8.480000e-4 0.000000e0
8.089888e-4 8.480000e-4 0.000000e0
7.640449e-4 8.480000e-4 0.000000e0
7.191011e-4 8.480000e-4 0.000000e0
6.741573e-4 8.480000e-4 0.000000e0
6.292135e-4 8.480000e-4 0.000000e0
5.842697e-4 8.480000e-4 0.000000e0
5.393258e-4 8.480000e-4 0.000000e0
4.943820e-4 8.480000e-4 0.000000e0
4.494382e-4 8.480000e-4 0.000000e0
4.044944e-4 8.480000e-4 0.000000e0
3.595506e-4 8.480000e-4 0.000000e0
3.146067e-4 8.480000e-4 0.000000e0
2.696629e-4 8.480000e-4 0.000000e0
2.247191e-4 8.480000e-4 0.000000e0
1.797753e-4 8.480000e-4 0.000000e0
1.348315e-4 8.480000e-4 0.000000e0
8.988764e-5 8.480000e-4 0.000000e0
4.494382e-5 8.480000e-4 0.000000e0
3.955056e-3 8.660000e-4 0.000000e0
3.910112e-3 8.660000e-4 0.000000e0
3.865169e-3 8.660000e-4 0.000000e0
3.820225e-3 8.660000e-4 0.000000e0
3.775281e-3 8.660000e-4 0.000000e0
3.730337e-3 8.660000e-4 0.000000e0
3.685393e-3 8.660000e-4 0.000000e0
3.640449e-3 8.660000e-4 0.000000e0
3.595506e-3 8.660000e-4 0.000000e0
3.550562e-3 8.660000e-4 0.000000e0
3.505618e-3 8.660000e-4 0.000000e0
3.460674e-3 8.660000e-4 0.000000e0
3.415730e-3 8.660000e-4 0.000000e0
3.370787e-3 8.660000e-4 0.000000e0
3.325843e-3 8.660000e-4 0.000000e0
3.280899e-3 8.660000e-4 0.000000e0
3.235955e-3 8.660000e-4 0.000000e0
3.191011e-3 8.660000e-4 0.000000e0
3.146067e-3 8.660000e-4 0.000000e0
3.101124e-3 8.660000e-4 0.000000e0
3.056180e-3 8.660000e-4 0.000000e0
3.011236e-3 8.660000e-4 0.000000e0
2.966292e-3 8.660000e-4 0.000000e0
2.921348e-3 8.660000e-4 0.000000e0
2.876404e-3 8.660000e-4 0.000000e0
2.831461e-3 8.660000e-4 0.000000e0
2.786517e-3 8.660000e-4 0.000000e0
2.741573e-3 8.660000e-4 0.000000e0
2.696629e-3 8.660000e-4 0.000000e0
2.651685e-3 8.660000e-4 0.000000e0
2.606742e-3 8.660000e-4 0.000000e0
2.561798e-3 8.660000e-4 0.000000e0
2.516854e-3 8.660000e-4 0.000000e0
2.471910e-3 8.660000e-4 0.000000e0
2.426966e-3 8.660000e-4 0.000000e0
2.382022e-3 8.660000e-4 0.000000e0
2.337079e-3 8.660000e-4 0.000000e0
2.292135e-3 8.660000e-4 0.000000e0
2.247191e-3 8.660000e-4 0.000000e0
2.202247e-3 8.660000e-4 0.000000e0
2.157303e-3 8.660000e-4 0.000000e0
2.112360e-3 8.660000e-4 0.000000e0
2.067416e-3 8.660000e-4 0.000000e0
2.022472e-3 8.660000e-4 0.000000e0
1.977528e-3 8.660000e-4 0.000000e0
1.932584e-3 8.660000e-4 0.000000e0
1.887640e-3 8.660000e-4 0.000000e0
1.842697e-3 8.660000e-4 0.000000e0
1.797753e-3 8.660000e-4 0.000000e0
1.752809e-3 8.660000e-4 0.000000e0
1.707865e-3 8.660000e-4 0.000000e0
1.662921e-3 8.660000e-4 0.000000e0
1.617978e-3 8.660000e-4 0.000000e0
1.573034e-3 8.660000e-4 0.000000e0
1.528090e-3 8.660000e-4 0.000000e0
1.483146e-3 8.660000e-4 0.000000e0
1.438202e-3 8.660000e-4 0.000000e0
1.393258e-3 8.660000e-4 0.000000e0
1.348315e-3 8.660000e-4 0.000000e0
1.303371e-3 8.660000e-4 0.000000e0
1.258427e-3 8.660000e-4 0.000000e0
1.213483e-3 8.660000e-4 0.000000e0
1.168539e-3 8.660000e-4 0.000000e0
1.123596e-3 8.660000e-4 0.000000e0
1.078652e-3 8.660000e-4 0.000000e0
1.033708e-3 8.660000e-4 0.000000e0
9.887640e-4 8.660000e-4 0.000000e0
9.438202e-4 8.660000e-4 0.000000e0
8.988764e-4 8.660000e-4 0.000000e0
8.539326e-4 8.660000e-4 0.000000e0
8.089888e-4 8.660000e-4 0.000000e0
7.640449e-4 8.660000e-4 0.000000e0
7.191011e-4 8.660000e-4 0.000000e0
6.741573e-4 8.660000e-4 0.000000e0
6.292135e-4 8.660000e-4 0.000000e0
5.842697e-4 8.660000e-4 0.000000e0
5.393258e-4 8.660000e-4 0.000000e0
4.943820e-4 8.660000e-4 0.000000e0
4.494382e-4 8.660000e-4 0.000000e0
4.044944e-4 8.660000e-4 0.000000e0
3.595506e-4 8.660000e-4 0.000000e0
3.146067e-4 8.660000e-4 0.000000e0
2.696629e-4 8.660000e-4 0.000000e0
2.247191e-4 8.660000e-4 0.000000e0
1.797753e-4 8.660000e-4 0.000000e0
1.348315e-4 8.660000e-4 0.000000e0
8.988764e-5 8.660000e-4 0.000000e0
4.494382e-5 8.660000e-4 0.000000e0
3.955056e-3 1.066000e-3 0.000000e0
3.910112e-3 1.066000e-3 0.000000e0
3.865169e-3 1.066000e-3 0.000000e0
3.820225e-3 1.066000e-3 0.000000e0
3.775281e-3 1.066000e-3 0.000000e0
3.730337e-3 1.066000e-3 0.000000e0
3.685393e-3 1.066000e-3 0.000000e0
3.640449e-3 1.066000e-3 0.000000e0
3.595506e-3 1.066000e-3 0.000000e0
3.550562e-3 1.066000e-3 0.000000e0
3.505618e-3 1.066000e-3 0.000000e0
3.460674e-3 1.066000e-3 0.000000e0
3.415730e-3 1.066000e-3 0.000000e0
3.370787e-3 1.066000e-3 0.000000e0
3.325843e-3 1.066000e-3 0.000000e0
3.280899e-3 1.066000e-3 0.000000e0
3.235955e-3 1.066000e-3 0.000000e0
3.191011e-3 1.066000e-3 0.000000e0
3.146067e-3 1.066000e-3 0.000000e0
3.101124e-3 1.066000e-3 0.000000e0
3.056180e-3 1.066000e-3 0.000000e0
3.011236e-3 1.066000e-3 0.000000e0
2.966292e-3 1.066000e-3 0.000000e0
2.921348e-3 1.066000e-3 0.000000e0
2.876404e-3 1.066000e-3 0.000000e0
2.831461e-3 1.066000e-3 0.000000e0
2.786517e-3 1.066000e-3 0.000000e0
2.741573e-3 1.066000e-3 0.000000e0
2.696629e-3 1.066000e-3 0.000000e0
2.651685e-3 1.066000e-3 0.000000e0
2.606742e-3 1.066000e-3 0.000000e0
2.561798e-3 1.066000e-3 0.000000e0
2.516854e-3 1.066000e-3 0.000000e0
2.471910e-3 1.066000e-3 0.000000e0
2.426966e-3 1.066000e-3 0.000000e0
2.382022e-3 1.066000e-3 0.000000e0
2.337079e-3 1.066000e-3 0.000000e0
2.292135e-3 1.066000e-3 0.000000e0
2.247191e-3 1.066000e-3 0.000000e0
2.202247e-3 1.066000e-3 0.000000e0
2.157303e-3 1.066000e-3 0.000000e0
2.112360e-3 1.066000e-3 0.000000e0
2.067416e-3 1.066000e-3 0.000000e0
2.022472e-3 1.066000e-3 0.000000e0
1.977528e-3 1.066000e-3 0.000000e0
1.932584e-3 1.066000e-3 0.000000e0
1.887640e-3 1.066000e-3 0.000000e0
1.842697e-3 1.066000e-3 0.000000e0
1.797753e-3 1.066000e-3 0.000000e0
1.752809e-3 1.066000e-3 0.000000e0
1.707865e-3 1.066000e-3 0.000000e0
1.662921e-3 1.066000e-3 0.000000e0
1.617978e-3 1.066000e-3 0.000000e0
1.573034e-3 1.066000e-3 0.000000e0
1.528090e-3 1.066000e-3 0.000000e0
1.483146e-3 1.066000e-3 0.000000e0
1.438202e-3 1.066000e-3 0.000000e0
1.393258e-3 1.066000e-3 0.000000e0
1.348315e-3 1.066000e-3 0.000000e0
1.303371e-3 1.066000e-3 0.000000e0
1.258427e-3 1.066000e-3 0.000000e0
1.213483e-3 1.066000e-3 0.000000e0
1.168539e-3 1.066000e-3 0.000000e0
1.123596e-3 1.066000e-3 0.000000e0
1.078652e-3 1.066000e-3 0.000000e0
1.033708e-3 1.066000e-3 0.000000e0
9.887640e-4 1.066000e-3 0.000000e0
9.438202e-4 1.066000e-3 0.000000e0
8.988764e-4 1.066000e-3 0.000000e0
8.539326e-4 1.066000e-3 0.000000e0
8.089888e-4 1.066000e-3 0.000000e0
7.640449e-4 1.066000e-3 0.000000e0
7.191011e-4 1.066000e-3 0.000000e0
6.741573e-4 1.066000e-3 0.000000e0
6.292135e-4 1.066000e-3 0.000000e0
5.842697e-4 1.066000e-3 0.000000e0
5.393258e-4 1.066000e-3 0.000000e0
4.943820e-4 1.066000e-3 0.000000e0
4.494382e-4 1.066000e-3 0.000000e0
4.044944e-4 1.066000e-3 0.000000e0
3.595506e-4 1.066000e-3 0.000000e0
3.146067e-4 1.066000e-3 0.000000e0
2.696629e-4 1.066000e-3 0.000000e0
2.247191e-4 1.066000e-3 0.000000e0
1.797753e-4 1.066000e-3 0.000000e0
1.348315e-4 1.066000e-3 0.000000e0
8.988764e-5 1.066000e-3 0.000000e0
4.494382e-5 1.066000e-3 0.000000e0
3.955056e-3 1.084000e-3 0.000000e0
3.910112e-3 1.084000e-3 0.000000e0
3.865169e-3 1.084000e-3 0.000000e0
3.820225e-3 1.084000e-3 0.000000e0
3.775281e-3 1.084000e-3 0.000000e0
3.730337e-3 1.084000e-3 0.000000e0
3.685393e-3 1.084000e-3 0.000000e0
3.640449e-3 1.084000e-3 0.000000e0
3.595506e-3 1.084000e-3 0.000000e0
3.550562e-3 1.084000e-3 0.000000e0
3.505618e-3 1.084000e-3 0.000000e0
3.460674e-3 1.084000e-3 0.000000e0
3.415730e-3 1.084000e-3 0.000000e0
3.370787e-3 1.084000e-3 0.000000e0
3.325843e-3 1.084000e-3 0.000000e0
3.280899e-3 1.084000e-3 0.000000e0
3.235955e-3 1.084000e-3 0.000000e0
3.191011e-3 1.084000e-3 0.000000e0
3.146067e-3 1.084000e-3 0.000000e0
3.101124e-3 1.084000e-3 0.000000e0
3.056180e-3 1.084000e-3 0.000000e0
3.011236e-3 1.084000e-3 0.000000e0
2.966292e-3 1.084000e-3 0.000000e0
2.921348e-3 1.084000e-3 0.000000e0
2.876404e-3 1.084000e-3 0.000000e0
2.831461e-3 1.084000e-3 0.000000e0
2.786517e-3 1.084000e-3 0.000000e0
2.741573e-3 1.084000e-3 0.000000e0
2.696629e-3 1.084000e-3 0.000000e0
2.651685e-3 1.084000e-3 0.000000e0
2.606742e-3 1.084000e-3 0.000000e0
2.561798e-3 1.084000e-3 0.000000e0
2.516854e-3 1.084000e-3 0.000000e0
2.471910e-3 1.084000e-3 0.000000e0
2.426966e-3 1.084000e-3 0.000000e0
2.382022e-3 1.084000e-3 0.000000e0
2.337079e-3 1.084000e-3 0.000000e0
2.292135e-3 1.084000e-3 0.000000e0
2.247191e-3 1.084000e-3 0.000000e0
2.202247e-3 1.084000e-3 0.000000e0
2.157303e-3 1.084000e-3 0.000000e0
2.112360e-3 1.084000e-3 0.000000e0
2.067416e-3 1.084000e-3 0.000000e0
2.022472e-3 1.084000e-3 0.000000e0
1.977528e-3 1.084000e-3 0.000000e0
1.932584e-3 1.084000e-3 0.000000e0
1.887640e-3 1.084000e-3 0.000000e0
1.842697e-3 1.084000e-3 0.000000e0
1.797753e-3 1.084000e-3 0.000000e0
1.752809e-3 1.084000e-3 0.000000e0
1.707865e-3 1.084000e-3 0.000000e0
1.662921e-3 1.084000e-3 0.000000e0
1.617978e-3 1.084000e-3 0.000000e0
1.573034e-3 1.084000e-3 0.000000e0
1.528090e-3 1.084000e-3 0.000000e0
1.483146e-3 1.084000e-3 0.000000e0
1.438202e-3 1.084000e-3 0.000000e0
1.393258e-3 1.084000e-3 0.000000e0
1.348315e-3 1.084000e-3 0.000000e0
1.303371e-3 1.084000e-3 0.000000e0
1.258427e-3 1.084000e-3 0.000000e0
1.213483e-3 1.084000e-3 0.000000e0
1.168539e-3 1.084000e-3 0.000000e0
1.123596e-3 1.084000e-3 0.000000e0
1.078652e-3 1.084000e-3 0.000000e0
1.033708e-3 1.084000e-3 0.000000e0
9.887640e-4 1.084000e-3 0.000000e0
9.438202e-4 1.084000e-3 0.000000e0
8.988764e-4 1.084000e-3 0.000000e0
8.539326e-4 1.084000e-3 0.000000e0
8.089888e-4 1.084000e-3 0.000000e0
7.640449e-4 1.084000e-3 0.000000e0
7.191011e-4 1.084000e-3 0.000000e0
6.741573e-4 1.084000e-3 0.000000e0
6.292135e-4 1.084000e-3 0.000000e0
5.842697e-4 1.084000e-3 0.000000e0
5.393258e-4 1.084000e-3 0.000000e0
4.943820e-4 1.084000e-3 0.000000e0
4.494382e-4 1.084000e-3 0.000000e0
4.044944e-4 1.084000e-3 0.000000e0
3.595506e-4 1.084000e-3 0.000000e0
3.146067e-4 1.084000e-3 0.000000e0
2.696629e-4 1.084000e-3 0.000000e0
2.247191e-4 1.084000e-3 0.000000e0
1.797753e-4 1.084000e-3 0.000000e0
1.348315e-4 1.084000e-3 0.000000e0
8.988764e-5 1.084000e-3 0.000000e0
4.494382e-5 1.084000e-3 0.000000e0
3.955056e-3 1.114000e-3 0.000000e0
3.910112e-3 1.114000e-3 0.000000e0
3.865169e-3 1.114000e-3 0.000000e0
3.820225e-3 1.114000e-3 0.000000e0
3.775281e-3 1.114000e-3 0.000000e0
3.730337e-3 1.114000e-3 0.000000e0
3.685393e-3 1.114000e-3 0.000000e0
3.640449e-3 1.114000e-3 0.000000e0
3.595506e-3 1.114000e-3 0.000000e0
3.550562e-3 1.114000e-3 0.000000e0
3.505618e-3 1.114000e-3 0.000000e0
3.460674e-3 1.114000e-3 0.000000e0
3.415730e-3 1.114000e-3 0.000000e0
3.370787e-3 1.114000e-3 0.000000e0
3.325843e-3 1.114000e-3 0.000000e0
3.280899e-3 1.114000e-3 0.000000e0
3.235955e-3 1.114000e-3 0.000000e0
3.191011e-3 1.114000e-3 0.000000e0
3.146067e-3 1.114000e-3 0.000000e0
3.101124e-3 1.114000e-3 0.000000e0
3.056180e-3 1.114000e-3 0.000000e0
3.011236e-3 1.114000e-3 0.000000e0
2.966292e-3 1.114000e-3 0.000000e0
2.921348e-3 1.114000e-3 0.000000e0
2.876404e-3 1.114000e-3 0.000000e0
2.831461e-3 1.114000e-3 0.000000e0
2.786517e-3 1.114000e-3 0.000000e0
2.741573e-3 1.114000e-3 0.000000e0
2.696629e-3 1.114000e-3 0.000000e0
2.651685e-3 1.114000e-3 0.000000e0
2.606742e-3 1.114000e-3 0.000000e0
2.561798e-3 1.114000e-3 0.000000e0
2.516854e-3 1.114000e-3 0.000000e0
2.471910e-3 1.114000e-3 0.000000e0
2.426966e-3 1.114000e-3 0.000000e0
2.382022e-3 1.114000e-3 0.000000e0
2.337079e-3 1.114000e-3 0.000000e0
2.292135e-3 1.114000e-3 0.000000e0
2.247191e-3 1.114000e-3 0.000000e0
2.202247e-3 1.114000e-3 0.000000e0
2.157303e-3 1.114000e-3 0.000000e0
2.112360e-3 1.114000e-3 0.000000e0
2.067416e-3 1.114000e-3 0.000000e0
2.022472e-3 1.114000e-3 0.000000e0
1.977528e-3 1.114000e-3 0.000000e0
1.932584e-3 1.114000e-3 0.000000e0
1.887640e-3 1.114000e-3 0.000000e0
1.842697e-3 1.114000e-3 0.000000e0
1.797753e-3 1.114000e-3 0.000000e0
1.752809e-3 1.114000e-3 0.000000e0
1.707865e-3 1.114000e-3 0.000000e0
1.662921e-3 1.114000e-3 0.000000e0
1.617978e-3 1.114000e-3 0.000000e0
1.573034e-3 1.114000e-3 0.000000e0
1.528090e-3 1.114000e-3 0.000000e0
1.483146e-3 1.114000e-3 0.000000e0
1.438202e-3 1.114000e-3 0.000000e0
1.393258e-3 1.114000e-3 0.000000e0
1.348315e-3 1.114000e-3 0.000000e0
1.303371e-3 1.114000e-3 0.000000e0
1.258427e-3 1.114000e-3 0.000000e0
1.213483e-3 1.114000e-3 0.000000e0
1.168539e-3 1.114000e-3 0.000000e0
1.123596e-3 1.114000e-3 0.000000e0
1.078652e-3 1.114000e-3 0.000000e0
1.033708e-3 1.114000e-3 0.000000e0
9.887640e-4 1.114000e-3 0.000000e0
9.438202e-4 1.114000e-3 0.000000e0
8.988764e-4 1.114000e-3 0.000000e0
8.539326e-4 1.114000e-3 0.000000e0
8.089888e-4 1.114000e-3 0.000000e0
7.640449e-4 1.114000e-3 0.000000e0
7.191011e-4 1.114000e-3 0.000000e0
6.741573e-4 1.114000e-3 0.000000e0
6.292135e-4 1.114000e-3 0.000000e0
5.842697e-4 1.114000e-3 0.000000e0
5.393258e-4 1.114000e-3 0.000000e0
4.943820e-4 1.114000e-3 0.000000e0
4.494382e-4 1.114000e-3 0.000000e0
4.044944e-4 1.114000e-3 0.000000e0
3.595506e-4 1.114000e-3 0.000000e0
3.146067e-4 1.114000e-3 0.000000e0
2.696629e-4 1.114000e-3 0.000000e0
2.247191e-4 1.114000e-3 0.000000e0
1.797753e-4 1.114000e-3 0.000000e0
1.348315e-4 1.114000e-3 0.000000e0
8.988764e-5 1.114000e-3 0.000000e0
4.494382e-5 1.114000e-3 0.000000e0
3.955056e-3 1.132000e-3 0.000000e0
3.910112e-3 1.132000e-3 0.000000e0
3.865169e-3 1.132000e-3 0.000000e0
3.820225e-3 1.132000e-3 0.000000e0
3.775281e-3 1.132000e-3 0.000000e0
3.730337e-3 1.132000e-3 0.000000e0
3.685393e-3 1.132000e-3 0.000000e0
3.640449e-3 1.132000e-3 0.000000e0
3.595506e-3 1.132000e-3 0.000000e0
3.550562e-3 1.132000e-3 0.000000e0
3.505618e-3 1.132000e-3 0.000000e0
3.460674e-3 1.132000e-3 0.000000e0
3.415730e-3 1.132000e-3 0.000000e0
3.370787e-3 1.132000e-3 0.000000e0
3.325843e-3 1.132000e-3 0.000000e0
3.280899e-3 1.132000e-3 0.000000e0
3.235955e-3 1.132000e-3 0.000000e0
3.191011e-3 1.132000e-3 0.000000e0
3.146067e-3 1.132000e-3 0.000000e0
3.101124e-3 1.132000e-3 0.000000e0
3.056180e-3 1.132000e-3 0.000000e0
3.011236e-3 1.132000e-3 0.000000e0
2.966292e-3 1.132000e-3 0.000000e0
2.921348e-3 1.132000e-3 0.000000e0
2.876404e-3 1.132000e-3 0.000000e0
2.831461e-3 1.132000e-3 0.000000e0
2.786517e-3 1.132000e-3 0.000000e0
2.741573e-3 1.132000e-3 0.000000e0
2.696629e-3 1.132000e-3 0.000000e0
2.651685e-3 1.132000e-3 0.000000e0
2.606742e-3 1.132000e-3 0.000000e0
2.561798e-3 1.132000e-3 0.000000e0
2.516854e-3 1.132000e-3 0.000000e0
2.471910e-3 1.132000e-3 0.000000e0
2.426966e-3 1.132000e-3 0.000000e0
2.382022e-3 1.132000e-3 0.000000e0
2.337079e-3 1.132000e-3 0.000000e0
2.292135e-3 1.132000e-3 0.000000e0
2.247191e-3 1.132000e-3 0.000000e0
2.202247e-3 1.132000e-3 0.000000e0
2.157303e-3 1.132000e-3 0.000000e0
2.112360e-3 1.132000e-3 0.000000e0
2.067416e-3 1.132000e-3 0.000000e0
2.022472e-3 1.132000e-3 0.000000e0
1.977528e-3 1.132000e-3 0.000000e0
1.932584e-3 1.132000e-3 0.000000e0
1.887640e-3 1.132000e-3 0.000000e0
1.842697e-3 1.132000e-3 0.000000e0
1.797753e-3 1.132000e-3 0.000000e0
1.752809e-3 1.132000e-3 0.000000e0
1.707865e-3 1.132000e-3 0.000000e0
1.662921e-3 1.132000e-3 0.000000e0
1.617978e-3 1.132000e-3 0.000000e0
1.573034e-3 1.132000e-3 0.000000e0
1.528090e-3 1.132000e-3 0.000000e0
1.483146e-3 1.132000e-3 0.000000e0
1.438202e-3 1.132000e-3 0.000000e0
1.393258e-3 1.132000e-3 0.000000e0
1.348315e-3 1.132000e-3 0.000000e0
1.303371e-3 1.132000e-3 0.000000e0
1.258427e-3 1.132000e-3 0.000000e0
1.213483e-3 1.132000e-3 0.000000e0
1.168539e-3 1.132000e-3 0.000000e0
1.123596e-3 1.132000e-3 0.000000e0
1.078652e-3 1.132000e-3 0.000000e0
1.033708e-3 1.132000e-3 0.000000e0
9.887640e-4 1.132000e-3 0.000000e0
9.438202e-4 1.132000e-3 0.000000e0
8.988764e-4 1.132000e-3 0.000000e0
8.539326e-4 1.132000e-3 0.000000e0
8.089888e-4 1.132000e-3 0.000000e0
7.640449e-4 1.132000e-3 0.000000e0
7.191011e-4 1.132000e-3 0.000000e0
6.741573e-4 1.132000e-3 0.000000e0
6.292135e-4 1.132000e-3 0.000000e0
5.842697e-4 1.132000e-3 0.000000e0
5.393258e-4 1.132000e-3 0.000000e0
4.943820e-4 1.132000e-3 0.000000e0
4.494382e-4 1.132000e-3 0.000000e0
4.044944e-4 1.132000e-3 0.000000e0
3.595506e-4 1.132000e-3 0.000000e0
3.146067e-4 1.132000e-3 0.000000e0
2.696629e-4 1.132000e-3 0.000000e0
2.247191e-4 1.132000e-3 0.000000e0
1.797753e-4 1.132000e-3 0.000000e0
1.348315e-4 1.132000e-3 0.000000e0
8.988764e-5 1.132000e-3 0.000000e0
4.494382e-5 1.132000e-3 0.000000e0
3.555555e-3 1.932000e-3 0.000000e0
3.111111e-3 1.932000e-3 0.000000e0
2.666668e-3 1.932000e-3 0.000000e0
2.222223e-3 1.932000e-3 0.000000e0
1.777777e-3 1.932000e-3 0.000000e0
1.333332e-3 1.932000e-3 0.000000e0
8.888894e-4 1.932000e-3 0.000000e0
4.444455e-4 1.932000e-3 0.000000e0
5.000000e-4 -5.000000e-4 -1.000000e-3
1.000000e-3 -5.000000e-4 -1.000000e-3
1.500000e-3 -5.000000e-4 -1.000000e-3
2.000000e-3 -5.000000e-4 -1.000000e-3
2.500000e-3 -5.000000e-4 -1.000000e-3
3.000000e-3 -5.000000e-4 -1.000000e-3
3.500000e-3 -5.000000e-4 -1.000000e-3
5.000000e-4 -5.000000e-4 1.000000e-3
1.000000e-3 -5.000000e-4 1.000000e-3
1.500000e-3 -5.000000e-4 1.000000e-3
2.000000e-3 -5.000000e-4 1.000000e-3
2.500000e-3 -5.000000e-4 1.000000e-3
3.000000e-3 -5.000000e-4 1.000000e-3
3.500000e-3 -5.000000e-4 1.000000e-3
5.000000e-4 2.432000e-3 -1.000000e-3
1.000000e-3 2.432000e-3 -1.000000e-3
1.500000e-3 2.432000e-3 -1.000000e-3
2.000000e-3 2.432000e-3 -1.000000e-3
2.500000e-3 2.432000e-3 -1.000000e-3
3.000000e-3 2.432000e-3 -1.000000e-3
3.500000e-3 2.432000e-3 -1.000000e-3
5.000000e-4 2.432000e-3 1.000000e-3
1.000000e-3 2.432000e-3 1.000000e-3
1.500000e-3 2.432000e-3 1.000000e-3
2.000000e-3 2.432000e-3 1.000000e-3
2.500000e-3 2.432000e-3 1.000000e-3
3.000000e-3 2.432000e-3 1.000000e-3
3.500000e-3 2.432000e-3 1.000000e-3
3.595675e-3 7.513611e-4 0.000000e0
3.502437e-4 7.581429e-4 0.000000e0
1.071142e-3 7.577823e-4 0.000000e0
8.423430e-4 7.499272e-4 0.000000e0
1.521078e-3 7.542474e-4 0.000000e0
1.294050e-3 7.550887e-4 0.000000e0
2.515444e-3 7.645437e-4 0.000000e0
2.775357e-3 7.470392e-4 0.000000e0
3.276454e-3 7.620762e-4 0.000000e0
2.958960e-3 7.551960e-4 0.000000e0
6.253035e-4 7.616401e-4 0.000000e0
1.881621e-3 7.477978e-4 0.000000e0
2.292135e-3 7.550562e-4 0.000000e0
2.067416e-3 7.550562e-4 0.000000e0
3.730544e-3 7.582671e-4 0.000000e0
3.108081e-3 7.588892e-4 0.000000e0
1.665040e-3 7.618924e-4 0.000000e0
1.794879e-4 7.617865e-4 0.000000e0
3.897649e-3 5.224123e-4 0.000000e0
3.819940e-3 7.617855e-4 0.000000e0
9.211070e-4 3.827257e-4 0.000000e0
3.596030e-3 4.865872e-4 0.000000e0
3.420531e-3 7.537563e-4 0.000000e0
3.111111e-3 4.444429e-4 0.000000e0
2.720442e-3 4.731692e-4 0.000000e0
1.775545e-3 4.445356e-4 0.000000e0
3.944020e-3 7.131135e-4 0.000000e0
4.319538e-5 7.446281e-4 0.000000e0
2.247191e-4 7.550562e-4 0.000000e0
2.827675e-4 7.611464e-4 0.000000e0
3.505618e-3 7.550562e-4 0.000000e0
5.537123e-4 7.604444e-4 0.000000e0
3.199786e-3 7.617332e-4 0.000000e0
7.752496e-4 7.617505e-4 0.000000e0
2.880681e-3 7.731683e-4 0.000000e0
9.952888e-4 7.554271e-4 0.000000e0
2.696967e-3 7.510782e-4 0.000000e0
1.221598e-3 7.509384e-4 0.000000e0
2.587113e-3 7.516157e-4 0.000000e0
2.433956e-3 7.566634e-4 0.000000e0
1.440518e-3 7.534506e-4 0.000000e0
1.800201e-3 7.591368e-4 0.000000e0
1.978044e-3 7.529737e-4 0.000000e0
8.968985e-5 7.535647e-4 0.000000e0
3.954998e-3 7.609355e-4 0.000000e0
3.866634e-3 7.511401e-4 0.000000e0
3.437540e-4 3.809232e-4 0.000000e0
1.904010e-4 7.092415e-4 0.000000e0
1.421220e-3 3.855865e-4 0.000000e0
2.128300e-3 3.505240e-4 0.000000e0
3.681692e-3 7.513548e-4 0.000000e0
3.809043e-3 6.996188e-4 0.000000e0
3.923288e-3 6.371169e-4 0.000000e0
3.913796e-3 7.513729e-4 0.000000e0
1.417715e-4 7.447494e-4 0.000000e0
3.775412e-3 7.462883e-4 0.000000e0
5.383674e-4 3.505215e-4 0.000000e0
1.228751e-3 3.750360e-4 0.000000e0
5.755352e-5 6.813678e-4 0.000000e0
3.867058e-3 4.081309e-4 0.000000e0
3.737474e-3 7.109199e-4 0.000000e0
6.020907e-4 6.020890e-4 0.000000e0
1.158192e-3 5.941983e-4 0.000000e0
8.703578e-5 5.883261e-4 0.000000e0
3.740620e-3 6.289155e-4 0.000000e0
1.226400e-4 6.840987e-4 0.000000e0
3.695314e-3 2.835387e-4 0.000000e0
3.877613e-3 6.906187e-4 0.000000e0
3.669790e-3 6.854269e-4 0.000000e0
1.869352e-4 6.249764e-4 0.000000e0
3.748596e-3 4.994013e-4 0.000000e0
7.472070e-4 3.845020e-4 0.000000e0
1.487032e-4 4.517397e-4 0.000000e0
3.826750e-3 6.037123e-4 0.000000e0
4.081824e-4 5.734742e-4 0.000000e0
3.589778e-3 6.648684e-4 0.000000e0
2.808140e-4 7.047133e-4 0.000000e0
1.674507e-4 2.245430e-4 0.000000e0
8.066066e-4 5.813858e-4 0.000000e0
3.665175e-3 5.861011e-4 0.000000e0
9.921842e-4 5.820998e-4 0.000000e0
7.315847e-4 7.421398e-4 0.000000e0
3.491019e-3 6.121419e-4 0.000000e0
2.927821e-4 5.733941e-4 0.000000e0
3.527330e-3 6.932951e-4 0.000000e0
3.385649e-3 4.480290e-4 0.000000e0
6.779651e-4 7.512484e-4 0.000000e0
7.958991e-4 7.021408e-4 0.000000e0
1.079530e-3 4.347101e-4 0.000000e0
4.513031e-4 6.925285e-4 0.000000e0
3.465457e-3 6.995067e-4 0.000000e0
3.652566e-4 6.755982e-4 0.000000e0
3.380845e-3 6.988173e-4 0.000000e0
1.124007e-3 7.728493e-4 0.000000e0
4.497401e-4 7.658579e-4 0.000000e0
6.108836e-4 7.128494e-4 0.000000e0
7.041716e-4 6.819755e-4 0.000000e0
4.042076e-4 7.384255e-4 0.000000e0
4.925834e-4 7.471607e-4 0.000000e0
3.350597e-3 6.127914e-4 0.000000e0
1.090322e-3 2.384943e-4 0.000000e0
1.119931e-3 7.371872e-4 0.000000e0
3.325843e-3 7.550562e-4 0.000000e0
3.374501e-3 7.519074e-4 0.000000e0
1.168318e-3 7.609187e-4 0.000000e0
5.345365e-4 6.863927e-4 0.000000e0
1.071508e-3 6.885444e-4 0.000000e0
3.273567e-3 7.027804e-4 0.000000e0
4.938476e-4 6.057606e-4 0.000000e0
1.161103e-3 7.036868e-4 0.000000e0
3.234150e-3 5.865860e-4 0.000000e0
1.227072e-3 6.903339e-4 0.000000e0
9.974380e-4 6.895643e-4 0.000000e0
4.746280e-4 4.846085e-4 0.000000e0
1.296735e-3 6.853930e-4 0.000000e0
9.132817e-4 6.860344e-4 0.000000e0
3.166521e-3 6.974302e-4 0.000000e0
1.376285e-3 6.819368e-4 0.000000e0
8.988764e-4 7.550562e-4 0.000000e0
3.087874e-3 5.891798e-4 0.000000e0
1.286048e-3 5.749755e-4 0.000000e0
9.497410e-4 7.372164e-4 0.000000e0
2.943530e-3 6.175188e-4 0.000000e0
1.437228e-3 5.775011e-4 0.000000e0
1.349594e-3 7.455228e-4 0.000000e0
1.388921e-3 7.507184e-4 0.000000e0
3.051211e-3 6.995064e-4 0.000000e0
2.928295e-3 4.825275e-4 0.000000e0
1.491560e-3 6.682182e-4 0.000000e0
1.600813e-3 5.522912e-4 0.000000e0
3.007822e-3 7.583249e-4 0.000000e0
3.054799e-3 7.533043e-4 0.000000e0
1.580864e-3 6.937530e-4 0.000000e0
2.958637e-3 7.024569e-4 0.000000e0
1.627596e-3 2.679121e-4 0.000000e0
2.626621e-3 3.217475e-4 0.000000e0
2.881123e-3 2.632867e-4 0.000000e0
2.803929e-3 6.145283e-4 0.000000e0
2.523648e-3 5.464078e-4 0.000000e0
1.800913e-3 6.107200e-4 0.000000e0
1.690108e-3 6.967429e-4 0.000000e0
1.573034e-3 7.550562e-4 0.000000e0
1.625405e-3 7.414889e-4 0.000000e0
2.862448e-3 7.076766e-4 0.000000e0
1.896533e-3 2.459950e-4 0.000000e0
2.377791e-3 3.433157e-4 0.000000e0
1.707865e-3 7.550562e-4 0.000000e0
2.669816e-3 6.102739e-4 0.000000e0
2.045270e-3 5.976769e-4 0.000000e0
1.959563e-3 4.849110e-4 0.000000e0
1.750961e-3 7.420582e-4 0.000000e0
2.929706e-3 7.730151e-4 0.000000e0
2.148187e-3 7.567765e-4 0.000000e0
2.503965e-3 6.938344e-4 0.000000e0
2.918086e-3 7.423026e-4 0.000000e0
1.945458e-3 6.252752e-4 0.000000e0
1.803821e-3 6.993554e-4 0.000000e0
2.359965e-3 5.678873e-4 0.000000e0
2.099074e-3 5.203223e-4 0.000000e0
2.224779e-3 7.429112e-4 0.000000e0
2.141218e-3 6.265808e-4 0.000000e0
2.378348e-3 6.860854e-4 0.000000e0
1.872294e-3 6.810280e-4 0.000000e0
2.160664e-3 7.027993e-4 0.000000e0
2.827293e-3 7.655768e-4 0.000000e0
2.291411e-3 6.795091e-4 0.000000e0
2.337079e-3 7.550562e-4 0.000000e0
2.208072e-3 6.631050e-4 0.000000e0
2.382851e-3 7.494512e-4 0.000000e0
2.793933e-3 6.904211e-4 0.000000e0
1.940446e-3 6.941431e-4 0.000000e0
2.097737e-3 6.871479e-4 0.000000e0
2.012395e-3 6.853788e-4 0.000000e0
2.229405e-3 5.358920e-4 0.000000e0
2.728485e-3 6.861624e-4 0.000000e0
2.635632e-3 7.288139e-4 0.000000e0
2.657113e-3 6.836851e-4 0.000000e0
2.590859e-3 6.635143e-4 0.000000e0
2.560038e-3 9.046977e-4 0.000000e0
3.910112e-3 9.109438e-4 0.000000e0
3.820225e-3 9.109438e-4 0.000000e0
3.728127e-3 9.087672e-4 0.000000e0
3.638904e-3 9.045306e-4 0.000000e0
3.550562e-3 9.109438e-4 0.000000e0
3.458922e-3 9.026886e-4 0.000000e0
3.369214e-3 9.045519e-4 0.000000e0
3.280899e-3 9.109438e-4 0.000000e0
3.146067e-3 9.109438e-4 0.000000e0
3.011236e-3 9.109438e-4 0.000000e0
2.831329e-3 9.078002e-4 0.000000e0
2.741573e-3 9.109438e-4 0.000000e0
2.333695e-3 9.088367e-4 0.000000e0
2.247191e-3 9.109438e-4 0.000000e0
2.110733e-3 9.098053e-4 0.000000e0
1.930902e-3 9.021323e-4 0.000000e0
1.798045e-3 9.051185e-4 0.000000e0
1.708343e-3 9.018370e-4 0.000000e0
1.573034e-3 9.109438e-4 0.000000e0
1.393708e-3 9.017352e-4 0.000000e0
1.258427e-3 9.109438e-4 0.000000e0
1.168819e-3 9.050855e-4 0.000000e0
1.078930e-3 9.050815e-4 0.000000e0
9.890417e-4 9.050776e-4 0.000000e0
8.991535e-4 9.050740e-4 0.000000e0
7.204742e-4 9.079538e-4 0.000000e0
5.393258e-4 9.109438e-4 0.000000e0
4.494382e-4 9.109438e-4 0.000000e0
3.598298e-4 9.050556e-4 0.000000e0
2.699435e-4 9.050531e-4 0.000000e0
1.822894e-4 9.091637e-4 0.000000e0
2.471910e-3 9.109438e-4 0.000000e0
3.866712e-3 1.027470e-3 0.000000e0
1.814916e-4 1.029311e-3 0.000000e0
3.731577e-3 1.027776e-3 0.000000e0
2.712030e-4 1.027473e-3 0.000000e0
3.595506e-3 1.021056e-3 0.000000e0
3.610956e-4 1.027469e-3 0.000000e0
4.494382e-4 1.021056e-3 0.000000e0
3.458158e-3 1.022823e-3 0.000000e0
5.879864e-4 1.022683e-3 0.000000e0
3.325843e-3 1.021056e-3 0.000000e0
6.778648e-4 1.022677e-3 0.000000e0
7.640449e-4 1.021056e-3 0.000000e0
3.102790e-3 1.027373e-3 0.000000e0
3.191011e-3 1.021056e-3 0.000000e0
9.004945e-4 1.027413e-3 0.000000e0
9.904012e-4 1.027398e-3 0.000000e0
2.966292e-3 1.021056e-3 0.000000e0
1.080310e-3 1.027381e-3 0.000000e0
1.168539e-3 1.021056e-3 0.000000e0
2.789593e-3 1.022969e-3 0.000000e0
1.305089e-3 1.027334e-3 0.000000e0
2.653705e-3 1.030254e-3 0.000000e0
1.394732e-3 1.029818e-3 0.000000e0
2.516854e-3 1.021056e-3 0.000000e0
2.379477e-3 1.022712e-3 0.000000e0
1.529771e-3 1.022285e-3 0.000000e0
1.709984e-3 1.029302e-3 0.000000e0
2.248484e-3 1.021826e-3 0.000000e0
1.800395e-3 1.029662e-3 0.000000e0
2.067416e-3 1.021056e-3 0.000000e0
1.889267e-3 1.022195e-3 0.000000e0
3.956991e-3 1.016284e-3 0.000000e0
4.006443e-5 1.008954e-3 0.000000e0
4.853986e-5 9.582797e-4 0.000000e0
3.956019e-3 9.110848e-4 0.000000e0
3.775281e-3 1.021056e-3 0.000000e0
3.505618e-3 1.021056e-3 0.000000e0
3.640449e-3 1.021056e-3 0.000000e0
4.943820e-4 1.021056e-3 0.000000e0
6.292135e-4 9.109438e-4 0.000000e0
3.370787e-3 1.021056e-3 0.000000e0
8.030962e-4 9.085081e-4 0.000000e0
3.235955e-3 9.109438e-4 0.000000e0
3.240053e-3 1.023510e-3 0.000000e0
3.101124e-3 9.109438e-4 0.000000e0
8.130885e-4 1.023508e-3 0.000000e0
2.967069e-3 9.119665e-4 0.000000e0
2.876404e-3 1.021056e-3 0.000000e0
3.011236e-3 1.021056e-3 0.000000e0
2.921348e-3 9.109438e-4 0.000000e0
1.213483e-3 1.021056e-3 0.000000e0
2.696629e-3 9.109438e-4 0.000000e0
2.647411e-3 9.114805e-4 0.000000e0
2.696629e-3 1.021056e-3 0.000000e0
1.483146e-3 9.109438e-4 0.000000e0
1.343520e-3 9.135697e-4 0.000000e0
1.440799e-3 1.020882e-3 0.000000e0
2.561798e-3 1.021056e-3 0.000000e0
1.573034e-3 1.021056e-3 0.000000e0
1.624481e-3 1.019894e-3 0.000000e0
2.426966e-3 1.021056e-3 0.000000e0
2.427310e-3 9.072074e-4 0.000000e0
1.661628e-3 9.151498e-4 0.000000e0
2.157303e-3 1.021056e-3 0.000000e0
2.202247e-3 9.109438e-4 0.000000e0
2.292135e-3 1.021056e-3 0.000000e0
1.932584e-3 1.021056e-3 0.000000e0
2.067416e-3 9.109438e-4 0.000000e0
1.883498e-3 9.139499e-4 0.000000e0
1.983547e-3 1.011850e-3 0.000000e0
2.015977e-3 9.121503e-4 0.000000e0
8.918976e-5 1.020727e-3 0.000000e0
4.455051e-5 9.053920e-4 0.000000e0
1.348315e-4 9.109438e-4 0.000000e0
3.962072e-3 9.622929e-4 0.000000e0
1.855749e-4 9.647511e-4 0.000000e0
3.801360e-3 9.669992e-4 0.000000e0
3.588382e-3 9.689884e-4 0.000000e0
4.349637e-4 9.678349e-4 0.000000e0
3.453868e-3 9.664551e-4 0.000000e0
3.318548e-3 9.688173e-4 0.000000e0
3.288270e-3 9.632589e-4 0.000000e0
3.240593e-3 9.679025e-4 0.000000e0
8.164016e-4 9.686995e-4 0.000000e0
3.166212e-3 9.657635e-4 0.000000e0
3.036946e-3 9.659983e-4 0.000000e0
2.986533e-3 9.660060e-4 0.000000e0
1.239853e-3 9.668405e-4 0.000000e0
2.761868e-3 9.657561e-4 0.000000e0
2.714063e-3 9.662640e-4 0.000000e0
1.396951e-3 9.662853e-4 0.000000e0
2.508550e-3 9.678088e-4 0.000000e0
1.512218e-3 9.685945e-4 0.000000e0
1.557016e-3 9.674465e-4 0.000000e0
2.373485e-3 9.675751e-4 0.000000e0
1.714263e-3 9.674635e-4 0.000000e0
2.235497e-3 9.661063e-4 0.000000e0
1.871785e-3 9.670606e-4 0.000000e0
2.128411e-3 9.636161e-4 0.000000e0
1.929370e-3 9.645046e-4 0.000000e0
2.083754e-3 9.648380e-4 0.000000e0
3.907463e-3 1.011125e-3 0.000000e0
8.625085e-5 9.170157e-4 0.000000e0
3.867863e-3 9.142292e-4 0.000000e0
1.409511e-4 1.007344e-3 0.000000e0
3.827905e-3 1.010111e-3 0.000000e0
2.286746e-4 1.011323e-3 0.000000e0
3.773238e-3 9.243365e-4 0.000000e0
2.285822e-4 9.228094e-4 0.000000e0
3.191721e-4 1.013400e-3 0.000000e0
3.675734e-3 9.185452e-4 0.000000e0
3.687944e-3 1.004624e-3 0.000000e0
3.190126e-4 9.228507e-4 0.000000e0
4.038049e-4 9.237800e-4 0.000000e0
3.593069e-3 9.296376e-4 0.000000e0
4.040581e-4 1.010285e-3 0.000000e0
3.552241e-3 9.996735e-4 0.000000e0
4.954946e-4 9.193142e-4 0.000000e0
3.501874e-3 9.146879e-4 0.000000e0
5.430839e-4 1.017298e-3 0.000000e0
5.853512e-4 9.193330e-4 0.000000e0
3.411522e-3 9.205443e-4 0.000000e0
3.411684e-3 1.007872e-3 0.000000e0
6.339051e-4 1.014961e-3 0.000000e0
3.323775e-3 9.294330e-4 0.000000e0
6.773567e-4 9.207521e-4 0.000000e0
3.282368e-3 1.001757e-3 0.000000e0
7.240817e-4 1.005882e-3 0.000000e0
7.598193e-4 9.096946e-4 0.000000e0
3.193446e-3 9.215970e-4 0.000000e0
8.585197e-4 1.012680e-3 0.000000e0
8.565311e-4 9.234181e-4 0.000000e0
3.143773e-3 1.009728e-3 0.000000e0
9.489735e-4 1.011671e-3 0.000000e0
9.484334e-4 9.227397e-4 0.000000e0
3.052238e-3 9.148853e-4 0.000000e0
3.063988e-3 1.009775e-3 0.000000e0
1.029653e-3 9.149989e-4 0.000000e0
1.038920e-3 1.011635e-3 0.000000e0
2.920517e-3 1.012525e-3 0.000000e0
1.128535e-3 1.010334e-3 0.000000e0
1.119476e-3 9.150628e-4 0.000000e0
2.871798e-3 9.181367e-4 0.000000e0
2.834848e-3 1.017592e-3 0.000000e0
2.784787e-3 9.171623e-4 0.000000e0
1.212143e-3 9.234889e-4 0.000000e0
1.266411e-3 1.009933e-3 0.000000e0
2.743219e-3 1.012535e-3 0.000000e0
1.305130e-3 9.147368e-4 0.000000e0
1.352058e-3 1.011574e-3 0.000000e0
2.596358e-3 9.188851e-4 0.000000e0
2.609612e-3 1.004465e-3 0.000000e0
1.435799e-3 9.251717e-4 0.000000e0
1.486584e-3 1.011731e-3 0.000000e0
2.514570e-3 9.295863e-4 0.000000e0
2.474000e-3 9.992430e-4 0.000000e0
2.481676e-3 9.525547e-4 0.000000e0
1.528680e-3 9.221057e-4 0.000000e0
1.620355e-3 9.237348e-4 0.000000e0
2.381104e-3 9.168520e-4 0.000000e0
1.672437e-3 1.011928e-3 0.000000e0
2.339581e-3 1.014401e-3 0.000000e0
2.288150e-3 9.147898e-4 0.000000e0
1.750386e-3 9.171968e-4 0.000000e0
1.757623e-3 1.012045e-3 0.000000e0
2.203213e-3 1.005088e-3 0.000000e0
1.842962e-3 1.010543e-3 0.000000e0
1.840359e-3 9.216262e-4 0.000000e0
2.153780e-3 9.188686e-4 0.000000e0
2.111948e-3 1.009858e-3 0.000000e0
2.025456e-3 1.016399e-3 0.000000e0
1.968758e-3 9.198349e-4 0.000000e0
1.142230e-4 9.631768e-4 0.000000e0
2.758653e-4 9.676588e-4 0.000000e0
3.639566e-3 9.648665e-4 0.000000e0
3.597253e-4 9.672918e-4 0.000000e0
3.742010e-3 9.720076e-4 0.000000e0
3.364715e-3 9.646466e-4 0.000000e0
9.035734e-4 9.675541e-4 0.000000e0
9.923870e-4 9.662169e-4 0.000000e0
1.083631e-3 9.659819e-4 0.000000e0
3.104826e-3 9.655747e-4 0.000000e0
1.173335e-3 9.673188e-4 0.000000e0
2.560710e-3 9.645101e-4 0.000000e0
2.662278e-3 9.704270e-4 0.000000e0
1.796977e-3 9.663393e-4 0.000000e0
3.919704e-3 9.640223e-4 0.000000e0
3.870447e-3 9.667084e-4 0.000000e0
3.557216e-3 9.603187e-4 0.000000e0
4.823023e-4 9.673879e-4 0.000000e0
5.282042e-4 9.632016e-4 0.000000e0
5.730864e-4 9.667932e-4 0.000000e0
6.179768e-4 9.632770e-4 0.000000e0
6.607575e-4 9.664036e-4 0.000000e0
7.077359e-4 9.633610e-4 0.000000e0
2.937343e-3 9.650824e-4 0.000000e0
2.888510e-3 9.681591e-4 0.000000e0
2.836595e-3 9.651411e-4 0.000000e0
1.308430e-3 9.651522e-4 0.000000e0
1.605969e-3 9.680870e-4 0.000000e0
2.286000e-3 9.653831e-4 0.000000e0
2.030929e-3 9.684969e-4 0.000000e0
7.551334e-4 9.553920e-4 0.000000e0
1.459250e-3 9.672681e-4 0.000000e0
2.180075e-3 9.642798e-4 0.000000e0
2.433779e-3 9.536332e-4 0.000000e0
1.985716e-3 9.553674e-4 0.000000e0
1.649855e-3 9.677095e-4 0.000000e0
3.519147e-3 9.594084e-4 0.000000e0
3.694676e-3 9.537620e-4 0.000000e0
2.615274e-3 9.539535e-4 0.000000e0
3.899023e-4 1.187715e-3 0.000000e0
3.651413e-3 1.174507e-3 0.000000e0
2.569214e-3 1.177213e-3 0.000000e0
3.325843e-3 1.176944e-3 0.000000e0
3.151969e-3 1.172144e-3 0.000000e0
2.831461e-3 1.176944e-3 0.000000e0
1.564276e-3 1.177373e-3 0.000000e0
1.393258e-3 1.176944e-3 0.000000e0
1.213483e-3 1.176944e-3 0.000000e0
1.035273e-3 1.177930e-3 0.000000e0
7.328880e-4 1.183402e-3 0.000000e0
2.344910e-3 1.178528e-3 0.000000e0
2.104217e-3 1.173270e-3 0.000000e0
1.942429e-3 1.177218e-3 0.000000e0
2.694558e-4 1.173733e-3 0.000000e0
5.834216e-4 1.174586e-3 0.000000e0
3.011236e-3 1.176944e-3 0.000000e0
1.797753e-3 1.176944e-3 0.000000e0
3.820512e-3 1.170213e-3 0.000000e0
9.374540e-5 1.405485e-3 0.000000e0
1.822894e-4 1.175164e-3 0.000000e0
3.094323e-3 1.507616e-3 0.000000e0
4.440885e-4 1.470240e-3 0.000000e0
8.289242e-4 1.415214e-3 0.000000e0
8.956395e-4 1.177308e-3 0.000000e0
1.352151e-3 1.525240e-3 0.000000e0
2.292109e-3 1.578324e-3 0.000000e0
3.956805e-3 1.187372e-3 0.000000e0
5.598038e-5 1.218887e-3 0.000000e0
3.774737e-3 1.184183e-3 0.000000e0
3.727563e-3 1.172104e-3 0.000000e0
4.877878e-4 1.166907e-3 0.000000e0
3.422159e-3 1.176445e-3 0.000000e0
3.505618e-3 1.176944e-3 0.000000e0
8.089888e-4 1.176944e-3 0.000000e0
3.224073e-3 1.169067e-3 0.000000e0
1.123596e-3 1.176944e-3 0.000000e0
2.921348e-3 1.176944e-3 0.000000e0
1.303371e-3 1.176944e-3 0.000000e0
1.483146e-3 1.176944e-3 0.000000e0
2.649106e-3 1.176563e-3 0.000000e0
1.656640e-3 1.177356e-3 0.000000e0
2.417953e-3 1.169173e-3 0.000000e0
2.200335e-3 1.173084e-3 0.000000e0
2.024355e-3 1.176450e-3 0.000000e0
3.910310e-3 1.178435e-3 0.000000e0
4.500244e-5 1.171064e-3 0.000000e0
1.348315e-4 1.176944e-3 0.000000e0
3.677808e-3 1.566643e-3 0.000000e0
1.131875e-4 1.536226e-3 0.000000e0
1.899133e-3 1.534699e-3 0.000000e0
3.809508e-3 1.223965e-3 0.000000e0
2.738044e-3 1.574660e-3 0.000000e0
3.199495e-4 1.182213e-3 0.000000e0
1.914853e-4 1.232529e-3 0.000000e0
7.527766e-5 1.294199e-3 0.000000e0
8.620435e-5 1.180627e-3 0.000000e0
3.858216e-3 1.187423e-3 0.000000e0
2.265677e-4 1.188758e-3 0.000000e0
3.461633e-3 1.581479e-3 0.000000e0
3.942446e-3 1.250632e-3 0.000000e0
3.046835e-4 1.648460e-3 0.000000e0
2.102641e-3 1.649075e-3 0.000000e0
2.673315e-3 1.231467e-3 0.000000e0
2.093456e-3 1.377471e-3 0.000000e0
2.630200e-4 1.221647e-3 0.000000e0
3.358965e-3 1.349621e-3 0.000000e0
3.912964e-3 1.343674e-3 0.000000e0
2.509449e-4 1.299101e-3 0.000000e0
3.877356e-3 1.247961e-3 0.000000e0
1.223868e-4 1.241381e-3 0.000000e0
2.060388e-4 1.410053e-3 0.000000e0
2.303715e-3 1.371218e-3 0.000000e0
3.374269e-4 1.253956e-3 0.000000e0
3.813049e-3 1.307235e-3 0.000000e0
2.749107e-3 1.177435e-3 0.000000e0
2.700296e-3 1.192213e-3 0.000000e0
3.263228e-3 1.528316e-3 0.000000e0
4.086212e-4 1.318826e-3 0.000000e0
3.854375e-3 1.482514e-3 0.000000e0
1.631913e-4 1.320702e-3 0.000000e0
3.396515e-4 1.438696e-3 0.000000e0
3.593041e-3 1.414254e-3 0.000000e0
5.589047e-4 1.314027e-3 0.000000e0
2.522666e-3 1.347249e-3 0.000000e0
3.727844e-3 1.233499e-3 0.000000e0
2.148746e-3 1.190437e-3 0.000000e0
2.604482e-3 1.248847e-3 0.000000e0
3.849299e-3 1.706707e-3 0.000000e0
3.252450e-4 1.345253e-3 0.000000e0
3.218956e-3 1.394323e-3 0.000000e0
2.519882e-3 1.236313e-3 0.000000e0
6.312521e-4 1.539616e-3 0.000000e0
3.029880e-3 1.323878e-3 0.000000e0
2.192890e-3 1.253554e-3 0.000000e0
2.096098e-3 1.236028e-3 0.000000e0
3.555466e-3 1.224588e-3 0.000000e0
3.263761e-3 1.201955e-3 0.000000e0
3.715055e-3 1.373615e-3 0.000000e0
2.682638e-3 1.312976e-3 0.000000e0
7.192677e-4 1.346841e-3 0.000000e0
2.009427e-3 1.258388e-3 0.000000e0
2.271132e-3 1.247165e-3 0.000000e0
2.416661e-3 1.247891e-3 0.000000e0
2.516854e-3 1.176944e-3 0.000000e0
3.189599e-3 1.224007e-3 0.000000e0
3.311697e-3 1.241724e-3 0.000000e0
2.472433e-3 1.187048e-3 0.000000e0
2.903058e-3 1.459375e-3 0.000000e0
3.595506e-3 1.176944e-3 0.000000e0
3.551788e-3 1.177619e-3 0.000000e0
2.731834e-3 1.250720e-3 0.000000e0
9.025260e-4 1.556576e-3 0.000000e0
1.942375e-3 1.247494e-3 0.000000e0
2.885145e-3 1.312798e-3 0.000000e0
3.621759e-3 1.266652e-3 0.000000e0
2.290416e-3 1.184207e-3 0.000000e0
3.476326e-3 1.247678e-3 0.000000e0
2.240393e-3 1.198002e-3 0.000000e0
2.781666e-3 1.342628e-3 0.000000e0
2.331127e-3 1.251352e-3 0.000000e0
3.378998e-3 1.238482e-3 0.000000e0
2.902584e-3 1.692509e-3 0.000000e0
2.809198e-3 1.251578e-3 0.000000e0
3.247145e-3 1.287577e-3 0.000000e0
1.867935e-3 1.257009e-3 0.000000e0
2.879073e-3 1.233489e-3 0.000000e0
3.507125e-3 1.350648e-3 0.000000e0
2.649923e-3 1.435078e-3 0.000000e0
1.938415e-3 1.339131e-3 0.000000e0
2.950719e-3 1.248230e-3 0.000000e0
1.888410e-3 1.187892e-3 0.000000e0
1.838690e-3 1.200762e-3 0.000000e0
2.485050e-3 1.595790e-3 0.000000e0
1.779080e-3 1.237489e-3 0.000000e0
1.767042e-3 1.363760e-3 0.000000e0
3.033678e-3 1.234077e-3 0.000000e0
1.591814e-3 1.573392e-3 0.000000e0
3.078952e-3 1.176996e-3 0.000000e0
1.734196e-3 1.179303e-3 0.000000e0
1.684330e-3 1.261691e-3 0.000000e0
3.103995e-3 1.240822e-3 0.000000e0
1.595805e-3 1.342180e-3 0.000000e0
1.770820e-3 1.153548e-3 0.000000e0
3.141825e-3 1.317962e-3 0.000000e0
1.600452e-3 1.245651e-3 0.000000e0
1.517100e-3 1.258615e-3 0.000000e0
1.417856e-3 1.265482e-3 0.000000e0
1.446883e-3 1.362514e-3 0.000000e0
1.341698e-3 1.247634e-3 0.000000e0
1.264097e-3 1.265296e-3 0.000000e0
1.332308e-3 1.354086e-3 0.000000e0
1.204263e-3 1.362768e-3 0.000000e0
1.195066e-3 1.249351e-3 0.000000e0
1.116244e-3 1.276972e-3 0.000000e0
1.114492e-3 1.609548e-3 0.000000e0
1.052364e-3 1.245815e-3 0.000000e0
1.001395e-3 1.354277e-3 0.000000e0
9.870531e-4 1.235560e-3 0.000000e0
8.413191e-4 1.311199e-3 0.000000e0
9.887640e-4 1.176944e-3 0.000000e0
9.453503e-4 1.193641e-3 0.000000e0
9.114747e-4 1.246391e-3 0.000000e0
8.427121e-4 1.240028e-3 0.000000e0
7.735467e-4 1.251212e-3 0.000000e0
6.673152e-4 1.240524e-3 0.000000e0
6.759464e-4 1.166777e-3 0.000000e0
6.270671e-4 1.188879e-3 0.000000e0
5.880579e-4 1.225588e-3 0.000000e0
4.627871e-4 1.225388e-3 0.000000e0
5.289290e-4 1.203314e-3 0.000000e0
4.388819e-4 1.168802e-3 0.000000e0
3.996844e-4 1.246471e-3 0.000000e0
2.414326e-4 8.350522e-4 -5.000000e-4
3.758631e-3 1.097078e-3 -5.000000e-4
1.250000e-3 1.498987e-3 -5.000000e-4
2.203151e-3 1.530784e-3 -5.000000e-4
1.750000e-3 4.330127e-4 -5.000000e-4
2.730512e-3 4.089427e-4 -5.000000e-4
3.763717e-3 5.649803e-4 -5.000000e-4
2.400824e-4 1.388493e-3 -5.000000e-4
7.352328e-4 3.651797e-4 -5.000000e-4
3.205933e-3 1.531265e-3 -5.000000e-4
1.819257e-3 1.549106e-3 -5.000000e-4
2.007837e-3 1.227662e-3 -5.000000e-4
2.343254e-3 1.172636e-3 -5.000000e-4
2.150282e-3 9.363517e-4 -5.000000e-4
2.558445e-3 1.453763e-3 -5.000000e-4
2.652677e-3 1.117704e-3 -5.000000e-4
1.856670e-3 9.551294e-4 -5.000000e-4
1.324116e-3 3.796461e-4 -5.000000e-4
2.164591e-3 3.597586e-4 -5.000000e-4
1.483588e-3 7.012230e-4 -5.000000e-4
1.181037e-3 6.818682e-4 -5.000000e-4
1.316616e-3 9.604791e-4 -5.000000e-4
1.025803e-3 9.783152e-4 -5.000000e-4
2.883111e-3 1.337529e-3 -5.000000e-4
2.947504e-3 1.042450e-3 -5.000000e-4
7.382548e-4 1.518864e-3 -5.000000e-4
3.250000e-3 4.330127e-4 -5.000000e-4
2.766722e-3 7.647293e-4 -5.000000e-4
3.072500e-3 7.435113e-4 -5.000000e-4
3.256680e-3 9.830778e-4 -5.000000e-4
1.689915e-3 1.230848e-3 -5.000000e-4
1.990312e-3 6.827833e-4 -5.000000e-4
2.455772e-3 8.838901e-4 -5.000000e-4
2.404431e-4 5.495403e-4 -5.000000e-4
5.459835e-4 6.713086e-4 -5.000000e-4
4.927143e-4 9.817923e-4 -5.000000e-4
7.402363e-4 8.786970e-4 -5.000000e-4
7.458077e-4 1.150407e-3 -5.000000e-4
9.918982e-4 1.308048e-3 -5.000000e-4
3.759557e-3 1.382460e-3 -5.000000e-4
3.452883e-3 1.238319e-3 -5.000000e-4
3.523173e-3 9.377094e-4 -5.000000e-4
3.770110e-3 8.305623e-4 -5.000000e-4
2.416728e-4 1.110095e-3 -5.000000e-4
2.277792e-3 6.723446e-4 -5.000000e-4
3.352900e-3 7.089026e-4 -5.000000e-4
1.587667e-3 9.722990e-4 -5.000000e-4
2.546122e-3 6.224334e-4 -5.000000e-4
3.149222e-3 1.226528e-3 -5.000000e-4
2.829498e-3 1.637312e-3 -5.000000e-4
4.758074e-4 1.257234e-3 -5.000000e-4
2.632717e-4 2.457082e-4 -5.000000e-4
3.736728e-3 1.686292e-3 -5.000000e-4
2.636796e-4 1.687638e-3 -5.000000e-4
3.740658e-3 2.567573e-4 -5.000000e-4
8.953346e-4 6.556034e-4 -5.000000e-4
2.453073e-3 3.957341e-4 -5.000000e-4
1.533663e-3 1.487954e-3 -5.000000e-4
1.428231e-3 1.218540e-3 -5.000000e-4
1.749666e-3 7.289888e-4 -5.000000e-4
4.641234e-4 3.854806e-4 -5.000000e-4
3.527310e-3 1.538244e-3 -5.000000e-4
1.027144e-3 4.164595e-4 -5.000000e-4
3.530402e-3 4.468765e-4 -5.000000e-4
2.986861e-3 4.909555e-4 -5.000000e-4
3.588060e-3 6.978062e-4 -5.000000e-4
1.191524e-3 1.160673e-3 -5.000000e-4
4.513019e-4 1.546937e-3 -5.000000e-4
9.950383e-4 1.564475e-3 -5.000000e-4
1.254087e-3 -5.000000e-4 -5.693466e-4
2.293935e-3 -5.000000e-4 -5.387359e-4
1.694844e-3 -5.000000e-4 5.773825e-4
2.721663e-3 -5.000000e-4 5.907335e-4
7.975653e-4 -5.000000e-4 5.773807e-4
3.578152e-3 -5.000000e-4 -2.306624e-4
4.796394e-4 -5.000000e-4 -2.049344e-4
3.577292e-3 -5.000000e-4 2.490559e-4
3.178393e-3 -5.000000e-4 1.229654e-5
3.191640e-3 -5.000000e-4 -5.382006e-4
2.716874e-3 -5.000000e-4 -2.309446e-4
1.758004e-3 -5.000000e-4 -5.626720e-4
1.479332e-3 -5.000000e-4 -1.467444e-4
1.005942e-3 -5.000000e-4 -1.690100e-4
1.250000e-3 -5.000000e-4 2.990381e-4
1.940685e-3 -5.000000e-4 -1.480079e-4
2.236084e-3 -5.000000e-4 6.002053e-4
3.209403e-3 -5.000000e-4 5.300433e-4
7.676156e-4 -5.000000e-4 -5.962109e-4
4.127482e-4 -5.000000e-4 2.546141e-4
2.480950e-3 -5.000000e-4 2.150331e-4
2.750000e-3 -5.000000e-4 -6.650635e-4
2.027470e-3 -5.000000e-4 2.392701e-4
1.250000e-3 -5.000000e-4 6.941006e-4
3.660254e-4 -5.000000e-4 6.339746e-4
3.633975e-3 -5.000000e-4 -6.339746e-4
3.660254e-4 -5.000000e-4 -6.339746e-4
3.633975e-3 -5.000000e-4 6.339746e-4
7.948329e-4 -5.000000e-4 1.753488e-4
1.646844e-3 -5.000000e-4 1.917514e-4
2.857032e-3 -5.000000e-4 2.239472e-4
2.333040e-3 -5.000000e-4 -1.323678e-4
1.254087e-3 2.432000e-3 -5.693466e-4
2.293935e-3 2.432000e-3 -5.387359e-4
1.694844e-3 2.432000e-3 5.773825e-4
2.721663e-3 2.432000e-3 5.907335e-4
7.975653e-4 2.432000e-3 5.773807e-4
3.578152e-3 2.432000e-3 -2.306624e-4
4.796394e-4 2.432000e-3 -2.049344e-4
3.577292e-3 2.432000e-3 2.490559e-4
3.178393e-3 2.432000e-3 1.229654e-5
3.191640e-3 2.432000e-3 -5.382006e-4
2.716874e-3 2.432000e-3 -2.309446e-4
1.758004e-3 2.432000e-3 -5.626720e-4
1.479332e-3 2.432000e-3 -1.467444e-4
1.005942e-3 2.432000e-3 -1.690100e-4
1.250000e-3 2.432000e-3 2.990381e-4
1.940685e-3 2.432000e-3 -1.480079e-4
2.236084e-3 2.432000e-3 6.002053e-4
3.209403e-3 2.432000e-3 5.300433e-4
7.676156e-4 2.432000e-3 -5.962109e-4
4.127482e-4 2.432000e-3 2.546141e-4
2.480950e-3 2.432000e-3 2.150331e-4
2.750000e-3 2.432000e-3 -6.650635e-4
2.027470e-3 2.432000e-3 2.392701e-4
1.250000e-3 2.432000e-3 6.941006e-4
3.660254e-4 2.432000e-3 6.339746e-4
3.633975e-3 2.432000e-3 -6.339746e-4
3.660254e-4 2.432000e-3 -6.339746e-4
3.633975e-3 2.432000e-3 6.339746e-4
7.948329e-4 2.432000e-3 1.753488e-4
1.646844e-3 2.432000e-3 1.917514e-4
2.857032e-3 2.432000e-3 2.239472e-4
2.333040e-3 2.432000e-3 -1.323678e-4
1.750000e-3 1.998987e-3 -1.000000e-3
2.250000e-3 -6.698730e-5 -1.000000e-3
1.250000e-3 -6.698730e-5 -1.000000e-3
2.745566e-3 2.001547e-3 -1.000000e-3
3.523665e-3 7.206033e-4 -1.000000e-3
4.411865e-4 1.249136e-3 -1.000000e-3
3.550038e-3 1.648478e-3 -1.000000e-3
4.114092e-4 2.232310e-4 -1.000000e-3
3.199736e-3 -6.845628e-5 -1.000000e-3
7.503151e-4 2.034410e-3 -1.000000e-3
1.250053e-3 2.004891e-3 -1.000000e-3
1.500009e-3 1.566959e-3 -1.000000e-3
2.000001e-3 1.566139e-3 -1.000000e-3
1.750002e-3 1.133153e-3 -1.000000e-3
2.250000e-3 1.132977e-3 -1.000000e-3
1.263123e-3 1.125582e-3 -1.000000e-3
1.502187e-3 7.137997e-4 -1.000000e-3
1.012989e-3 7.152052e-4 -1.000000e-3
9.183724e-4 1.538213e-3 -1.000000e-3
2.000365e-3 7.173406e-4 -1.000000e-3
2.500061e-3 7.178988e-4 -1.000000e-3
2.750010e-3 1.135956e-3 -1.000000e-3
1.750000e-3 2.669365e-4 -1.000000e-3
2.987297e-3 7.165003e-4 -1.000000e-3
2.741521e-3 2.645934e-4 -1.000000e-3
3.245303e-3 1.166308e-3 -1.000000e-3
2.249261e-3 1.999441e-3 -1.000000e-3
2.499140e-3 1.567006e-3 -1.000000e-3
3.002242e-3 1.588940e-3 -1.000000e-3
5.051689e-4 7.200679e-4 -1.000000e-3
7.270267e-4 -1.109932e-4 -1.000000e-3
3.239828e-3 2.029871e-3 -1.000000e-3
4.065522e-4 1.711411e-3 -1.000000e-3
3.604804e-3 2.330000e-4 -1.000000e-3
3.660808e-3 1.210333e-3 -1.000000e-3
2.738252e-3 -1.741700e-4 -1.000000e-3
2.248389e-3 3.799564e-4 -1.000000e-3
1.750000e-3 -1.734076e-4 -1.000000e-3
1.265293e-3 3.807812e-4 -1.000000e-3
8.281678e-4 1.069641e-3 -1.000000e-3
8.418725e-4 3.220596e-4 -1.000000e-3
3.211405e-3 3.732481e-4 -1.000000e-3
3.588787e-4 -1.442628e-4 -1.000000e-3
3.641121e-3 2.076263e-3 -1.000000e-3
3.643305e-3 -1.464973e-4 -1.000000e-3
3.566949e-4 2.078497e-3 -1.000000e-3
1.750000e-3 1.998987e-3 1.000000e-3
2.250000e-3 -6.698730e-5 1.000000e-3
1.250000e-3 -6.698730e-5 1.000000e-3
2.745566e-3 2.001547e-3 1.000000e-3
3.523665e-3 7.206033e-4 1.000000e-3
4.411865e-4 1.249136e-3 1.000000e-3
3.550038e-3 1.648478e-3 1.000000e-3
4.114092e-4 2.232310e-4 1.000000e-3
3.199736e-3 -6.845628e-5 1.000000e-3
7.503151e-4 2.034410e-3 1.000000e-3
1.250053e-3 2.004891e-3 1.000000e-3
1.500009e-3 1.566959e-3 1.000000e-3
2.000001e-3 1.566139e-3 1.000000e-3
1.750002e-3 1.133153e-3 1.000000e-3
2.250000e-3 1.132977e-3 1.000000e-3
1.263123e-3 1.125582e-3 1.000000e-3
1.502187e-3 7.137997e-4 1.000000e-3
1.012989e-3 7.152052e-4 1.000000e-3
9.183724e-4 1.538213e-3 1.000000e-3
2.000365e-3 7.173406e-4 1.000000e-3
2.500061e-3 7.178988e-4 1.000000e-3
2.750010e-3 1.135956e-3 1.000000e-3
1.750000e-3 2.669365e-4 1.000000e-3
2.987297e-3 7.165003e-4 1.000000e-3
2.741521e-3 2.645934e-4 1.000000e-3
3.245303e-3 1.166308e-3 1.000000e-3
2.249261e-3 1.999441e-3 1.000000e-3
2.499140e-3 1.567006e-3 1.000000e-3
3.002242e-3 1.588940e-3 1.000000e-3
5.051689e-4 7.200679e-4 1.000000e-3
7.270267e-4 -1.109932e-4 1.000000e-3
3.239828e-3 2.029871e-3 1.000000e-3
4.065522e-4 1.711411e-3 1.000000e-3
3.604804e-3 2.330000e-4 1.000000e-3
3.660808e-3 1.210333e-3 1.000000e-3
2.738252e-3 -1.741700e-4 1.000000e-3
2.248389e-3 3.799564e-4 1.000000e-3
1.750000e-3 -1.734076e-4 1.000000e-3
1.265293e-3 3.807812e-4 1.000000e-3
8.281678e-4 1.069641e-3 1.000000e-3
8.418725e-4 3.220596e-4 1.000000e-3
3.211405e-3 3.732481e-4 1.000000e-3
3.588787e-4 -1.442628e-4 1.000000e-3
3.641121e-3 2.076263e-3 1.000000e-3
3.643305e-3 -1.464973e-4 1.000000e-3
3.566949e-4 2.078497e-3 1.000000e-3
0.000000e0 1.373786e-3 4.221412e-4
0.000000e0 5.658134e-4 4.096707e-4
0.000000e0 1.360353e-4 1.880325e-4
0.000000e0 1.774520e-3 1.568887e-4
0.000000e0 1.385624e-3 9.474122e-5
0.000000e0 5.442821e-4 9.569296e-5
0.000000e0 1.373930e-3 2.404650e-4
0.000000e0 5.616247e-4 2.356806e-4
0.000000e0 1.555895e-3 1.432782e-4
0.000000e0 3.831900e-4 1.419548e-4
0.000000e0 1.709557e-3 7.388602e-4
0.000000e0 2.300417e-4 7.263897e-4
0.000000e0 2.080445e-3 2.464942e-4
0.000000e0 -2.102334e-4 2.019580e-4
0.000000e0 1.732460e-3 -7.424464e-4
0.000000e0 1.995403e-4 -7.424464e-4
0.000000e0 8.008343e-4 7.124945e-4
0.000000e0 1.142988e-3 7.285949e-4
0.000000e0 -2.500000e-4 -1.205068e-4
0.000000e0 2.166748e-3 -1.322848e-4
0.000000e0 -2.098857e-4 -7.143753e-4
0.000000e0 2.182000e-3 -7.444618e-4
0.000000e0 1.646984e-3 3.966250e-4
0.000000e0 1.426664e-3 6.310369e-4
0.000000e0 5.143653e-4 6.193565e-4
0.000000e0 3.205193e-4 4.236153e-4
0.000000e0 6.248196e-4 1.270635e-4
0.000000e0 1.306066e-3 1.270702e-4
0.000000e0 -7.642434e-5 5.771422e-4
0.000000e0 2.069358e-3 6.449443e-4
0.000000e0 -1.919771e-4 -4.151791e-4
0.000000e0 1.297031e-3 5.987131e-5
0.000000e0 6.343271e-4 6.006030e-5
0.000000e0 1.436809e-3 -6.984893e-4
0.000000e0 4.951908e-4 -6.984893e-4
0.000000e0 7.773333e-4 -8.750000e-4
0.000000e0 1.154667e-3 -8.750000e-4
0.000000e0 8.330000e-4 -6.250000e-4
0.000000e0 1.099000e-3 -6.250000e-4
0.000000e0 1.099000e-3 1.558846e-5
0.000000e0 1.043714e-3 2.806205e-5
0.000000e0 1.153870e-3 2.840989e-5
0.000000e0 1.052238e-3 2.227710e-4
0.000000e0 1.027240e-3 1.340140e-4
0.000000e0 1.171910e-3 1.327326e-4
0.000000e0 1.100054e-3 3.446693e-4
0.000000e0 1.074496e-3 2.800126e-5
0.000000e0 1.106777e-3 5.132161e-5
0.000000e0 1.121129e-3 1.906399e-5
0.000000e0 1.004838e-3 3.783538e-5
0.000000e0 1.193185e-3 3.786015e-5
0.000000e0 1.147758e-3 2.176962e-4
0.000000e0 1.045916e-3 6.720037e-5
0.000000e0 1.098969e-3 1.215351e-4
0.000000e0 1.155355e-3 7.583716e-5
0.000000e0 8.330000e-4 1.558846e-5
0.000000e0 7.777138e-4 2.806205e-5
0.000000e0 8.878699e-4 2.840989e-5
0.000000e0 7.862377e-4 2.227710e-4
0.000000e0 7.612397e-4 1.340140e-4
0.000000e0 9.059098e-4 1.327326e-4
0.000000e0 8.340539e-4 3.446693e-4
0.000000e0 8.084958e-4 2.800126e-5
0.000000e0 8.407773e-4 5.132161e-5
0.000000e0 8.551295e-4 1.906399e-5
0.000000e0 7.388380e-4 3.783538e-5
0.000000e0 9.271846e-4 3.786015e-5
0.000000e0 8.817583e-4 2.176962e-4
0.000000e0 7.799162e-4 6.720037e-5
0.000000e0 8.329690e-4 1.215351e-4
0.000000e0 8.893555e-4 7.583716e-5
4.000000e-3 5.658134e-4 4.096707e-4
4.000000e-3 1.373786e-3 4.221412e-4
4.000000e-3 1.774520e-3 1.568887e-4
4.000000e-3 1.360353e-4 1.880325e-4
4.000000e-3 1.385624e-3 9.474122e-5
4.000000e-3 5.442821e-4 9.569296e-5
4.000000e-3 5.616247e-4 2.356806e-4
4.000000e-3 1.373930e-3 2.404650e-4
4.000000e-3 1.555895e-3 1.432782e-4
4.000000e-3 3.831900e-4 1.419548e-4
4.000000e-3 1.709557e-3 7.388602e-4
4.000000e-3 2.300417e-4 7.263897e-4
4.000000e-3 -2.033540e-4 2.019580e-4
4.000000e-3 2.060372e-3 2.245154e-4
4.000000e-3 1.732460e-3 -7.424464e-4
4.000000e-3 1.995403e-4 -7.424464e-4
4.000000e-3 8.008343e-4 7.124945e-4
4.000000e-3 1.142988e-3 7.285949e-4
4.000000e-3 -1.834532e-4 -8.191246e-5
4.000000e-3 2.120062e-3 -1.694164e-4
4.000000e-3 -2.096688e-4 -7.143753e-4
4.000000e-3 2.182000e-3 -7.444618e-4
4.000000e-3 1.642028e-3 3.943038e-4
4.000000e-3 1.425838e-3 6.306500e-4
4.000000e-3 5.143653e-4 6.193565e-4
4.000000e-3 3.205193e-4 4.236153e-4
4.000000e-3 6.248196e-4 1.270635e-4
4.000000e-3 1.306066e-3 1.270702e-4
4.000000e-3 -7.544158e-5 5.771422e-4
4.000000e-3 2.068272e-3 6.438901e-4
4.000000e-3 -2.139122e-4 -3.705068e-4
4.000000e-3 1.297031e-3 5.987131e-5
4.000000e-3 6.343271e-4 6.006030e-5
4.000000e-3 1.436809e-3 -6.984893e-4
4.000000e-3 4.951908e-4 -6.984893e-4
4.000000e-3 7.773333e-4 -8.750000e-4
4.000000e-3 1.154667e-3 -8.750000e-4
4.000000e-3 8.336768e-4 1.692199e-5
4.000000e-3 7.795565e-4 2.640208e-5
4.000000e-3 8.767014e-4 3.209724e-5
4.000000e-3 8.889845e-4 2.446006e-4
4.000000e-3 7.777867e-4 1.237019e-4
4.000000e-3 8.867624e-4 1.301980e-4
4.000000e-3 8.386639e-4 3.670167e-4
4.000000e-3 8.570000e-4 1.726419e-5
4.000000e-3 8.384894e-4 3.956485e-5
4.000000e-3 8.099355e-4 2.408022e-5
4.000000e-3 7.996789e-4 6.587066e-5
4.000000e-3 7.522137e-4 4.891995e-5
4.000000e-3 9.100138e-4 5.356733e-5
4.000000e-3 8.501361e-4 7.628009e-5
4.000000e-3 7.867601e-4 2.199958e-4
4.000000e-3 8.330000e-4 -6.250000e-4
4.000000e-3 1.099000e-3 -6.250000e-4
4.000000e-3 1.099000e-3 1.558846e-5
4.000000e-3 1.043714e-3 2.806205e-5
4.000000e-3 1.153870e-3 2.840989e-5
4.000000e-3 1.052238e-3 2.227710e-4
4.000000e-3 1.027240e-3 1.340140e-4
4.000000e-3 1.171910e-3 1.327326e-4
4.000000e-3 1.100054e-3 3.446693e-4
4.000000e-3 1.074496e-3 2.800126e-5
4.000000e-3 1.106777e-3 5.132161e-5
4.000000e-3 1.121129e-3 1.906399e-5
4.000000e-3 1.004838e-3 3.783538e-5
4.000000e-3 1.193185e-3 3.786015e-5
4.000000e-3 1.147758e-3 2.176962e-4
4.000000e-3 1.045916e-3 6.720037e-5
4.000000e-3 1.098969e-3 1.215351e-4
4.000000e-3 1.155355e-3 7.583716e-5
0.000000e0 5.867041e-4 -2.209412e-4
0.000000e0 3.836700e-4 -1.771393e-4
0.000000e0 5.520704e-4 -9.409966e-5
0.000000e0 5.634618e-4 -3.791732e-4
0.000000e0 1.947944e-4 -3.156088e-4
0.000000e0 1.360353e-4 -1.205068e-4
0.000000e0 6.380083e-4 -1.218606e-4
0.000000e0 6.385225e-4 -5.870108e-5
0.000000e0 8.323232e-4 -1.692199e-5
0.000000e0 8.864435e-4 -2.640208e-5
0.000000e0 7.892986e-4 -3.209724e-5
0.000000e0 8.889845e-4 -2.446006e-4
0.000000e0 8.848516e-4 -1.280096e-4
0.000000e0 7.770523e-4 -1.277449e-4
0.000000e0 8.386639e-4 -3.670167e-4
0.000000e0 8.090000e-4 -1.726419e-5
0.000000e0 8.275106e-4 -3.956485e-5
0.000000e0 8.560645e-4 -2.408022e-5
0.000000e0 8.663211e-4 -6.587066e-5
0.000000e0 7.556219e-4 -5.315848e-5
0.000000e0 9.132260e-4 -4.963790e-5
0.000000e0 8.151602e-4 -7.645220e-5
0.000000e0 7.865995e-4 -2.201085e-4
0.000000e0 1.098323e-3 -1.692199e-5
0.000000e0 1.055299e-3 -3.209724e-5
0.000000e0 1.152444e-3 -2.640208e-5
0.000000e0 1.043016e-3 -2.446006e-4
0.000000e0 1.045265e-3 -1.303483e-4
0.000000e0 1.154035e-3 -1.222202e-4
0.000000e0 1.093336e-3 -3.670167e-4
0.000000e0 1.075000e-3 -1.726419e-5
0.000000e0 1.093511e-3 -3.956485e-5
0.000000e0 1.122065e-3 -2.408022e-5
0.000000e0 1.132321e-3 -6.587066e-5
0.000000e0 1.021991e-3 -5.359238e-5
0.000000e0 1.179757e-3 -4.867301e-5
0.000000e0 1.081846e-3 -7.612458e-5
0.000000e0 1.145231e-3 -2.199150e-4
0.000000e0 1.339852e-3 -2.399640e-4
0.000000e0 1.563315e-3 -1.430948e-4
0.000000e0 1.398083e-3 -1.016282e-4
0.000000e0 1.703136e-3 -3.116153e-4
0.000000e0 1.755556e-3 -1.573273e-4
0.000000e0 1.302889e-3 -1.274520e-4
0.000000e0 1.298888e-3 -6.132507e-5
0.000000e0 1.489414e-3 -2.927731e-4
0.000000e0 1.365237e-3 -3.694347e-4
4.000000e-3 5.867041e-4 -2.209412e-4
4.000000e-3 3.836700e-4 -1.771393e-4
4.000000e-3 5.520704e-4 -9.409966e-5
4.000000e-3 5.634618e-4 -3.791732e-4
4.000000e-3 1.947944e-4 -3.156088e-4
4.000000e-3 1.360353e-4 -1.205068e-4
4.000000e-3 6.380083e-4 -1.218606e-4
4.000000e-3 6.385225e-4 -5.870108e-5
4.000000e-3 8.330000e-4 -1.558846e-5
4.000000e-3 7.781301e-4 -2.840989e-5
4.000000e-3 8.882862e-4 -2.806205e-5
4.000000e-3 7.864549e-4 -2.227710e-4
4.000000e-3 9.060250e-4 -1.327341e-4
4.000000e-3 7.613984e-4 -1.340124e-4
4.000000e-3 8.340901e-4 -3.446693e-4
4.000000e-3 8.575042e-4 -2.800126e-5
4.000000e-3 8.252227e-4 -5.132161e-5
4.000000e-3 8.108705e-4 -1.906399e-5
4.000000e-3 9.271620e-4 -3.783538e-5
4.000000e-3 7.388154e-4 -3.786015e-5
4.000000e-3 8.820369e-4 -2.176965e-4
4.000000e-3 8.862645e-4 -6.701753e-5
4.000000e-3 8.335588e-4 -1.215218e-4
4.000000e-3 7.768631e-4 -7.598794e-5
4.000000e-3 1.098323e-3 -1.692199e-5
4.000000e-3 1.055299e-3 -3.209724e-5
4.000000e-3 1.152444e-3 -2.640208e-5
4.000000e-3 1.154984e-3 -2.446006e-4
4.000000e-3 1.043052e-3 -1.277449e-4
4.000000e-3 1.150852e-3 -1.280096e-4
4.000000e-3 1.104664e-3 -3.670167e-4
4.000000e-3 1.075000e-3 -1.726419e-5
4.000000e-3 1.093511e-3 -3.956485e-5
4.000000e-3 1.122065e-3 -2.408022e-5
4.000000e-3 1.132321e-3 -6.587066e-5
4.000000e-3 1.021622e-3 -5.315848e-5
4.000000e-3 1.179226e-3 -4.963790e-5
4.000000e-3 1.081160e-3 -7.645220e-5
4.000000e-3 1.052599e-3 -2.201085e-4
4.000000e-3 1.339852e-3 -2.399640e-4
4.000000e-3 1.563315e-3 -1.430948e-4
4.000000e-3 1.398083e-3 -1.016282e-4
4.000000e-3 1.703136e-3 -3.116153e-4
4.000000e-3 1.755556e-3 -1.573273e-4
4.000000e-3 1.302889e-3 -1.274520e-4
4.000000e-3 1.298888e-3 -6.132507e-5
4.000000e-3 1.489414e-3 -2.927731e-4
4.000000e-3 1.365237e-3 -3.694347e-4
3.650354e-3 8.231912e-4 -6.117406e-5
2.108713e-3 9.243980e-4 -1.088601e-4
2.171252e-3 1.067041e-3 -5.607895e-5
1.805790e-3 1.105887e-3 -3.519281e-5
2.726608e-3 1.012590e-3 -7.989762e-5
2.559279e-3 1.184613e-3 -7.011444e-5
2.515166e-3 1.112264e-3 -8.539939e-5
2.236324e-3 9.356237e-4 -6.715179e-5
2.723201e-3 1.202865e-3 -1.099910e-4
2.781627e-3 1.407825e-3 -1.750339e-4
2.134797e-3 8.436961e-4 -7.671544e-5
1.689631e-3 8.763739e-4 -6.027172e-5
1.779537e-3 9.628046e-4 -8.403300e-5
2.824987e-3 8.046505e-4 -1.378980e-4
2.816620e-3 9.237296e-4 -2.531494e-4
2.976771e-3 9.540140e-4 -1.996593e-4
2.921946e-3 7.911084e-4 -2.649878e-4
3.106753e-3 1.085021e-3 -5.988028e-5
3.049132e-3 1.062680e-3 -9.751127e-5
3.168234e-3 1.117615e-3 -9.046949e-5
3.128312e-3 9.513249e-4 -9.484935e-5
3.212693e-3 8.321540e-4 -3.412389e-5
3.254599e-3 8.747252e-4 -9.660650e-5
5.726251e-4 8.169874e-4 -6.684886e-5
6.498195e-4 7.432606e-4 -1.637807e-4
6.448037e-4 9.432563e-4 -2.499564e-4
6.163970e-4 8.723047e-4 -5.674280e-5
2.257886e-3 8.341713e-4 -5.590116e-5
2.260863e-3 7.350095e-4 -7.279370e-5
2.336259e-3 6.573483e-4 -1.095194e-4
1.656594e-3 1.342817e-3 -2.521819e-4
1.364676e-3 1.356360e-3 -2.614943e-4
1.505696e-3 1.193541e-3 -7.606131e-5
2.622469e-3 9.415852e-4 -6.581247e-5
2.678371e-3 8.848334e-4 -7.275529e-5
1.317479e-3 1.105060e-3 -4.439037e-5
2.406032e-3 8.801846e-4 -4.715696e-5
2.410165e-3 8.180920e-4 -8.530277e-5
2.427957e-3 9.455553e-4 -1.849612e-4
2.485201e-3 8.329666e-4 -8.436270e-5
3.875096e-3 6.862858e-4 -1.291100e-4
2.372713e-3 1.110131e-3 -5.192013e-5
2.373986e-3 1.043223e-3 -7.568173e-5
2.873077e-3 6.046655e-4 -2.416919e-4
1.502854e-3 1.030050e-3 -1.379970e-4
1.650125e-3 9.153141e-4 -1.994550e-4
1.553290e-3 8.995137e-4 -8.314802e-5
1.471212e-3 9.151379e-4 -1.553961e-4
3.047166e-3 1.419101e-3 -2.516889e-4
3.461918e-3 1.370789e-3 -2.480533e-4
3.139962e-3 1.208999e-3 -1.106566e-4
2.029167e-3 8.569514e-4 -6.907503e-5
2.082718e-3 8.774038e-4 -3.896920e-5
1.946626e-3 1.195958e-3 -7.596472e-5
1.848486e-3 1.228792e-3 -2.611441e-4
2.051911e-3 1.242964e-3 -9.807788e-5
2.007096e-3 1.176745e-3 -1.881751e-4
2.128378e-3 1.104004e-3 -4.335878e-5
2.228920e-3 1.087730e-3 -4.238981e-5
3.406438e-3 8.296245e-4 -5.531846e-5
3.347031e-3 7.463874e-4 -8.668866e-5
2.382479e-3 1.177890e-3 -8.563529e-5
2.459203e-3 1.365450e-3 -1.615334e-4
2.573696e-3 1.079404e-3 -5.741328e-5
1.006647e-3 8.841079e-4 -8.768614e-5
1.022392e-3 8.090005e-4 -7.722188e-5
9.257645e-4 8.545807e-4 -9.054576e-5
3.720723e-3 7.039300e-4 -2.969453e-4
1.415216e-3 8.223301e-4 -1.308318e-4
1.320164e-3 8.545233e-4 -1.027504e-4
1.381113e-3 1.007939e-3 -2.003194e-4
1.414184e-3 8.428870e-4 -3.012913e-4
1.687290e-3 8.083422e-4 -4.902395e-5
1.634927e-3 8.442228e-4 -5.046157e-5
3.527080e-3 1.132873e-3 -4.755249e-5
3.341153e-3 1.076604e-3 -4.159460e-5
1.239961e-3 7.229144e-4 -2.293013e-4
1.172501e-3 9.522235e-4 -2.451637e-4
2.313759e-3 7.882332e-4 -4.522737e-5
3.477827e-3 7.936136e-4 -5.649794e-5
3.662795e-3 5.003967e-4 -2.476852e-4
3.670192e-3 1.094344e-3 -4.749005e-5
1.564904e-3 1.078373e-3 -4.260932e-5
1.510258e-3 1.116760e-3 -8.227381e-5
2.015392e-3 6.984307e-4 -9.679585e-5
6.055281e-4 1.106604e-3 -7.412438e-5
9.030123e-4 1.095969e-3 -4.585070e-5
2.718170e-3 8.175809e-4 -4.232759e-5
2.544878e-3 1.017631e-3 -6.312953e-5
2.461239e-3 9.535164e-4 -7.359323e-5
1.047751e-3 1.077197e-3 -5.039763e-5
9.723577e-4 9.901215e-4 -8.693011e-5
1.068320e-3 9.574741e-4 -9.195147e-5
2.038487e-3 1.107447e-3 -6.474592e-5
1.627604e-3 9.350193e-4 -8.621322e-5
1.582181e-3 8.124603e-4 -1.055199e-4
9.741123e-4 1.287624e-3 -1.765275e-4
8.942807e-4 1.080831e-3 -2.453203e-4
6.381089e-4 1.187968e-3 -2.532560e-4
3.617241e-4 1.065613e-3 -5.199168e-5
1.642062e-4 7.277401e-4 -2.083714e-4
1.951896e-4 8.595092e-4 -1.861502e-4
1.348087e-4 7.967387e-4 -1.024608e-4
1.110792e-3 6.426069e-4 -1.743662e-4
1.460855e-3 8.659319e-4 -5.584800e-5
3.755963e-3 1.155923e-3 -4.914253e-5
3.424217e-3 6.687337e-4 -9.430439e-5
3.230042e-3 6.745287e-4 -1.076553e-4
3.660087e-3 1.008132e-3 -5.972353e-5
3.678033e-3 1.094997e-3 -2.017251e-4
3.714487e-3 9.550582e-4 -1.333943e-4
3.543881e-3 1.058172e-3 -1.402857e-4
1.993924e-3 9.652100e-4 -8.008221e-5
1.895931e-3 9.657350e-4 -1.469953e-4
1.914381e-3 8.665294e-4 -5.155032e-5
2.055199e-3 1.038754e-3 -6.416289e-5
1.742443e-3 7.754471e-4 -4.824452e-5
1.715727e-3 6.576019e-4 -1.734902e-4
2.330425e-3 8.508405e-4 -8.147955e-5
2.663079e-3 1.127838e-3 -9.424844e-5
1.176167e-3 8.183591e-4 -6.583112e-5
1.116666e-3 7.864144e-4 -4.958658e-5
1.136414e-3 7.766409e-4 -1.412667e-4
1.126987e-3 8.697264e-4 -6.961507e-5
1.527119e-3 4.390164e-4 -2.496647e-4
1.378770e-3 8.282619e-4 -4.640065e-5
2.809405e-3 1.146921e-3 -6.016469e-5
3.261345e-3 7.987450e-4 -6.650855e-5
3.322830e-3 8.270325e-4 -3.870738e-5
3.750399e-3 1.088919e-3 -1.043303e-4
2.467154e-3 1.203449e-3 -8.893507e-5
2.202678e-3 1.135043e-3 -6.672711e-5
2.616771e-3 1.312289e-3 -1.290568e-4
3.712792e-3 8.580934e-4 -5.472380e-5
3.159065e-3 5.907492e-4 -2.528745e-4
9.594330e-4 6.715981e-4 -1.116863e-4
7.689963e-4 8.328645e-4 -4.831089e-5
8.527593e-4 8.340773e-4 -7.689232e-5
8.283962e-4 7.627625e-4 -7.465585e-5
7.508913e-4 7.803640e-4 -9.285833e-5
2.824777e-3 1.073731e-3 -9.236828e-5
2.937887e-3 9.066998e-4 -7.992098e-5
3.052869e-3 8.644326e-4 -1.398764e-4
2.467904e-3 1.053704e-3 -6.361079e-5
2.367846e-3 9.376589e-4 -8.125056e-5
1.969094e-3 8.457305e-4 -3.664202e-5
1.958461e-3 7.913540e-4 -9.887341e-5
3.523193e-4 1.018484e-3 -2.482080e-4
2.301202e-4 1.105134e-3 -1.091862e-4
2.944904e-4 1.055027e-3 -6.599343e-5
3.477751e-4 1.109867e-3 -1.072805e-4
5.005790e-5 1.113788e-3 -4.367435e-5
1.558083e-4 1.085148e-3 -4.778562e-5
8.693839e-5 1.048505e-3 -5.039506e-5
1.185393e-4 1.196811e-3 -1.379803e-4
3.782777e-3 8.129604e-4 -1.906201e-4
3.701888e-3 6.597561e-4 -1.063026e-4
1.266675e-3 8.966354e-4 -5.889397e-5
1.285637e-3 8.315964e-4 -4.152297e-5
3.794889e-3 7.717446e-4 -5.341171e-5
3.853979e-3 7.858936e-4 -9.484034e-5
3.375079e-3 8.712680e-4 -2.992772e-4
3.430625e-3 5.955537e-4 -2.509178e-4
2.902175e-3 1.096521e-3 -5.384570e-5
3.840774e-3 1.146517e-3 -6.918247e-5
3.893292e-3 1.277235e-3 -1.127383e-4
3.907127e-3 1.122377e-3 -4.967591e-5
1.487291e-3 7.637935e-4 -6.304936e-5
4.762400e-4 1.171836e-3 -6.423453e-5
4.459848e-4 1.124185e-3 -1.795183e-4
1.160835e-3 1.434543e-3 -2.188909e-4
4.332289e-4 1.088466e-3 -6.199215e-5
1.105156e-3 1.103828e-3 -5.893823e-5
4.786390e-4 7.817339e-4 -1.152454e-4
5.176690e-4 8.242571e-4 -2.413997e-4
1.959567e-4 8.732302e-4 -6.518212e-5
1.415226e-4 8.469123e-4 -4.912340e-5
2.406803e-4 1.229871e-3 -1.268190e-4
9.080117e-4 5.104389e-4 -2.353540e-4
2.957252e-4 8.374499e-4 -6.826962e-5
2.797703e-4 1.147439e-3 -6.058463e-5
7.877062e-5 8.295253e-4 -5.615865e-5
2.743845e-3 1.124466e-3 -6.988258e-5
3.146501e-3 8.848965e-4 -5.205156e-5
3.162919e-3 8.231600e-4 -9.078169e-5
3.304704e-3 9.627086e-4 -7.750644e-5
2.841101e-3 8.097687e-4 -5.136011e-5
2.779777e-3 8.527739e-4 -6.529094e-5
2.835456e-3 9.284839e-4 -9.306580e-5
1.123880e-3 1.035011e-3 -4.804063e-5
1.217294e-3 1.058457e-3 -5.265165e-5
8.589811e-4 1.259001e-3 -1.057816e-4
3.794046e-3 1.210840e-3 -8.591255e-5
3.803510e-3 1.164416e-3 -1.861502e-4
4.747940e-4 8.422445e-4 -3.668002e-5
7.958872e-4 8.902406e-4 -6.955526e-5
1.509668e-3 1.223249e-3 -1.921481e-4
1.420953e-3 1.209483e-3 -9.969842e-5
1.767494e-4 1.073802e-3 -2.045874e-4
1.010057e-3 7.663567e-4 -1.778542e-4
1.012968e-3 9.171108e-4 -1.923533e-4
5.627400e-4 1.044335e-3 -5.372271e-5
4.858760e-4 9.389464e-4 -8.657976e-5
5.818262e-4 9.374215e-4 -8.831609e-5
3.026594e-3 9.509451e-4 -8.926291e-5
2.971713e-3 1.037541e-3 -5.818819e-5
2.564820e-3 8.014688e-4 -5.185672e-5
3.592438e-3 1.060835e-3 -6.527712e-5
1.182618e-3 1.058730e-3 -1.215374e-4
1.188982e-3 1.122003e-3 -6.221995e-5
9.616940e-4 1.092213e-3 -5.617407e-5
5.645259e-4 1.173063e-3 -1.170830e-4
6.729548e-4 1.169829e-3 -9.420513e-5
1.765784e-3 8.452496e-4 -5.867131e-5
1.721220e-3 8.142729e-4 -1.159401e-4
1.827077e-3 8.643811e-4 -6.526965e-5
1.437004e-3 1.084866e-3 -4.976191e-5
7.765022e-4 1.157066e-3 -1.224120e-4
6.927290e-4 1.113000e-3 -4.944527e-5
8.620727e-4 9.312373e-4 -7.036318e-5
2.957059e-3 8.365911e-4 -5.897704e-5
1.900484e-4 1.026542e-3 -6.678701e-5
7.834892e-4 1.095801e-3 -5.252207e-5
1.997969e-3 7.517990e-4 -2.185367e-4
2.046474e-3 7.873182e-4 -9.168811e-5
2.659179e-3 6.702594e-4 -2.540875e-4
2.722459e-3 8.260164e-4 -1.165773e-4
2.592718e-3 9.651016e-4 -2.453309e-4
1.521114e-3 8.247898e-4 -4.905963e-5
1.232119e-3 7.609087e-4 -8.598118e-5
1.038655e-3 1.074296e-3 -1.357190e-4
1.077406e-3 1.095493e-3 -2.780720e-4
1.839464e-3 5.030379e-4 -1.995807e-4
2.199817e-3 6.025744e-4 -1.829683e-4
2.342466e-4 7.390577e-4 -1.095877e-4
7.767088e-4 1.009809e-3 -9.173921e-5
7.250259e-4 1.067551e-3 -2.084130e-4
7.009660e-4 9.397073e-4 -8.718010e-5
7.050134e-4 1.055032e-3 -9.294731e-5
8.753860e-4 1.000421e-3 -1.363053e-4
8.321111e-4 1.045873e-3 -5.193060e-5
3.462661e-3 1.260779e-3 -1.155066e-4
3.445327e-3 1.139496e-3 -7.630310e-5
7.874951e-4 8.512062e-4 -1.519019e-4
3.888306e-3 1.067370e-3 -9.635315e-5
3.925083e-3 7.749201e-4 -4.966122e-5
2.163182e-3 1.173231e-3 -1.873527e-4
2.286120e-3 9.750202e-4 -2.623330e-4
2.124360e-3 1.343517e-3 -2.512503e-4
2.029219e-3 1.029906e-3 -1.710067e-4
2.123900e-3 1.066099e-3 -1.156930e-4
2.017454e-3 5.896478e-4 -1.867137e-4
1.371324e-3 9.262830e-4 -9.330981e-5
1.234206e-3 6.548938e-4 -1.061374e-4
1.695158e-3 1.015780e-3 -6.317173e-5
1.756964e-3 1.034478e-3 -1.630181e-4
1.845305e-3 1.070189e-3 -8.434534e-5
1.606948e-3 7.104301e-4 -1.066828e-4
3.924608e-3 8.681821e-4 -6.667570e-5
3.874449e-3 9.635063e-4 -1.059169e-4
3.363272e-3 8.826869e-4 -6.241712e-5
1.863898e-3 1.166026e-3 -1.055322e-4
1.962562e-3 1.114324e-3 -1.012923e-4
1.274420e-3 9.612190e-4 -1.312050e-4
2.423770e-3 7.407440e-4 -8.120537e-5
2.302649e-3 1.080488e-3 -3.482328e-5
2.291595e-3 1.173972e-3 -7.030072e-5
3.879331e-3 8.296070e-4 -4.711392e-5
3.803323e-3 8.609968e-4 -8.921390e-5
1.682284e-3 1.178978e-3 -1.930167e-4
9.118880e-4 7.834883e-4 -4.300613e-5
3.780517e-4 7.965391e-4 -6.623605e-5
7.008532e-4 6.223987e-4 -2.750157e-4
1.833740e-4 1.159923e-3 -4.625135e-5
2.863325e-4 9.304302e-4 -1.257608e-4
3.985353e-4 9.905840e-4 -7.075595e-5
3.735450e-3 7.854283e-4 -7.668378e-5
2.205017e-4 8.003969e-4 -6.047989e-5
1.176634e-3 1.207998e-3 -1.100230e-4
1.043802e-3 1.173280e-3 -1.022784e-4
2.694386e-3 1.073920e-3 -5.638549e-5
3.328537e-3 1.104360e-3 -1.259834e-4
3.301821e-3 1.141546e-3 -3.040083e-4
3.421421e-3 1.092101e-3 -2.020050e-4
3.306685e-3 1.003315e-3 -1.829690e-4
1.261308e-4 9.557856e-4 -1.241160e-4
3.186714e-3 1.052402e-3 -5.241589e-5
3.319946e-3 1.243127e-3 -9.421298e-5
2.350406e-3 1.145796e-3 -2.082842e-4
2.596986e-3 1.182455e-3 -1.847616e-4
6.643527e-4 8.310400e-4 -6.122054e-5
2.496559e-3 1.097227e-3 -1.875022e-4
3.343178e-3 1.141062e-3 -4.490193e-5
3.253137e-3 1.168823e-3 -8.019476e-5
2.786634e-3 7.847671e-4 -5.351895e-5
3.244045e-3 1.039015e-3 -9.716742e-5
2.119210e-3 7.635742e-4 -1.494159e-4
3.135664e-3 8.534158e-4 -2.882360e-4
1.374686e-3 1.132019e-3 -7.832465e-5
3.026172e-3 8.019303e-4 -7.824943e-5
2.925686e-3 7.718225e-4 -6.708294e-5
2.975207e-3 7.172592e-4 -1.236744e-4
1.858422e-3 8.191001e-4 -1.287805e-4
1.857197e-3 8.047401e-4 -3.808432e-5
1.874578e-3 7.140204e-4 -1.171010e-4
1.363026e-3 1.174934e-3 -1.991238e-4
2.140381e-3 9.932670e-4 -6.067632e-5
1.373034e-3 6.209855e-4 -1.670346e-4
1.428304e-3 7.023270e-4 -8.021706e-5
3.228479e-3 1.300155e-3 -1.862112e-4
3.407624e-3 1.037135e-3 -9.202597e-5
3.406767e-3 9.498646e-4 -6.342603e-5
3.507546e-3 1.053673e-3 -4.677945e-5
1.622153e-3 1.058718e-3 -1.272227e-4
1.699480e-3 1.097857e-3 -5.292375e-5
1.361054e-3 1.062669e-3 -6.859017e-5
1.260890e-3 1.102938e-3 -9.301530e-5
1.636895e-3 1.115218e-3 -4.535235e-5
3.598301e-3 9.135021e-4 -1.206430e-4
3.529274e-3 8.399172e-4 -5.990235e-5
3.455211e-3 1.078605e-3 -5.337408e-5
1.757758e-3 1.137799e-3 -8.513987e-5
2.641134e-3 8.037850e-4 -9.375411e-5
2.750240e-3 9.219483e-4 -7.758348e-5
1.125479e-4 6.556538e-4 -1.047538e-4
3.213615e-4 7.673884e-4 -1.958416e-4
2.865962e-4 6.150021e-4 -1.806279e-4
1.369544e-3 7.668168e-4 -7.294177e-5
8.507622e-4 1.122952e-3 -8.659893e-5
4.838014e-4 1.395776e-3 -2.397639e-4
2.697802e-4 1.394166e-3 -1.871271e-4
4.501411e-4 1.249827e-3 -1.198525e-4
3.867057e-4 1.169599e-3 -5.777471e-5
1.992862e-3 9.103969e-4 -3.008734e-4
1.821658e-3 8.365296e-4 -2.593613e-4
3.441368e-3 7.695368e-4 -1.836473e-4
3.548344e-3 6.864142e-4 -1.428928e-4
3.096340e-3 8.111914e-4 -5.434626e-5
1.942024e-3 1.033805e-3 -8.126272e-5
2.140760e-3 1.186318e-3 -8.265858e-5
3.477223e-3 8.822112e-4 -1.399223e-4
1.202162e-3 9.371140e-4 -6.574113e-5
2.513547e-3 4.799502e-4 -2.053975e-4
1.537233e-3 1.080843e-3 -2.648645e-4
1.499764e-3 7.530277e-4 -1.922350e-4
3.555139e-3 9.829636e-4 -7.188115e-5
2.551398e-3 8.644384e-4 -7.608206e-5
3.901990e-4 8.806125e-4 -8.681195e-5
3.818696e-3 1.077222e-3 -6.501008e-5
2.340963e-3 8.466113e-4 -1.848932e-4
3.253057e-3 1.106746e-3 -4.809512e-5
2.172299e-3 7.638313e-4 -7.322117e-5
3.596453e-3 8.023731e-4 -1.339494e-4
3.530794e-3 1.182088e-3 -1.924389e-4
1.600101e-3 1.152082e-3 -8.188078e-5
4.991219e-4 1.086928e-3 -7.214399e-5
2.980153e-3 1.106693e-3 -7.431014e-5
2.922880e-3 1.225232e-3 -9.088575e-5
1.064888e-4 1.154430e-3 -5.285309e-5
3.942681e-3 1.072637e-3 -5.129512e-5
2.766895e-3 7.050911e-4 -1.154962e-4
5.299029e-4 5.996827e-4 -1.781137e-4
3.072808e-3 7.402062e-4 -1.949143e-4
1.045532e-4 8.902728e-4 -4.759642e-5
1.907934e-4 1.236183e-3 -2.774555e-4
2.917725e-3 1.003306e-3 -1.041985e-4
2.430335e-3 1.106711e-3 -8.653237e-5
2.245547e-3 7.520534e-4 -2.161692e-4
3.039871e-3 1.118030e-3 -4.523586e-5
9.228325e-4 1.147739e-3 -1.369569e-4
3.713444e-3 1.322630e-3 -1.760298e-4
3.614135e-3 1.129694e-3 -1.054903e-4
3.069049e-3 8.721183e-4 -4.422724e-5
1.695267e-3 1.192226e-3 -7.867621e-5
1.411629e-3 1.005676e-3 -7.582003e-5
3.027421e-3 1.144807e-3 -1.451641e-4
3.644507e-3 8.840633e-4 -2.604983e-4
2.737331e-3 1.190435e-3 -2.549495e-4
2.227553e-3 8.732340e-4 -1.518214e-4
2.536430e-3 7.612266e-4 -1.147120e-4
3.813472e-3 9.647385e-4 -2.766026e-4
6.340248e-4 1.041150e-3 -5.928218e-5
3.269179e-3 8.211342e-4 -1.845522e-4
2.291678e-3 1.084692e-3 -1.195317e-4
3.111439e-3 1.075514e-3 -2.991857e-4
1.008259e-3 1.133756e-3 -4.483965e-5
6.355941e-4 1.279552e-3 -1.325377e-4
7.739649e-4 1.414406e-3 -1.796131e-4
2.478760e-3 6.784683e-4 -1.855769e-4
2.846247e-3 1.161007e-3 -1.409153e-4
3.548264e-3 7.779808e-4 -5.462150e-5
1.768543e-3 1.247976e-3 -1.203183e-4
8.398653e-4 7.069637e-4 -1.933718e-4
4.911346e-4 1.000186e-3 -1.885714e-4
3.695572e-3 1.176703e-3 -1.114922e-4
4.144074e-4 6.718479e-4 -1.144331e-4
2.934181e-3 1.237036e-3 -2.598779e-4
2.721745e-3 1.045490e-3 -1.934396e-4
2.467236e-3 8.146742e-4 -1.873555e-4
2.610172e-3 1.040677e-3 -1.275183e-4
1.226723e-3 8.554281e-4 -1.106823e-4
7.962951e-4 1.535560e-3 2.502217e-4
6.607684e-4 1.313869e-3 2.281448e-4
4.931247e-4 1.442282e-3 2.473273e-4
1.543777e-3 8.398122e-4 6.495966e-5
1.589857e-3 7.723529e-4 7.124545e-5
1.504576e-3 7.139630e-4 1.105745e-4
2.025633e-3 1.127787e-3 5.660950e-5
3.097981e-3 1.084184e-3 5.679778e-5
3.194351e-3 9.230973e-4 8.344682e-5
3.113698e-3 8.681025e-4 6.559467e-5
3.213408e-3 8.316530e-4 3.402032e-5
3.180191e-3 7.670612e-4 1.259859e-4
3.381882e-3 7.724302e-4 1.056820e-4
7.225297e-4 1.311534e-3 6.048440e-4
1.046941e-3 1.438168e-3 1.797104e-4
1.566825e-3 9.185382e-4 7.401610e-5
1.565690e-3 1.058892e-3 6.851873e-5
1.635126e-3 9.795834e-4 8.969171e-5
1.316840e-3 1.143373e-3 6.284227e-5
1.249537e-3 1.104027e-3 4.620850e-5
1.307210e-3 8.823264e-4 5.146160e-5
1.443880e-3 8.029496e-4 4.745296e-5
2.506962e-3 8.865671e-4 4.944045e-5
1.984271e-3 1.007721e-3 7.700939e-5
1.964570e-3 9.217974e-4 7.717575e-5
2.065115e-3 9.776839e-4 7.037372e-5
2.050404e-3 8.850146e-4 2.183974e-4
1.759821e-3 8.258236e-4 4.671843e-5
1.708804e-3 8.549231e-4 7.425144e-5
2.160799e-3 9.926850e-4 1.262580e-4
2.098090e-3 1.082399e-3 2.101618e-4
2.451669e-3 9.415393e-4 7.296281e-5
2.487721e-3 1.047157e-3 5.047038e-5
2.591124e-3 1.010014e-3 1.224587e-4
2.442611e-3 1.154220e-3 2.564490e-4
2.460612e-3 1.039781e-3 1.509425e-4
2.381450e-3 9.525868e-4 3.129263e-4
2.248352e-3 1.066097e-3 2.018646e-4
2.675039e-3 1.104941e-3 4.178930e-5
1.045691e-3 1.767661e-3 5.145771e-4
2.088460e-3 1.112425e-3 4.833732e-5
2.150117e-3 1.079918e-3 3.616345e-5
1.455587e-4 7.287506e-4 7.164458e-5
1.242033e-4 7.683951e-4 1.644601e-4
1.532521e-3 9.518546e-4 2.331761e-4
1.695012e-3 9.763538e-4 2.085152e-4
1.576671e-3 7.671340e-4 2.602555e-4
1.619712e-3 8.590870e-4 1.300567e-4
1.482547e-3 8.595867e-4 5.292109e-5
1.461204e-3 9.256314e-4 8.363076e-5
1.034684e-3 8.048075e-4 5.831077e-5
9.708973e-4 8.316467e-4 5.063545e-5
2.227327e-3 7.295153e-4 1.076923e-4
2.908917e-3 8.069221e-4 7.702799e-5
2.496912e-3 1.362276e-3 2.489852e-4
2.201989e-3 1.407738e-3 1.774373e-4
2.422769e-3 1.295935e-3 4.934578e-4
2.099370e-3 1.539542e-3 3.792979e-4
1.809086e-3 1.071835e-3 6.551751e-5
1.897075e-3 8.575563e-4 5.273191e-5
1.827234e-3 8.594234e-4 7.205549e-5
1.635837e-3 6.967307e-4 9.577100e-5
1.579812e-3 5.593628e-4 2.087485e-4
1.833194e-3 7.929085e-4 5.377780e-5
1.808969e-3 7.085788e-4 9.514320e-5
6.202695e-4 1.046558e-3 6.242732e-5
6.854306e-4 9.486487e-4 1.281396e-4
5.955192e-4 9.670984e-4 7.789435e-5
1.881832e-3 1.056660e-3 5.533194e-5
1.625854e-3 1.087757e-3 5.231221e-5
1.533667e-3 1.191654e-3 1.033188e-4
1.225102e-3 6.607271e-4 2.166153e-4
1.904669e-3 1.123283e-3 1.157541e-4
2.351770e-3 8.377792e-4 3.412674e-5
2.858293e-4 1.094317e-3 4.620695e-5
2.755262e-3 8.558968e-4 4.979303e-5
2.766324e-3 9.317277e-4 6.846367e-5
1.230035e-3 1.238816e-3 1.314109e-4
1.369125e-3 1.210253e-3 1.351872e-4
2.605963e-3 9.424175e-4 4.965054e-4
3.087866e-3 9.297861e-4 5.032414e-4
2.086437e-3 1.055658e-3 9.241694e-5
2.049836e-3 8.480300e-4 7.076362e-5
1.840551e-3 9.883468e-4 7.019469e-5
1.112134e-4 1.143306e-3 7.716441e-5
3.612692e-4 1.304618e-3 1.377931e-4
5.979362e-4 1.240170e-3 1.159338e-4
4.112272e-4 1.176160e-3 1.270732e-4
3.442705e-4 1.064475e-3 6.240381e-5
2.821696e-3 8.617093e-4 6.640787e-5
6.431371e-4 6.494954e-4 4.225322e-4
6.103563e-4 9.504379e-4 4.581160e-4
7.365653e-4 8.567037e-4 2.724931e-4
5.743816e-4 7.917380e-4 2.660731e-4
4.465592e-4 8.325097e-4 3.322232e-5
1.825421e-4 1.073303e-3 6.687495e-5
2.526031e-4 4.267133e-4 2.231570e-4
1.536968e-3 1.125867e-3 5.680555e-5
1.491312e-3 1.067004e-3 8.215514e-5
2.717035e-4 1.035417e-3 6.556789e-5
2.421779e-4 1.121014e-3 7.218796e-5
2.115242e-4 1.475569e-3 1.886088e-4
2.457087e-3 8.402550e-4 3.572580e-5
2.560714e-3 8.157300e-4 4.887287e-5
3.508467e-3 7.229288e-4 8.036314e-5
3.408319e-3 6.563841e-4 1.619353e-4
2.077257e-3 1.203242e-3 9.237434e-5
2.266467e-3 1.177902e-3 1.434476e-4
2.027572e-3 1.263883e-3 2.286761e-4
3.535516e-3 9.348491e-4 7.537022e-5
3.544034e-3 1.030369e-3 7.960821e-5
2.494049e-3 1.178736e-3 7.429107e-5
2.486641e-3 1.108550e-3 5.461175e-5
2.785483e-3 7.863423e-4 1.994991e-4
2.908912e-3 8.495787e-4 2.061384e-4
2.657130e-3 1.030835e-3 6.000037e-5
2.668863e-3 1.123619e-3 1.194859e-4
2.756402e-3 1.017257e-3 1.084223e-4
3.164812e-3 1.010469e-3 7.047522e-5
3.022906e-3 1.102707e-3 4.853720e-5
2.935919e-3 1.101474e-3 4.709210e-5
2.582737e-3 1.652250e-3 3.586607e-4
9.669949e-4 1.070686e-3 8.614116e-5
1.754477e-3 6.501582e-4 2.368591e-4
1.698761e-3 7.812951e-4 8.136891e-5
3.022262e-3 7.996808e-4 5.663891e-5
2.967405e-3 8.780494e-4 5.903252e-5
3.445560e-3 8.121673e-4 3.905775e-5
3.405743e-3 8.781817e-4 5.938514e-5
3.318609e-3 8.301513e-4 6.218131e-5
3.699532e-3 1.153151e-3 6.108335e-5
3.806060e-3 1.267540e-3 1.180601e-4
3.773891e-3 1.156256e-3 9.354429e-5
3.560009e-3 1.337049e-3 2.081000e-4
3.431663e-3 1.543259e-3 3.767226e-4
2.765127e-3 1.201672e-3 1.197137e-4
1.697752e-3 1.106991e-3 6.681395e-5
3.788551e-3 9.893620e-4 7.295859e-5
3.715465e-3 1.029051e-3 1.344917e-4
3.738367e-3 1.094334e-3 6.740317e-5
3.925149e-3 1.043178e-3 4.966530e-5
3.908926e-3 9.442899e-4 6.834053e-5
3.751094e-3 1.163795e-3 2.329229e-4
3.861511e-3 1.155700e-3 9.242631e-5
5.302441e-4 1.198413e-4 5.208532e-4
1.926435e-3 7.351475e-4 1.045962e-4
1.948524e-3 8.240666e-4 8.453794e-5
1.883148e-3 8.530085e-4 1.939517e-4
2.498877e-4 8.010170e-4 5.000000e-4
4.692478e-4 6.990142e-4 9.708197e-5
5.471637e-4 8.033258e-4 6.797961e-5
1.175701e-3 1.104605e-3 4.331242e-5
2.876797e-3 1.101150e-3 4.747215e-5
1.157606e-3 7.956852e-4 5.816242e-5
1.130473e-3 7.177967e-4 8.843846e-5
2.507227e-4 9.141777e-4 5.841693e-5
2.446646e-4 8.414461e-4 1.017018e-4
2.464205e-4 9.802822e-4 1.662303e-4
1.153978e-4 9.195281e-4 1.434777e-4
1.049061e-3 1.039672e-3 4.208854e-5
3.279788e-4 1.465334e-3 5.453415e-4
5.556328e-4 1.205703e-3 3.747156e-4
2.537664e-4 1.158627e-3 2.345736e-4
1.335814e-3 7.896821e-4 7.005794e-5
1.382158e-3 8.412074e-4 7.700887e-5
3.039010e-3 8.682667e-4 6.449224e-5
3.848090e-3 1.088697e-3 1.626455e-4
3.891780e-3 8.490536e-4 1.984772e-4
3.258841e-3 6.492058e-4 1.255486e-4
3.263536e-3 7.741585e-4 5.524235e-5
3.205979e-3 1.209333e-3 1.020846e-4
3.278253e-3 1.143448e-3 5.290126e-5
3.666924e-3 3.096332e-4 3.258112e-4
3.059186e-3 5.064042e-4 5.128485e-4
3.295450e-3 5.051636e-4 2.500000e-4
3.272415e-3 7.863218e-5 4.956566e-4
1.449539e-3 1.165255e-3 6.574993e-5
2.422158e-3 1.098969e-3 5.064426e-5
2.922326e-3 6.989897e-4 1.144066e-4
9.354094e-4 1.168192e-3 5.966468e-5
9.042055e-4 1.097856e-3 5.345802e-5
1.032508e-3 1.152562e-3 6.421534e-5
1.048969e-3 8.616701e-4 3.797181e-5
1.359857e-3 5.480683e-4 1.720424e-4
1.018852e-3 9.351797e-4 6.721831e-5
8.683702e-4 6.803425e-4 1.284078e-4
7.493138e-4 7.661597e-4 1.510864e-4
8.228033e-4 7.792445e-4 6.722778e-5
3.123591e-3 1.327727e-3 1.442399e-4
3.230853e-3 1.130199e-3 2.034610e-4
3.333068e-3 1.280234e-3 1.619907e-4
3.186890e-3 1.221424e-3 4.091160e-4
3.076405e-3 9.368305e-4 5.818966e-5
3.143115e-3 8.398601e-4 2.211106e-4
2.684360e-3 9.464834e-4 8.707118e-5
2.598166e-3 8.800915e-4 4.833636e-5
2.362765e-3 1.132722e-3 3.851156e-5
2.849817e-3 1.012263e-3 7.017882e-5
3.239986e-3 1.040731e-3 1.033082e-4
3.081452e-4 1.087713e-3 4.621525e-4
1.278853e-3 1.122933e-3 1.526922e-4
1.658709e-3 1.254413e-3 1.288811e-4
1.645438e-3 1.219322e-3 4.187418e-4
1.469428e-3 1.302827e-3 1.921406e-4
1.611808e-3 1.107631e-3 1.841040e-4
3.772631e-4 7.907329e-4 4.959333e-5
2.653740e-3 5.314810e-4 4.663304e-4
2.637165e-3 7.940718e-4 3.024140e-4
3.027744e-3 7.457141e-4 3.112820e-4
3.329657e-4 1.156274e-3 6.707411e-5
2.897809e-3 1.210334e-3 9.749755e-5
2.825212e-3 1.397876e-3 2.167979e-4
1.108512e-3 1.221133e-3 1.190027e-4
8.525320e-4 1.226122e-3 9.303107e-5
1.235420e-3 8.521243e-4 5.308078e-5
8.506443e-4 5.506775e-4 2.652915e-4
9.264792e-4 8.010890e-4 2.427286e-4
6.349119e-4 1.131719e-3 6.197532e-5
6.969581e-4 1.073948e-3 8.532172e-5
7.686694e-4 8.133379e-4 5.189812e-5
2.286826e-4 1.227214e-3 1.240522e-4
2.230806e-3 1.143071e-3 3.587841e-5
3.504370e-3 1.119389e-3 4.740885e-5
1.258326e-3 7.928869e-4 6.096867e-5
2.160749e-3 1.125568e-3 4.566391e-4
1.967512e-3 1.102856e-3 4.336769e-5
2.229380e-3 9.964855e-4 5.970253e-5
2.283609e-3 9.237750e-4 5.714934e-5
2.191684e-3 8.625025e-4 5.045946e-5
3.935605e-3 1.137789e-3 5.235002e-5
2.797663e-3 5.509182e-4 1.768212e-4
2.503728e-3 7.661258e-4 1.070698e-4
2.529910e-3 9.007207e-4 1.344701e-4
3.546038e-3 1.162198e-3 7.675698e-5
3.510138e-3 1.112607e-3 2.012145e-4
3.626270e-3 1.153552e-3 1.265715e-4
3.025850e-3 1.659444e-3 3.556266e-4
2.930682e-3 1.323002e-3 5.105621e-4
3.373626e-3 1.114770e-3 1.190348e-4
3.418916e-3 1.089996e-3 5.832951e-5
5.695850e-4 7.221202e-4 8.514109e-5
6.804679e-4 7.791938e-4 6.007274e-5
2.691858e-3 8.476033e-4 6.471113e-5
3.799672e-3 5.399530e-4 1.624405e-4
3.485893e-3 8.678888e-4 5.971036e-5
3.124089e-3 5.950105e-4 1.718858e-4
3.930852e-3 7.941609e-4 5.083090e-5
3.861905e-3 7.991830e-4 8.196763e-5
3.943820e-3 8.582246e-4 5.161951e-5
1.382619e-3 7.114470e-4 1.305751e-4
2.402498e-3 8.729942e-4 8.485492e-5
2.310408e-3 1.016725e-3 8.751372e-5
2.308093e-3 7.482733e-4 7.077687e-5
1.166830e-3 3.905419e-4 3.013731e-4
5.706103e-4 1.162464e-3 5.103676e-5
8.593537e-4 9.160596e-4 6.661032e-5
8.226873e-4 8.488924e-4 4.988964e-5
8.935943e-4 8.509723e-4 3.607954e-5
9.142258e-4 8.608532e-4 1.287951e-4
4.297036e-4 1.114243e-3 2.491133e-4
4.128339e-4 1.070481e-3 8.735804e-5
3.421176e-4 9.520561e-4 9.043193e-5
6.781899e-4 1.049724e-3 2.516673e-4
5.792372e-4 1.139934e-3 1.883960e-4
7.780979e-5 1.006993e-3 8.122670e-5
1.703500e-4 9.813639e-4 7.912855e-5
8.390825e-4 1.103028e-3 8.784806e-5
1.378564e-3 1.013806e-3 6.351727e-5
3.117476e-3 7.942473e-4 7.018245e-5
3.808327e-3 1.074838e-3 6.239532e-5
3.783659e-3 7.572531e-4 9.211246e-5
2.994527e-3 1.188364e-3 7.083508e-5
2.990773e-3 1.128176e-3 2.034433e-4
2.918395e-3 1.062384e-3 1.199344e-4
1.878533e-3 1.260961e-3 1.500292e-4
2.597119e-3 1.164015e-3 7.676622e-5
2.298962e-3 1.102997e-3 5.344885e-5
2.234095e-3 1.075406e-3 8.295598e-5
2.069096e-3 5.932746e-4 1.519384e-4
2.065077e-3 7.229604e-4 9.441028e-5
2.174179e-3 1.191553e-3 6.778827e-5
1.363268e-3 1.095061e-3 4.226132e-5
3.876166e-3 1.085597e-3 6.917489e-5
2.272881e-3 7.408000e-4 3.141754e-4
1.910895e-3 9.120659e-4 5.042334e-4
4.870639e-4 1.142336e-3 7.195691e-5
2.861069e-4 8.478371e-4 4.664563e-5
6.559399e-4 8.979656e-4 6.086069e-5
5.937638e-4 8.619469e-4 1.094008e-4
9.865059e-4 7.069836e-4 8.849853e-5
1.047558e-3 7.707344e-4 1.347365e-4
6.092209e-4 7.989941e-4 4.908496e-5
2.969673e-3 7.461929e-4 7.772442e-5
3.608153e-4 8.514990e-4 9.343054e-5
4.759205e-4 9.457322e-4 1.515986e-4
2.355686e-4 8.241063e-4 2.505161e-4
6.505988e-4 6.856316e-4 1.624702e-4
4.281514e-4 6.792612e-4 2.221063e-4
1.301816e-3 1.384586e-3 2.484244e-4
1.403306e-3 1.128331e-3 2.621962e-4
1.055583e-3 1.206153e-3 2.729143e-4
1.023257e-3 1.266220e-4 5.590972e-4
2.305275e-4 7.178202e-4 1.184597e-4
7.481529e-4 1.119612e-3 5.638950e-5
5.502640e-4 1.072819e-3 7.275451e-5
2.902462e-3 9.435566e-4 9.510849e-5
2.971146e-3 1.002645e-3 7.368831e-5
3.667612e-3 1.061642e-3 5.214679e-5
2.650606e-3 7.906865e-4 6.496270e-5
2.723873e-3 7.671486e-4 5.284209e-5
3.262865e-3 1.087731e-3 3.034682e-5
1.602394e-3 8.554122e-4 4.847967e-5
3.609801e-3 1.116136e-3 3.126575e-5
3.631918e-3 1.003690e-3 9.285285e-5
3.562760e-3 9.318429e-4 1.868290e-4
2.437330e-3 6.456210e-4 1.071596e-4
2.512175e-3 4.726052e-4 2.284702e-4
2.447447e-3 8.016734e-4 2.442558e-4
1.196479e-3 1.049634e-3 4.588104e-5
1.665958e-4 8.789128e-4 5.575137e-5
4.875657e-4 8.514503e-4 8.524270e-5
3.759209e-3 9.115911e-4 2.421945e-4
3.733822e-3 7.401122e-4 2.058036e-4
2.371953e-3 1.247682e-3 1.006730e-4
3.822494e-3 8.933379e-4 1.020637e-4
2.232630e-3 6.317861e-4 5.753570e-4
1.703491e-3 5.141195e-4 5.097574e-4
3.535478e-3 8.159457e-4 4.982569e-5
3.601409e-3 8.387795e-4 5.251555e-5
3.425429e-3 8.747396e-4 5.526077e-4
3.689907e-3 6.457659e-4 4.155180e-4
3.431515e-3 1.181733e-3 7.842577e-5
1.893955e-3 1.175225e-3 4.016619e-4
1.905483e-3 1.011713e-3 1.720314e-4
2.112695e-3 8.624659e-4 4.898907e-5
2.378897e-3 7.729520e-4 9.850226e-5
2.756891e-3 8.842753e-5 5.000000e-4
2.664392e-3 8.572078e-4 1.555971e-4
3.447624e-3 8.517926e-4 1.357176e-4
1.742704e-3 1.050533e-3 6.501679e-5
1.647967e-3 2.123607e-5 4.853065e-4
2.581062e-3 1.106274e-3 1.899575e-4
2.744403e-3 9.389939e-4 2.267403e-4
2.747364e-3 1.110973e-3 2.394280e-4
2.647443e-3 7.335078e-4 1.494715e-4
3.343128e-3 1.062006e-3 5.718164e-5
3.373211e-3 1.149964e-3 4.985809e-5
7.602792e-4 1.202325e-3 8.711554e-5
3.795271e-3 1.392091e-3 2.894871e-4
1.052021e-3 5.899672e-4 2.084741e-4
9.165091e-4 5.603255e-4 6.211185e-4
1.132351e-3 8.191418e-4 2.520008e-4
3.596966e-3 7.874345e-4 1.146298e-4
3.707907e-3 7.975063e-4 9.175417e-5
3.280792e-3 9.225542e-4 8.722800e-5
9.453795e-5 8.896750e-4 4.947297e-5
6.495909e-5 8.228663e-4 4.426618e-5
3.449843e-3 1.170406e-3 4.711795e-4
3.051087e-3 1.022168e-3 1.012573e-4
3.239216e-3 9.794998e-4 2.003530e-4
8.700163e-4 9.982099e-4 8.200397e-5
3.576296e-3 5.411633e-4 2.056616e-4
3.820825e-3 8.335337e-4 5.269233e-5
7.860888e-4 1.051578e-3 5.604392e-5
2.667215e-3 1.265472e-3 3.690830e-4
2.604793e-3 1.261159e-3 1.129942e-4
2.009483e-3 7.879221e-4 5.881785e-5
1.149849e-3 8.536356e-4 1.138707e-4
1.234780e-3 9.117704e-4 1.037243e-4
2.210019e-3 8.057729e-4 6.576871e-5
2.228432e-3 9.250809e-4 2.223091e-4
2.144662e-3 8.653682e-4 1.305693e-4
1.295263e-3 1.017128e-3 6.887568e-5
8.292985e-4 1.158906e-3 2.505558e-4
1.124674e-3 1.324354e-3 5.215388e-4
1.115210e-3 1.127698e-3 9.757217e-5
2.119025e-3 7.978674e-4 6.315941e-5
2.129330e-3 7.380629e-4 2.158457e-4
2.796352e-3 7.013933e-4 1.091670e-4
2.214878e-3 5.269997e-4 2.912556e-4
1.099756e-3 8.187685e-4 4.588380e-5
9.805026e-4 1.082412e-3 1.998903e-4
1.436056e-3 1.100120e-3 6.019461e-5
3.172897e-3 1.096518e-3 6.809929e-5
1.526320e-3 1.473447e-3 3.603502e-4
6.333213e-5 1.084518e-3 4.282720e-5
2.277002e-3 1.758987e-4 5.003386e-4
2.770852e-3 1.102706e-3 4.810912e-5
9.175492e-4 7.878009e-4 6.616758e-5
3.290133e-3 7.702436e-4 1.728661e-4
2.620490e-3 1.092386e-3 4.804917e-5
1.502298e-3 8.234508e-4 1.515922e-4
3.086330e-3 1.144055e-3 9.455019e-5
1.065696e-3 9.250823e-4 1.729955e-4
1.105738e-3 9.255524e-4 6.885500e-5
3.470758e-3 1.050582e-3 8.127169e-5
4.839572e-4 1.024134e-3 5.687244e-5
1.755051e-3 1.123516e-3 2.488603e-4
3.000170e-3 9.178668e-4 1.532142e-4
1.134216e-3 1.003171e-3 9.640532e-5
1.321706e-3 6.154832e-4 5.021469e-4
3.857074e-3 6.987279e-4 1.606944e-4
1.241512e-3 1.009101e-3 1.541226e-4
3.753902e-3 8.610260e-4 5.583607e-5
7.383650e-4 8.813110e-4 7.726580e-5
6.552846e-4 8.326829e-4 4.192145e-5
1.974991e-3 1.191656e-3 9.653149e-5
3.153186e-4 7.714064e-4 9.699527e-5
6.142397e-4 4.398197e-4 2.500000e-4
1.118939e-3 9.286432e-4 5.020594e-4
2.394094e-3 1.035668e-3 6.865654e-5
1.366733e-3 9.271803e-4 3.735954e-4
2.319794e-4 7.804058e-4 6.042950e-5
3.689745e-3 8.563443e-4 5.870813e-5
3.408502e-3 9.601716e-4 8.169682e-5
2.267889e-3 8.552000e-4 4.976841e-5
1.785148e-3 1.740873e-3 4.573310e-4
1.816869e-3 1.388552e-3 2.755028e-4
1.206417e-3 7.639113e-4 1.216347e-4
3.080280e-3 7.277409e-4 1.092807e-4
1.807480e-3 1.154397e-3 1.081243e-4
2.793092e-3 7.929666e-4 4.736059e-5
9.355907e-4 9.304405e-4 6.965045e-5
8.162213e-4 8.881173e-4 1.411834e-4
8.011087e-4 1.009019e-3 1.555729e-4
3.673381e-3 9.252310e-4 8.850041e-5
1.136740e-3 1.048275e-3 2.369840e-4
1.955803e-3 4.086615e-4 3.008781e-4
1.603681e-3 9.441619e-4 5.109169e-4
1.307635e-3 8.101093e-4 1.734178e-4
3.502186e-3 7.909605e-4 2.656207e-4
3.301289e-3 7.221561e-4 3.393913e-4
3.352111e-3 9.166314e-4 1.615388e-4
2.908246e-3 1.024032e-3 3.022645e-4
1.377583e-3 9.238479e-4 1.714807e-4
4.294073e-4 7.863794e-4 1.345258e-4
1.935591e-3 6.976529e-4 2.324815e-4
2.136385e-3 1.123236e-3 1.015190e-4
2.393582e-3 1.139662e-3 1.205910e-4
1.768655e-3 8.650406e-4 1.361272e-4
2.550026e-3 1.096371e-3 5.541368e-5
2.294420e-3 8.156114e-4 1.698346e-4
1.771100e-3 1.154879e-3 4.726883e-5
CELLS 14442 72210
4 1970 357 270 269
4 1971 1223 1225 1107
4 1972 654 566 565
4 749 837 836 1973
4 1974 552 553 1144
4 1975 822 1976 821
4 1975 1376 1423 1338
4 1977 1221 1152 1290
4 1978 1455 1979 1435
4 1980 1189 1293 478
4 1981 1982 1220 1288
4 1983 1984 1985 1986
4 1987 1988 1989 1990
4 1991 1992 455 1167
4 1993 1994 1995 1996
4 1980 1997 301 213
4 1998 1081 1999 1079
4 2000 1567 2001 1566
4 2002 1481 1478 1482
4 2003 2004 1177 468
4 1145 2005 585 584
4 2006 2007 2008 2009
4 2010 1924 966 932
4 2011 562 2012 561
4 384 471 2009 2006
4 2013 1537 1573 1536
4 2005 762 849 850
4 2014 2015 2016 2017
4 1570 1561 69 1395
4 2018 879 1357 1413
4 2019 1418 1384 1395
4 2020 1474 1987 809
4 2021 2022 392 304
4 2023 2024 2025 2026
4 2027 744 655 743
4 2028 1972 653 741
4 2029 187 2030 1017
4 2031 2032 1456 1439
4 2033 643 556 555
4 1994 1993 1009 924
4 502 415 2034 2035
4 2035 2034 2036 416
4 2010 1922 2037 157
4 2038 2039 2040 2041
4 2042 1981 2043 401
4 2044 711 712 623
4 2045 628 541 540
4 2041 1530 2046 2047
4 822 821 2033 1976
4 2048 209 1080 1082
4 2049 273 185 184
4 2050 62 1572 1563
4 2051 709 708 797
4 739 740 2028 651
4 756 2052 668 2053
4 2054 1086 927 956
4 2055 777 865 866
4 2056 770 683 682
4 2057 203 290 291
4 378 465 2004 466
4 1059 60 1049 171
4 2058 1280 2059 1216
4 2009 383 296 295
4 2033 1975 1976 821
4 2060 2061 2062 1263
4 2025 1380 2063 832
4 2064 2043 2016 2065
4 1892 525 1884 27
4 1892 1884 525 1893
4 2066 2067 2068 1546
4 2069 693 782 694
4 1886 2070 2071 2072
4 2073 971 1571 1526
4 2073 1023 1020 976
4 2035 326 239 238
4 2056 771 858 859
4 2074 1112 495 494
4 2075 794 707 706
4 2076 2030 2077 1013
4 2078 2079 2080 2081
4 2082 2083 2084 1224
4 567 656 2085 568
4 2086 1054 2087 1070
4 1997 2088 1977 1287
4 2033 2089 820 732
4 2027 567 655 656
4 2090 236 323 324
4 2091 2092 2035 2093
4 2094 168 962 971
4 2035 414 327 326
4 2095 496 495 1112
4 880 881 67 1469
4 2096 1978 1411 1459
4 2097 2098 189 188
4 2044 799 1369 800
4 2099 706 619 618
4 2100 824 823 1378
4 2101 828 1454 1379
4 2102 1399 1978 1435
4 2103 442 1232 1095
4 1977 1106 1189 477
4 2104 999 937 1535
4 2029 274 187 186
4 2105 992 994 1029
4 2106 2107 2108 2109
4 2055 689 688 777
4 2096 640 2110 639
4 1978 1435 1399 1447
4 2111 2112 1986 1985
4 2113 2012 1185 560
4 2012 1977 2114 1190
4 2084 2115 219 2116
4 2117 2118 2119 2120
4 1907 1898 789 22
4 2121 2122 2123 2124
4 1940 1311 1159 1199
4 174 1939 1938 262
4 2125 2126 2037 2010
4 2090 499 412 411
4 410 2127 497 2128
4 959 2129 176 2130
4 2131 1574 2132 1554
4 551 2133 1172 2110
4 2134 705 792 793
4 2135 1381 2136 165
4 1396 1381 165 1363
4 2075 705 793 794
4 2035 949 1020 916
4 2137 229 230 954
4 2138 1507 868 1367
4 2068 2139 1559 1544
4 2140 2001 1361 1487
4 2124 156 1406 1391
4 2121 1911 1899 1906
4 2123 1229 1196 1297
4 780 868 867 2141
4 2142 764 677 676
4 1994 2143 1993 2144
4 2145 1198 2146 1123
4 1899 2123 613 1157
4 2147 1401 1409 1404
4 2148 1002 2073 994
4 433 520 432 2149
4 872 2150 784 785
4 2151 1896 1894 1885
4 2152 1411 818 817
4 1991 368 2153 2154
4 2045 1251 2155 1134
4 2156 1983 2157 2158
4 2159 2160 588 1143
4 2161 1498 1497 1494
4 2162 2135 2134 2163
4 970 1517 985 56
4 2164 427 340 339
4 2165 509 1166 1253
4 2166 2002 2167 2053
4 2122 2123 2124 2168
4 2169 2170 2047 1531
4 2171 1315 2172 2173
4 869 780 781 2141
4 1931 1939 174 50
4 1941 45 940 159
4 2013 1050 937 1041
4 2174 1211 1210 1173
4 2175 1141 1320 1211
4 1224 1193 2083 2084
4 2176 206 205 294
4 2044 711 2177 710
4 2019 1518 1413 1395
4 2159 2160 2178 2179
4 2180 593 1139 1258
4 2181 1503 2055 2182
4 2056 593 2180 681
4 2042 1981 2183 2184
4 2083 1193 1292 2185
4 403 491 2043 2016
4 670 669 581 2186
4 2187 2188 861 1346
4 2189 2107 506 507
4 1993 2172 514 2173
4 1990 1169 1101 1306
4 2111 1986 2112 2190
4 610 611 2191 1126
4 2187 861 2188 2192
4 151 1509 1889 20
4 151 20 1552 1509
4 2021 2193 2194 2116
4 2085 1225 2082 1971
4 2028 1290 1152 565
4 2050 1925 126 1515
4 2103 354 267 266
4 2033 556 643 644
4 2195 2196 1984 2197
4 229 2074 2198 2137
4 2166 2000 2001 1484
4 2199 951 1018 1023
4 2055 689 777 778
4 2200 2170 2201 2047
4 1967 1403 129 1963
4 1405 2134 1381 1393
4 2202 1058 963 1063
4 1999 1087 1074 2203
4 2070 2204 2071 2072
4 2205 2206 2207 2208
4 1445 2044 1446 1432
4 1939 50 262 174
4 2205 2209 2210 2189
4 2211 2212 1369 1453
4 2045 540 627 628
4 2205 2207 2206 2213
4 2125 157 2010 2037
4 2051 532 531 620
4 1931 958 145 50
4 2134 2214 2163 1951
4 2215 159 1941 940
4 2216 1521 2217 1522
4 2218 1408 1362 1400
4 2219 2026 2063 2220
4 2221 1072 1063 963
4 2222 496 2095 1112
4 2022 480 391 479
4 2223 1025 1023 976
4 2224 1982 2225 2226
4 2227 1046 1054 1056
4 2228 2229 1934 1942
4 2205 2206 2209 2213
4 2230 1249 2155 1100
4 1972 2085 567 2027
4 1523 1469 67 1512
4 1523 1558 67 1469
4 1979 1523 1558 1532
4 756 668 757 2053
4 2226 2231 2232 2024
4 1212 2160 1271 2233
4 1939 1930 1938 262
4 50 1939 262 49
4 1931 174 958 50
4 2234 207 208 953
4 2134 2135 2136 1951
4 2235 2236 739 826
4 2237 2238 265 353
4 2130 1944 1935 1933
4 2226 2024 2225 2239
4 2227 2137 1046 1055
4 2063 1380 1349 834
4 167 2148 985 934
4 985 1517 167 56
4 970 1560 166 960
4 2240 2036 2107 418
4 2241 253 1011 1008
4 970 2242 975 985
4 340 2164 341 429
4 2149 430 431 343
4 2243 697 786 2122
4 1298 1237 2244 2245
4 2164 252 340 341
4 2126 974 2129 2246
4 2013 1537 1986 2104
4 2205 2165 2209 2189
4 2156 462 2158 463
4 2177 622 535 534
4 2247 258 257 346
4 2142 2248 2249 1372
4 2250 2152 729 641
4 571 659 658 2232
4 2159 589 590 1142
4 2251 2252 2253 2254
4 2192 772 860 861
4 2240 242 1032 241
4 2028 565 652 653
4 2044 801 713 712
4 2123 153 2255 1158
4 2256 631 632 543
4 2212 801 802 713
4 2256 1168 1138 1207
4 2250 1974 552 553
4 2257 1339 1442 1433
4 2058 1308 1216 1279
4 2236 2032 2031 2258
4 2259 2033 2089 1975
4 246 2106 2260 334
4 2260 247 334 335
4 2011 562 649 650
4 2012 561 1149 1185
4 2261 2197 2008 1541
4 2251 2262 2257 2263
4 2264 201 2057 950
4 2179 764 851 852
4 572 573 2226 1155
4 1263 2159 1305 2062
4 2093 1115 501 1266
4 720 2256 632 1987
4 2122 698 611 2191
4 1416 1355 1918 1919
4 1355 1919 95 1915
4 2251 2252 2254 2265
4 1997 1106 475 1287
4 2266 2203 2054 2221
4 1056 2042 1054 2227
4 1993 338 337 426
4 2062 1305 1115 1266
4 2267 1554 2104 1537
4 2251 2263 2257 2252
4 2150 1401 2147 1394
4 696 2119 784 783
4 2119 607 695 696
4 2135 1966 1961 1963
4 2106 2165 509 508
4 1374 2167 1343 2268
4 2251 2257 2253 2252
4 2050 1515 126 1563
4 2050 980 1926 1923
4 444 1970 1096 2103
4 2050 1923 126 1925
4 229 230 318 2074
4 2112 2269 2270 2271
4 2156 2157 288 376
4 2123 1158 1196 1157
4 2251 2257 2262 2212
4 2127 497 1113 498
4 2106 510 2260 422
4 2109 246 2260 1000
4 2207 1250 511 1118
4 2023 1380 2025 1437
4 2233 1271 1212 1323
4 2272 2273 2086 2274
4 2275 2040 1530 1567
4 1977 1971 2276 2220
4 1972 1188 1290 565
4 2277 1037 2278 1031
4 385 386 473 2006
4 2020 1989 2263 1340
4 2018 2279 1413 1426
4 2262 716 2045 715
4 2251 1989 2252 2265
4 1970 270 357 358
4 2280 2281 2282 1132
4 2224 2283 2284 2225
4 2140 2201 2248 2066
4 2000 2001 1484 1473
4 2142 589 678 590
4 2140 2248 2001 1486
4 2285 2233 2286 2040
4 2123 1911 1902 1909
4 1976 735 822 823
4 2114 1190 1977 1325
4 648 2113 2012 2011
4 2115 306 393 394
4 2011 649 562 561
4 2287 842 843 754
4 2190 284 285 197
4 2262 717 2045 716
4 1048 168 58 169
4 2202 2221 2274 1069
4 739 828 827 2236
4 65 1473 1519 882
4 2284 664 753 665
4 2256 1990 1209 1257
4 1970 446 2288 2289
4 2157 464 1103 1269
4 2256 1257 1138 544
4 2290 538 1132 537
4 1980 389 478 390
4 2231 2226 2291 2239
4 305 218 2194 217
4 2157 376 465 377
4 2292 379 2004 380
4 2293 2003 2004 1214
4 2145 2255 2071 2072
4 2294 979 972 977
4 2145 1122 2244 1233
4 2070 2295 2296 1542
4 2151 957 2072 260
4 2294 979 983 961
4 2050 62 999 1572
4 2050 980 62 1563
4 1970 914 964 181
4 2241 341 252 2164
4 2242 985 970 1517
4 2248 1489 1344 1486
4 2198 315 227 2065
4 2128 2039 2095 2297
4 57 1014 168 1526
4 2148 971 2073 1002
4 2298 1370 1360 1499
4 1562 2299 1516 1576
4 2300 1417 1397 1407
4 2301 2147 2302 1409
4 1406 2147 2243 2124
4 2303 2304 1525 1540
4 2022 392 304 303
4 2285 2005 2286 2160
4 2183 2272 2184 1982
4 61 1050 1573 1514
4 2210 683 2192 684
4 2305 2076 2306 2049
4 2215 958 1941 1931
4 2010 1928 1922 158
4 2289 360 361 2049
4 2044 711 798 799
4 780 692 2141 779
4 1425 2301 1417 1414
4 2181 1351 1506 866
4 2153 1990 2155 1992
4 2305 2306 2076 2132
4 2307 929 194 1045
4 2226 2232 571 2308
4 2023 1380 1437 1349
4 1973 837 1353 838
4 2309 1379 2101 1454
4 2183 2185 486 398
4 2232 2024 2219 2083
4 2131 2230 2305 2310
4 2176 381 382 293
4 2006 384 471 472
4 2268 1343 1374 848
4 2311 500 499 1114
4 2065 227 2137 1055
4 2160 675 588 587
4 2091 916 1020 1015
4 2094 1048 962 168
4 1020 2092 1023 2073
4 2035 328 327 416
4 2312 1061 1052 938
4 2032 2218 1362 1512
4 2309 1422 1348 830
4 2313 2015 2017 2041
4 2064 1324 1183 1218
4 2064 1324 1283 1332
4 2087 2015 1568 2314
4 2085 2082 1295 1194
4 2022 1971 1225 1107
4 213 302 301 1980
4 88 986 991 1876
4 991 9 1880 89
4 166 991 1560 89
4 1980 1293 1977 1971
4 2272 2083 2116 2303
4 2113 735 648 647
4 227 228 2198 2137
4 2305 2076 2030 2132
4 2315 1161 1204 1333
4 2305 2076 2049 2030
4 2221 2203 1072 963
4 2063 1380 833 832
4 382 2176 2009 2316
4 2286 1374 1344 850
4 2028 1972 565 653
4 2316 470 2009 382
4 429 2164 2241 2317
4 2100 1439 1427 1420
4 2318 616 704 705
4 2262 1339 1368 1457
4 2154 280 191 1991
4 2177 1129 534 535
4 2153 456 369 368
4 2306 2132 935 996
4 2085 2308 2219 2082
4 2239 2231 2226 2024
4 2319 2007 2114 2088
4 2045 627 626 715
4 715 802 2212 2262
4 2320 807 2263 1989
4 2321 212 1997 213
4 2022 391 480 392
4 2084 395 484 396
4 2099 531 1127 530
4 2322 2126 989 2306
4 267 266 2246 2103
4 316 315 2198 2016
4 2266 1074 2321 1085
4 2160 2286 2179 762
4 2005 673 586 585
4 474 2006 2088 1105
4 2009 294 207 206
4 986 1877 87 977
4 986 1877 1876 87
4 991 1879 89 1880
4 88 1876 991 1880
4 2270 2271 1047 1057
4 361 2029 449 2289
4 162 2214 2229 1226
4 2250 2033 1146 555
4 2078 2288 2080 1235
4 2230 1302 1249 1099
4 2253 1549 2323 1550
4 2245 2141 2069 605
4 1919 2124 1918 1416
4 1994 1000 2109 2260
4 1993 336 337 248
4 2051 2078 2099 1127
4 2315 2289 1097 1243
4 2280 1165 2281 1247
4 715 802 714 2212
4 2174 1260 1306 1210
4 2320 630 719 631
4 2084 484 395 483
4 2287 2324 842 1377
4 2142 1372 2249 854
4 2240 1032 242 243
4 2107 419 420 331
4 2105 2073 2169 1020
4 867 2141 779 780
4 1562 2299 1576 1428
4 868 780 869 2141
4 2171 2173 1316 1315
4 1397 63 885 1428
4 2003 1974 1309 1214
4 2306 2132 2037 2050
4 2003 1308 1092 1275
4 2106 421 509 510
4 2209 2036 2189 2213
4 261 1894 107 1885
4 2294 150 1882 972
4 2224 1184 2283 2064
4 2224 577 1151 576
4 2179 762 850 851
4 1353 1479 2291 1973
4 2053 1375 844 2002
4 2128 2297 2199 2039
4 2095 231 2297 230
4 2189 2036 2061 1259
4 2147 1416 1406 1390
4 2325 778 691 690
4 2149 2317 2244 1237
4 2241 430 343 342
4 1889 148 10 1509
4 2317 2164 2172 1120
4 1977 2235 2028 1152
4 1979 1558 1388 1458
4 2033 1146 555 556
4 2245 2120 2141 2139
4 2326 1373 1352 2327
4 2051 620 621 532
4 2076 2077 2030 2132
4 2318 530 2099 1160
4 2176 2292 2316 380
4 2106 246 245 334
4 2172 1314 1203 1120
4 2106 2109 2260 2213
4 2040 2268 2275 2286
4 1981 2065 2064 2015
4 2006 472 471 1186
4 2115 394 395 306
4 2033 731 644 643
4 2312 2195 1061 938
4 1997 476 389 388
4 2236 1456 2031 2032
4 2113 560 647 648
4 2309 2063 2027 832
4 2025 2024 1465 2218
4 832 831 2027 2309
4 2123 153 1158 1157
4 2121 1905 1898 1906
4 2122 2328 2121 788
4 1899 2123 1157 1909
4 2300 1407 1397 1385
4 2210 2192 597 596
4 2062 1115 2093 1266
4 614 55 1953 54
4 1510 1548 163 39
4 2329 1951 1956 1959
4 1979 1464 1388 1469
4 1518 879 69 68
4 2018 1518 879 1413
4 2111 2190 459 460
4 2018 1413 1357 1426
4 1979 1444 1388 1455
4 2101 828 2236 1454
4 2102 1464 2032 1420
4 2321 1066 213 214
4 1074 1998 1999 2203
4 2330 938 1051 1061
4 2054 1085 2194 927
4 2013 1041 1033 1036
4 2221 1069 1063 1062
4 2183 1981 400 488
4 2042 2183 2086 2184
4 2265 1207 1990 2155
4 2257 2212 2211 1457
4 1993 2172 2164 514
4 2331 1027 970 975
4 2331 1569 1542 1543
4 162 1156 46 1957
4 1969 163 1548 39
4 1969 1548 127 39
4 1969 1548 1968 127
4 2271 2112 2269 2332
4 1995 2173 1993 1996
4 2107 331 418 419
4 947 2106 246 245
4 1879 90 1876 1560
4 1879 1560 89 0
4 1879 90 1560 0
4 2072 1894 1888 150
4 2149 1122 520 519
4 2122 611 699 2123
4 2333 1197 525 524
4 2225 1525 2303 2304
4 1973 1353 1479 838
4 2167 1483 1482 1484
4 2334 1516 1559 1552
4 2121 877 788 876
4 2070 149 1888 1897
4 2150 1389 1409 1401
4 1211 2335 2175 2174
4 2271 2104 2332 1033
4 2269 282 195 194
4 2214 616 527 615
4 2280 2081 2282 2315
4 2013 1573 1514 1536
4 2037 157 1551 1936
4 2237 175 264 176
4 2318 1201 1230 1160
4 2123 1899 1911 1909
4 1562 91 1516 1920
4 2300 1914 1920 1915
4 2300 1921 1920 1516
4 63 1428 884 885
4 757 846 845 2053
4 1981 2064 1187 1220
4 2195 2196 2197 2292
4 2011 2031 2236 1347
4 2100 2261 1976 2336
4 1998 2203 2321 2337
4 980 125 1927 34
4 1973 2224 1982 575
4 2036 1259 1116 2034
4 2061 2062 1304 1262
4 1290 2028 1152 1977
4 2027 2063 656 744
4 2064 1218 2016 1111
4 2268 2275 2014 2040
4 2302 1389 2150 870
4 2240 241 330 242
4 2145 1200 2255 1123
4 2060 2200 2062 2061
4 515 2172 2164 1120
4 2009 296 383 384
4 2164 515 428 427
4 2301 1505 1414 1508
4 2334 1904 154 14
4 2171 690 601 689
4 2300 1920 1562 1516
4 547 2338 2175 2326
4 2210 2056 2298 683
4 2151 2072 1888 1887
4 2146 523 2333 524
4 1462 2096 2327 1373
4 2282 624 536 535
4 2177 1129 533 534
4 2229 1312 1230 1201
4 790 1363 1948 1958
4 790 146 1948 1363
4 66 882 1519 1386
4 1523 1469 1388 1558
4 2100 1443 1427 1439
4 2217 2114 2319 2008
4 2148 1564 2073 1529
4 2066 1494 1492 1493
4 2159 1265 589 1142
4 1996 2207 1250 511
4 2339 857 1497 1360
4 2080 1095 1232 1301
4 1970 358 2289 270
4 2103 1096 444 1235
4 2126 2010 987 984
4 2126 2125 2037 2322
4 2051 2177 2078 533
4 2329 1156 526 527
4 2230 2155 1992 1100
4 2211 2340 2019 1418
4 2228 1938 350 262
4 2150 1394 2243 873
4 2119 783 696 695
4 2312 1059 1071 1087
4 2312 1565 2203 1553
4 2013 2195 1986 1536
4 937 61 1573 1535
4 2013 1050 1041 938
4 2148 57 1014 167
4 2202 2094 1048 939
4 2333 1297 1158 1227
4 2278 1039 1031 954
4 1363 2136 1381 165
4 2329 1956 1954 1959
4 2042 311 2183 312
4 2183 1981 1288 1982
4 2022 1980 391 303
4 2051 2341 797 1337
4 1970 182 269 270
4 2228 351 438 439
4 2262 803 802 1368
4 2228 1159 1932 1943
4 2340 1548 1570 1561
4 2214 1125 2229 1226
4 702 1954 1956 1955
4 2228 162 1940 1943
4 1997 1977 1980 477
4 2010 973 1924 932
4 2334 2299 1559 1516
4 2060 1263 591 1140
4 2147 1404 1416 1390
4 699 787 786 2122
4 2055 2182 1503 864
4 2210 1139 2056 594
4 2024 1519 2218 1520
4 2293 1104 1213 1214
4 2215 940 1941 958
4 2226 1973 748 836
4 2006 2008 2059 2009
4 1972 741 2101 742
4 2183 2185 398 310
4 1048 169 58 1513
4 1980 301 390 302
4 2082 1224 2084 1108
4 1973 2284 751 2291
4 2050 2010 973 1922
4 1929 2010 1924 966
4 1929 1924 140 966
4 2330 2292 2195 1090
4 2013 1573 1050 1514
4 2195 1536 1556 1541
4 2264 1078 199 200
4 2251 2265 2254 2155
4 2133 726 638 637
4 2307 369 2342 370
4 1974 2110 552 1144
4 2106 2107 2109 2213
4 1019 1994 1009 975
4 1166 2189 1256 507
4 2205 2298 2210 2209
4 841 2284 2343 840
4 2016 2344 2017 2074
4 2091 2090 324 236
4 2074 1277 1112 494
4 2275 1530 1575 1567
4 1980 2021 2194 304
4 2042 2065 1056 226
4 2218 1398 1362 1512
4 570 571 2232 2308
4 880 67 1558 1469
4 2284 840 841 752
4 2051 797 796 1337
4 2215 981 2010 940
4 2318 616 2214 2136
4 1204 2315 1333 1243
4 2307 194 2269 1045
4 2345 1352 2327 2326
4 2152 1978 1412 1411
4 2100 1427 2102 1420
4 2287 578 2052 2283
4 1973 2224 2226 1982
4 2031 824 2100 1378
4 2072 957 1894 150
4 2052 1150 2053 2014
4 65 1519 1473 1566
4 2000 1473 1471 1386
4 2149 518 431 430
4 8 150 941 972
4 2273 396 2084 2185
4 581 2053 1150 2014
4 2284 575 1973 663
4 1972 1290 2276 1977
4 2165 2207 1253 1327
4 2208 597 598 1136
4 2140 2001 2201 1575
4 61 171 1050 1514
4 61 172 1535 937
4 2177 535 622 623
4 2228 2229 1093 1311
4 2214 1125 1226 527
4 2081 2080 2346 2079
4 2228 2215 2130 1944
4 2300 1916 1920 1914
4 2300 1407 1404 1425
4 1917 93 1914 1385
4 2182 1504 1503 1501
4 2177 710 623 622
4 1302 2230 2155 2281
4 2246 268 267 2103
4 2294 1877 1882 1881
4 2317 2164 517 429
4 2317 518 517 1121
4 609 610 698 2191
4 2104 999 2132 1024
4 1992 455 1167 1254
4 2270 1983 2190 1986
4 2347 2259 1524 2197
4 2113 2261 2008 2336
4 2159 1142 2060 1263
4 2226 571 572 1155
4 1977 1290 1329 1221
4 1972 1188 566 567
4 2202 963 2221 1063
4 1059 60 171 170
4 1527 963 59 170
4 393 481 2022 2021
4 1997 1977 2088 2348
4 474 2088 475 1105
4 2309 2027 2063 2220
4 2004 1176 465 1104
4 2276 1188 1329 1290
4 2004 379 378 466
4 1980 303 390 391
4 2190 372 285 284
4 2349 1089 1091 1090
4 2272 2086 2183 2184
4 2245 1234 1298 1300
4 365 1991 278 366
4 2195 1984 1983 1986
4 2243 1394 2147 1390
4 2071 1886 151 1889
4 2199 2046 2039 2297
4 2160 2311 1175 1143
4 2189 506 1117 507
4 339 251 252 2164
4 1924 140 966 932
4 2136 1956 1951 1958
4 2050 1925 1922 1923
4 2192 772 684 683
4 1486 2167 1374 2248
4 2043 2016 1111 2064
4 2343 1478 1481 1476
4 1997 1980 389 477
4 298 299 386 2088
4 2121 1907 1908 1906
4 789 1898 701 22
4 1542 10 90 1878
4 102 1900 1910 1382
4 2312 1565 1553 1556
4 2097 365 278 277
4 2013 1514 2195 1536
4 2288 1096 2103 1235
4 2059 1124 2316 1279
4 2156 200 287 288
4 2029 187 936 186
4 2215 1945 1935 1944
4 2350 160 1936 51
4 1970 444 445 356
4 2350 1936 1551 51
4 2312 1514 1565 1556
4 2312 1514 60 1565
4 2195 2197 1984 1536
4 2156 1983 2158 2111
4 46 1957 1156 147
4 1156 1947 147 1957
4 2293 1213 1104 1269
4 2074 2095 2137 230
4 2232 2231 1349 2023
4 2027 567 654 655
4 2094 1043 1037 962
4 2022 479 478 1107
4 2183 1109 1982 1288
4 2116 219 925 956
4 2156 287 374 375
4 260 2146 2151 348
4 2273 925 2116 219
4 2223 1028 1025 1034
4 1145 2005 584 2285
4 2137 918 1046 1055
4 2095 2297 2137 230
4 2185 485 1292 1109
4 2207 1319 1250 1118
4 2207 1252 1319 1327
4 991 1876 986 960
4 991 89 1879 1560
4 2013 1986 2271 2332
4 2124 1918 156 1919
4 1921 1516 91 1920
4 1921 14 91 1516
4 2334 1921 1516 14
4 2051 796 797 708
4 2072 1887 1886 1897
4 2122 2168 2191 2123
4 2333 2255 1297 1198
4 2087 2015 2304 1568
4 227 2198 2065 2137
4 234 323 2090 235
4 2344 2222 2040 2017
4 2223 1023 2073 976
4 1166 2189 507 2165
4 2351 1318 1135 1248
4 2296 1542 1560 1876
4 2124 2300 2334 1913
4 2204 961 983 990
4 581 669 2053 2186
4 2066 1359 1493 1448
4 65 883 1361 1473
4 2148 1571 1564 1529
4 251 252 2164 1008
4 1982 1153 1973 575
4 1486 1487 2140 1488
4 1989 808 807 1340
4 2044 711 799 800
4 2103 356 268 267
4 1997 1977 1106 1287
4 1980 215 302 303
4 2225 1539 1525 1555
4 1980 389 477 478
4 2145 1233 1200 1123
4 2072 259 2146 260
4 2115 305 2194 2021
4 2185 485 1109 486
4 2025 1380 832 1348
4 2305 2310 2346 2131
4 102 1910 1364 1382
4 1998 1079 1080 926
4 1972 565 653 654
4 1973 1467 836 2231
4 2330 2196 2195 2292
4 2338 2175 1988 547
4 2221 1527 2203 963
4 2016 1217 1328 1179
4 462 461 2190 2111
4 2057 379 2292 291
4 2197 2004 2316 2292
4 2167 1483 1484 1487
4 2167 846 1375 1343
4 2159 2142 2060 590
4 2075 706 2318 705
4 2267 2112 1986 2332
4 2163 1952 1510 163
4 1486 2167 1485 1374
4 2127 2311 499 1270
4 1986 1537 2332 2104
4 2174 1261 1210 1306
4 2251 2253 2280 2254
4 2307 280 193 192
4 2267 2154 2352 1990
4 2011 2236 2353 2235
4 393 481 480 2022
4 2137 228 229 918
4 2018 1979 1450 1444
4 2223 1025 2199 1023
4 2290 712 713 624
4 2290 626 714 715
4 2350 160 161 1942
4 2267 2352 2154 2332
4 779 867 866 2325
4 2328 1364 1910 1382
4 20 10 1509 1889
4 2011 738 825 826
4 2252 2254 2265 2354
4 2135 165 1951 164
4 69 1395 1561 878
4 69 878 879 1395
4 1994 1996 2260 1995
4 1996 2260 1995 2207
4 2060 2061 1263 1140
4 2148 2073 1571 1529
4 2228 350 263 262
4 2111 1171 459 1102
4 2029 187 274 275
4 2230 452 451 1099
4 1994 2260 1993 924
4 2189 2036 1259 1117
4 2140 2066 2248 1490
4 2068 1559 2299 1534
4 2035 415 2034 416
4 2284 665 2287 577
4 741 2101 829 828
4 1997 1980 301 389
4 2024 2218 1519 1386
4 2308 2063 2085 2219
4 2221 1062 1063 1072
4 1891 349 437 1883
4 1883 1891 261 1890
4 1886 2070 2072 1897
4 586 2005 585 1145
4 2161 1497 2339 1494
4 51 39 1510 1952
4 2027 742 655 654
4 2091 1023 1018 1015
4 2237 439 2228 1093
4 2355 857 2180 856
4 2056 2298 683 771
4 2091 1018 236 1007
4 2355 854 2060 2142
4 2056 2061 2180 1139
4 843 755 756 2052
4 2287 2052 578 666
4 2285 2005 2160 1145
4 2293 2158 1213 1269
4 2145 2146 434 522
4 1996 2173 1245 1164
4 514 2172 515 1119
4 2069 1130 1240 605
4 2056 2339 1360 857
4 1926 2050 1923 126
4 2098 275 188 187
4 2288 1097 2289 446
4 316 404 403 2016
4 2230 2254 2281 2310
4 2049 2030 2076 936
4 2077 1040 1033 1030
4 2320 807 806 1371
4 2242 2144 1545 1543
4 2356 1436 2357 1428
4 868 2302 869 1507
4 328 416 2035 2036
4 2210 1255 1139 595
4 2094 1528 2087 1568
4 2308 1191 571 1155
4 2189 1259 1303 1117
4 162 1156 1199 46
4 2228 1940 1159 1943
4 88 87 986 1876
4 88 1880 991 9
4 2038 2297 2039 2046
4 2312 1091 2358 1052
4 2042 401 312 400
4 880 68 879 1458
4 2127 497 1180 1273
4 1996 1245 2173 1119
4 2355 680 2060 679
4 2356 2301 2181 1419
4 2238 1228 2229 1094
4 2237 439 1093 440
4 2229 2125 2238 2080
4 2080 1301 1160 1127
4 2230 1100 1992 453
4 2049 2029 274 273
4 730 2089 2250 731
4 1416 1355 1919 1391
4 2210 683 684 595
4 2356 1419 1436 1428
4 2142 2179 764 676
4 2106 510 422 421
4 2125 157 1936 1933
4 2228 1093 2229 1228
4 2237 2238 440 1228
4 2070 1889 148 1897
4 2035 327 414 415
4 2035 327 415 416
4 2045 539 538 626
4 2045 539 626 627
4 2335 2359 2345 1985
4 2211 1368 2212 1453
4 2294 1875 2296 1877
4 2151 1891 261 349
4 2294 986 2296 983
4 2136 703 2329 702
4 2051 710 2341 2177
4 272 271 2360 2289
4 219 307 306 2115
4 2014 1278 1217 1150
4 65 1473 882 883
4 1972 566 2027 567
4 2343 1478 2361 2000
4 2338 547 1988 546
4 2085 1225 1154 1326
4 2085 567 1154 1294
4 2313 2225 2015 1555
4 1981 1220 1110 1288
4 2011 825 2031 1347
4 2210 2209 2056 1139
4 2055 866 2325 778
4 2108 947 1001 917
4 2189 1259 2061 1303
4 1948 146 1958 1363
4 2356 2161 2357 1436
4 2207 1135 1319 1252
4 2135 1415 2340 1410
4 2095 2297 232 233
4 2190 460 371 459
4 2355 1497 2249 2339
4 2329 1954 1947 1959
4 2103 2125 2246 2322
4 1415 1962 1384 1424
4 867 866 2325 2138
4 2227 1043 2087 1054
4 297 298 2006 2048
4 2115 393 306 305
4 2202 1048 1513 169
4 1971 1107 1293 1223
4 2091 2035 238 326
4 2160 1271 1175 1212
4 2016 1111 1282 492
4 748 749 1973 661
4 730 729 2152 817
4 2324 843 2053 2052
4 2023 1449 1461 1467
4 2099 618 531 530
4 2341 2044 2177 710
4 1970 2103 356 268
4 2059 1124 1330 1186
4 2062 2200 2178 2047
4 2222 2039 2127 2233
4 2224 2284 2287 577
4 2020 2263 2257 1460
4 2155 1206 1249 1205
4 2087 2184 2304 2015
4 2309 1431 2025 1348
4 2303 1525 1522 1540
4 2362 992 1001 1010
4 2242 2362 1994 1010
4 2188 1346 1502 862
4 1953 614 54 1946
4 2269 1044 1040 1045
4 22 877 1907 21
4 2252 2254 2354 1538
4 2045 716 629 628
4 2230 2155 2254 1992
4 2179 762 2286 850
4 2085 656 2027 2063
4 2344 1147 1274 1215
4 2160 588 675 676
4 2048 210 297 298
4 2208 1135 598 599
4 2106 2207 2165 2213
4 1994 1000 1009 1010
4 2355 854 2249 1345
4 2106 2260 334 422
4 2299 1428 1397 1358
4 2056 683 770 771
4 2124 1918 1913 155
4 2326 813 724 812
4 715 2212 2290 2045
4 2137 1046 918 1042
4 2277 1529 1528 1526
4 2128 497 410 409
4 2222 2040 2038 2039
4 2160 763 675 674
4 2042 311 2086 2183
4 1438 2309 2236 1454
4 2363 2139 2141 2325
4 2253 2346 2079 2081
4 2320 541 2045 629
4 797 2051 710 2341
4 361 2029 2289 2049
4 2230 2352 2254 2131
4 2133 725 637 724
4 2349 2234 2358 1067
4 2321 214 213 302
4 2158 1268 2110 1144
4 1970 964 180 181
4 2215 959 2010 981
4 2215 2010 1935 159
4 2031 1378 1347 825
4 66 881 1398 1512
4 2012 561 560 648
4 1542 148 10 1878
4 991 1879 1876 1560
4 2241 255 342 343
4 2317 517 1120 1238
4 2122 2124 2118 2168
4 2334 2300 2299 1516
4 2050 1923 973 980
4 980 1927 138 34
4 980 125 34 173
4 973 1924 139 1923
4 2053 2268 2186 846
4 2343 2291 2361 1470
4 2167 1484 1478 2166
4 2333 1895 153 1887
4 2151 1887 1896 1893
4 2333 153 2255 1887
4 525 1884 1197 1893
4 2262 803 716 715
4 2078 1301 1127 1236
4 2360 944 1004 998
4 2172 1315 1163 1314
4 1996 424 425 336
4 380 2316 2004 2292
4 197 286 285 2156
4 2112 2269 2342 2190
4 2117 2244 2071 2295
4 2005 674 761 762
4 2030 936 1017 1006
4 2282 535 536 1161
4 2205 2187 2206 2208
4 188 2097 1016 922
4 2077 1013 1021 1024
4 2364 2341 2323 2079
4 302 2321 215 1980
4 2028 2353 2101 2236
4 1193 1222 2083 1292
4 2008 1541 1521 2261
4 2241 2365 2295 2143
4 2301 2299 2139 2334
4 2145 521 1122 1233
4 384 471 383 2009
4 2274 1070 1053 1076
4 1059 170 1527 60
4 2153 1990 1254 2155
4 2093 413 500 501
4 2235 651 738 739
4 2174 1990 1261 1306
4 639 2096 2133 2110
4 2153 2154 1990 1992
4 2192 2298 1370 860
4 1993 2260 336 248
4 2359 2347 2366 1984
4 2102 1423 1399 1435
4 1910 2121 2124 2328
4 102 16 1364 1910
4 2168 2124 2334 1912
4 2260 422 335 334
4 2181 2055 1503 1351
4 2260 424 336 335
4 2143 251 945 1993
4 1892 2151 525 437
4 26 261 1885 1890
4 2202 1069 1053 1063
4 2223 1034 976 971
4 2248 1344 2286 1374
4 404 491 2016 492
4 2240 2105 2362 2169
4 2161 2068 2066 2067
4 2356 1500 2161 1436
4 2238 1228 2228 2229
4 2215 1938 262 174
4 2215 1935 1945 159
4 2061 2034 2036 2170
4 2057 2004 2292 379
4 2018 1532 1518 1557
4 2318 1230 529 1160
4 2149 519 520 431
4 2145 520 2149 1122
4 1008 2365 1011 2241
4 2183 312 399 400
4 2054 1084 2274 1069
4 2312 1059 1087 2203
4 2248 1344 1489 1372
4 2078 1334 2080 1301
4 2165 2207 1118 1253
4 767 2355 855 854
4 2127 1113 1273 1323
4 2301 1505 1506 1419
4 2175 549 1264 1141
4 2122 2121 700 788
4 2205 1252 2207 1327
4 2173 1317 1245 1164
4 2222 1274 2285 1323
4 2042 224 930 1060
4 2253 2346 2131 1550
4 2078 1235 2080 1334
4 2051 533 534 2177
4 66 1398 1519 1512
4 2266 2348 2321 2337
4 2282 1241 535 1161
4 2029 2030 936 1017
4 2236 1456 1408 1438
4 2028 1972 1290 565
4 2027 832 744 743
4 2229 1125 1312 1226
4 2282 1241 2177 535
4 2158 1321 1322 1267
4 2057 378 291 290
4 386 298 2006 385
4 1437 2023 1465 2025
4 2336 823 736 735
4 2020 2018 2327 1429
4 1176 2003 1309 1214
4 2117 2144 2295 1509
4 2355 680 767 768
4 2211 2044 2323 1432
4 2238 442 353 441
4 203 2057 950 2292
4 2316 381 468 469
4 1351 2055 865 866
4 2225 1525 2015 1555
4 2227 1043 2094 2087
4 2222 1112 2074 1277
4 61 1050 172 937
4 61 60 171 1514
4 2075 796 795 1366
4 705 2134 2075 793
4 162 2214 1226 1957
4 1918 1355 1416 2300
4 2181 2301 1506 1419
4 2123 1899 2121 1911
4 2245 2172 2325 1163
4 1906 2121 1905 1899
4 2069 607 694 695
4 2299 1562 2300 1397
4 2199 235 951 234
4 1997 1977 2348 1980
4 1096 1970 446 2288
4 298 2006 2088 386
4 2012 562 1149 561
4 2228 162 2229 1311
4 2328 1910 2121 1382
4 2360 998 989 914
4 2062 2047 2093 2170
4 2005 586 673 674
4 2340 1548 1969 163
4 2361 1471 1465 1386
4 65 1519 66 882
4 2273 221 309 310
4 2277 971 2223 2073
4 57 1517 56 167
4 2113 559 646 647
4 2252 2131 1538 1550
4 880 1458 1388 1558
4 66 1398 882 1386
4 1979 1450 1455 1459
4 2316 1124 2009 470
4 2360 1970 270 182
4 2365 988 1022 1003
4 2161 2066 1359 1493
4 2179 763 762 851
4 2235 1152 1977 1190
4 2309 2025 2216 2026
4 2171 1163 602 603
4 2264 288 289 200
4 2319 1999 1998 2337
4 2305 2352 2132 2030
4 1988 2174 1261 1173
4 2316 468 381 380
4 2080 1160 1301 1201
4 1947 55 1156 147
4 2075 2364 796 1366
4 2245 2069 1240 605
4 1254 2155 1167 1992
4 2078 2177 2079 2081
4 2337 2303 1522 1540
4 2003 1308 2316 1092
4 1391 156 16 1919
4 2147 2168 2334 2117
4 697 785 2243 786
4 2124 1406 156 1364
4 2117 2144 2317 2295
4 2124 1919 156 1391
4 2124 156 1918 155
4 2204 2149 2241 2295
4 2070 148 1542 1878
4 2149 256 943 255
4 2143 1019 1993 945
4 2222 2039 2095 496
4 2190 371 460 372
4 2164 1993 514 426
4 2117 1552 2334 1559
4 605 2245 1131 1240
4 2016 1217 1282 1218
4 2160 2179 763 762
4 2361 1471 1478 1476
4 370 2307 2269 2342
4 2296 997 1005 990
4 1996 425 1993 337
4 1542 1560 1876 90
4 1008 2365 2241 2143
4 2070 149 148 1875
4 724 636 637 2133
4 2329 1953 1954 614
4 2307 368 281 280
4 1989 719 807 808
4 2158 2110 1974 1144
4 2257 1442 1339 1457
4 2045 541 2265 1251
4 2256 543 632 544
4 1910 2124 1364 2328
4 2149 1237 1121 2317
4 2205 2209 2206 2298
4 2357 884 1428 1448
4 2151 1888 1896 1887
4 402 403 491 2043
4 2063 2085 570 2308
4 2197 1524 1536 1541
4 2287 754 753 842
4 2021 392 305 304
4 2256 1987 1257 544
4 2293 2197 2367 2196
4 2174 1210 1102 1260
4 2050 973 984 980
4 1926 980 125 1927
4 2088 298 299 2048
4 2049 361 272 360
4 2095 318 231 230
4 2311 2093 500 1114
4 2311 2093 2090 500
4 413 2091 2093 2090
4 2159 1305 2062 1307
4 946 1030 2307 2154
4 2293 1213 2158 1974
4 2140 1491 1448 1493
4 656 2085 569 2063
4 1049 1514 171 60
4 2340 1561 1570 1384
4 2057 2196 2292 2004
4 2316 381 469 470
4 299 386 2088 387
4 1049 1050 1514 938
4 2025 2026 2024 2218
4 754 666 2052 2287
4 754 666 755 2052
4 2230 450 2281 1246
4 2256 2265 1207 1209
4 2318 2229 2099 2214
4 2135 1405 1396 1403
4 2151 1887 2333 2255
4 1964 128 1424 1965
4 2218 1438 1408 1430
4 2313 2053 2275 2014
4 2073 971 976 1002
4 2091 324 237 236
4 2349 2368 2234 2009
4 1974 1146 1309 1178
4 2157 464 1269 1104
4 2228 1937 1938 1943
4 2150 1409 2147 1401
4 2245 2119 2069 2120
4 2227 2087 2094 2314
4 2199 2091 1023 1018
4 2034 1115 1262 503
4 2034 503 502 1115
4 500 2090 412 413
4 2051 532 2078 1127
4 2360 2289 1970 2322
4 2229 2350 1960 161
4 697 785 784 2150
4 701 612 613 2123
4 2247 433 434 345
4 2187 2067 2206 2068
4 2192 1370 861 860
4 1299 2288 1235 1096
4 2318 529 530 1160
4 2159 2178 2311 2062
4 2176 293 380 381
4 2003 2369 1276 1146
4 2127 1113 1323 1212
4 2054 2274 2221 1069
4 2165 508 2107 507
4 2340 1434 1415 1384
4 2019 1518 2279 1413
4 2099 2350 2214 2229
4 2306 2050 2126 993
4 1991 368 456 2153
4 2194 215 304 216
4 2176 380 2316 381
4 2333 2145 2072 2255
4 2241 254 341 342
4 2070 1509 1542 148
4 1542 90 1876 1878
4 2159 2178 2062 2200
4 2201 1531 2047 2170
4 2223 1025 976 1034
4 2235 2353 2012 1977
4 2006 1284 2114 1105
4 2051 531 619 620
4 1987 2338 634 722
4 2150 1394 873 1350
4 1892 2151 1893 525
4 2351 1135 600 1248
4 614 55 526 1953
4 2004 466 1176 467
4 2109 995 1000 1010
4 2180 2061 1140 1258
4 156 1364 1406 1391
4 1355 95 94 1915
4 2264 2157 289 288
4 2335 2326 2175 1988
4 1973 662 574 573
4 2128 2095 408 320
4 165 41 1363 1958
4 2225 2303 2083 2304
4 2242 1545 2213 2362
4 69 879 1413 1395
4 2249 1345 854 1372
4 2168 1902 1912 1901
4 2282 2177 2044 623
4 492 404 493 2074
4 2159 2142 2178 2200
4 1884 1895 1197 1893
4 525 1197 1884 27
4 108 25 1158 1895
4 1946 54 702 614
4 2146 435 348 347
4 1993 1994 2144 1995
4 2056 2180 769 681
4 2107 2036 506 418
4 2159 2062 2311 1307
4 2033 644 731 732
4 2099 619 706 707
4 2179 852 1344 1372
4 490 2064 1283 1187
4 2064 1332 1184 1324
4 1973 662 575 574
4 2159 2060 2200 2062
4 2249 1494 1497 1496
4 2053 581 2186 2014
4 2090 499 411 2128
4 852 2142 1372 2179
4 2010 2130 1935 1933
4 2316 470 1092 1279
4 1978 1447 1455 1435
4 2013 1033 2271 1036
4 2190 283 371 372
4 2330 2195 938 1061
4 1962 2340 1963 1415
4 128 878 1384 1424
4 2159 2200 2060 2142
4 2098 1992 365 453
4 2305 2346 2037 1574
4 2228 1938 1937 350
4 2159 1143 589 1265
4 534 622 2051 2177
4 2113 2033 2058 1976
4 1049 1514 1050 171
4 2342 1990 2174 1169
4 2355 768 855 856
4 2011 825 738 737
4 2355 2180 768 856
4 227 1055 918 2137
4 2284 841 2287 753
4 2064 1184 1183 1324
4 2086 2273 222 955
4 2162 1387 1393 1405
4 2265 1207 2155 1251
4 2126 2246 964 974
4 2202 2274 1053 1069
4 2024 1519 2000 1386
4 2242 1994 2331 975
4 2221 1072 2203 1074
4 2202 2304 1540 1568
4 2202 2193 2274 2221
4 1156 1957 162 1226
4 166 1560 991 960
4 2355 1345 856 855
4 62 1535 61 172
4 526 1953 55 1947
4 2044 799 1446 1369
4 538 2045 1165 539
4 1549 2340 1510 1548
4 2135 1963 2340 1415
4 2282 1241 2315 2177
4 2290 2280 1247 538
4 2290 2282 712 624
4 2256 1209 1138 1257
4 2262 1368 2212 1457
4 2008 2007 2368 2009
4 2148 994 992 934
4 2106 244 2107 332
4 1993 1009 924 945
4 2090 236 1018 235
4 2056 858 770 769
4 2180 680 593 592
4 2339 2066 2201 2067
4 2096 2152 640 728
4 763 2160 675 676
4 2260 334 247 246
4 2228 1937 1932 438
4 2228 2215 1938 262
4 2237 2215 263 175
4 1940 162 1311 1199
4 2010 973 984 2050
4 2341 798 2044 710
4 54 1946 702 53
4 2364 1445 2341 1337
4 2256 1207 1138 1209
4 2172 1120 1203 1238
4 2164 429 340 428
4 2121 789 1907 1898
4 2355 855 768 767
4 1059 963 1527 170
4 2188 863 862 1502
4 2006 1284 1105 473
4 2038 2039 2041 2046
4 2277 2227 2094 2314
4 2006 297 384 385
4 2355 2142 2060 2249
4 2339 2355 2180 2200
4 2070 1886 2071 1889
4 2294 957 979 968
4 1882 972 86 977
4 2074 493 492 1179
4 2167 2053 2268 2275
4 1973 575 662 663
4 2001 1511 1567 1575
4 2160 674 762 763
4 213 302 1980 2321
4 2226 1973 836 2231
4 252 253 2241 1008
4 2163 2214 2099 2350
4 1156 1311 162 1199
4 2340 1961 1968 1963
4 55 1947 1156 526
4 2228 438 351 350
4 2355 2249 2060 2200
4 2107 508 419 507
4 2205 1136 2208 1252
4 2109 246 1000 995
4 2260 335 422 423
4 2302 2139 2138 2141
4 2114 1977 1287 1325
4 2098 452 365 364
4 2289 1097 448 447
4 2204 942 961 990
4 2029 449 2289 2310
4 380 2316 468 2004
4 1519 882 1473 1386
4 2097 2098 277 189
4 1970 446 2289 358
4 2049 273 272 361
4 2172 1993 2143 2144
4 2344 2285 2186 2014
4 2238 1232 2080 2103
4 2228 1934 162 1943
4 2344 2014 2040 2285
4 2342 457 2153 1169
4 724 2133 725 813
4 2155 1205 1251 1206
4 166 9 991 89
4 178 266 2246 179
4 2079 1510 2346 1550
4 1956 1948 790 1955
4 2365 2295 2143 2144
4 2128 496 409 408
4 2161 2066 2339 2067
4 310 2086 2183 2273
4 1384 128 1964 1561
4 2251 2045 2262 2320
4 1962 1424 1965 1964
4 2290 714 625 713
4 2344 1181 1147 1215
4 2052 579 580 1150
4 2311 2047 2062 2178
4 2344 1274 2222 1215
4 2000 1566 2001 1473
4 2148 1014 934 167
4 2127 497 2039 496
4 845 2053 1375 844
4 2047 1530 1531 1575
4 2205 2210 2298 2192
4 2098 363 2230 451
4 2155 1100 1207 1167
4 2267 2131 2352 1554
4 1561 1384 878 1395
4 2252 1538 1549 1550
4 2276 1294 1225 1223
4 1468 1973 1467 837
4 2319 2368 1553 1541
4 2344 2285 2222 1274
4 868 1367 867 2138
4 2099 1127 1160 530
4 2344 1181 1215 1328
4 2329 1156 527 1226
4 2344 1278 1181 1328
4 2093 501 500 1114
4 2344 1278 2186 1181
4 1998 2321 2348 2337
4 2343 2324 2287 1377
4 1023 2091 1020 1015
4 1989 719 808 720
4 2011 649 736 737
4 2343 2361 2291 2239
4 2277 971 2073 1526
4 880 1458 1558 68
4 1518 1570 69 1395
4 2238 2229 2080 1201
4 2082 1224 1331 1194
4 2343 2324 2284 2287
4 2343 840 1475 1377
4 2296 997 983 986
4 2234 2007 209 208
4 2265 1207 1251 1168
4 2168 1904 151 1901
4 2055 777 866 778
4 2257 1460 1402 1426
4 2343 840 2291 1475
4 2140 2357 1448 1577
4 843 2053 1342 2324
4 2142 2179 2178 2248
4 1979 2032 1464 1469
4 2058 2316 1308 1279
4 8 86 1882 972
4 2294 1877 986 977
4 1975 1978 2102 1399
4 1975 1338 822 821
4 108 27 1884 1197
4 1158 25 153 1895
4 2145 2255 2333 1198
4 2151 348 436 437
4 2119 696 609 608
4 1561 1964 1962 1968
4 2023 2024 2361 1465
4 2064 1332 1283 1187
4 2284 751 2291 839
4 65 1511 1361 883
4 2156 462 375 374
4 2360 270 183 182
4 2351 2363 2171 2055
4 2068 1995 1544 1546
4 2191 1200 1298 1231
4 2307 2077 2154 1030
4 2098 363 276 275
4 2086 223 1060 1064
4 2219 1522 2216 2217
4 1561 127 1964 1968
4 1962 2340 1561 1968
4 2033 734 646 645
4 697 696 609 2119
4 701 1905 24 23
4 712 2282 623 624
4 2342 2153 1990 1169
4 2176 381 2316 382
4 2156 288 375 376
4 2091 1018 2090 236
4 2128 919 2199 2297
4 2095 407 494 495
4 2189 2036 2107 2213
4 2011 825 1347 826
4 2027 832 2063 744
4 2161 2339 2066 1494
4 2074 1179 1277 494
4 2090 2199 234 235
4 2123 1157 1196 613
4 2294 972 1882 977
4 2335 1264 2175 2133
4 2205 2187 2192 2298
4 2319 2007 2008 2114
4 2271 1040 1044 1047
4 2309 1379 1454 1430
4 1999 1075 1052 1067
4 659 747 746 2232
4 2187 2298 2161 1370
4 2313 2053 2324 2166
4 2187 2068 2206 2182
4 2225 2024 1525 1539
4 2164 514 427 426
4 1998 2203 1074 2321
4 2059 2009 2316 1124
4 2093 502 501 1115
4 2187 2298 2206 2067
4 2159 2060 2062 1263
4 2199 2297 919 1028
4 2060 2180 592 680
4 2311 2090 499 500
4 2189 1303 1208 1256
4 1997 389 476 477
4 2028 739 2235 2236
4 2060 2142 854 766
4 883 1511 2140 1577
4 2055 776 865 777
4 2333 1197 1158 1895
4 2147 2300 1404 1425
4 2308 2063 2219 2232
4 491 2016 492 1111
4 2291 2361 1467 2231
4 2187 1370 2192 2298
4 2187 2182 2206 2208
4 2165 1166 508 507
4 2181 1506 2138 866
4 2312 1514 1049 60
4 2048 2007 297 209
4 2185 485 1193 1292
4 2010 932 987 984
4 2215 967 981 940
4 2215 174 1931 1938
4 2281 1098 2029 2310
4 2098 2029 363 275
4 1551 157 35 1936
4 2205 2165 1208 1327
4 1929 2010 1928 1924
4 1016 2098 187 2030
4 2187 2356 2068 2182
4 2128 322 410 411
4 2367 2197 1984 2196
4 2240 2107 2108 243
4 2294 972 979 957
4 1318 2173 2207 1164
4 2257 1402 2279 1426
4 2210 596 1170 595
4 2096 1411 1341 1459
4 2161 1499 1360 1498
4 2093 413 502 414
4 2210 595 2056 683
4 2210 1255 595 1170
4 2280 2315 2282 2281
4 2267 2254 2352 2131
4 2205 1208 2210 1170
4 2317 2143 2172 2164
4 2149 1237 519 1121
4 2071 1889 151 1509
4 2149 2317 518 430
4 2255 152 1886 1887
4 94 1914 1385 1915
4 94 1385 1914 93
4 2341 1445 2044 798
4 2215 1945 1941 159
4 2163 1960 2350 1949
4 2075 1421 2364 1366
4 2091 2093 2035 414
4 2324 2002 1481 2166
4 2066 1492 1490 1493
4 1521 2258 2217 2008
4 2287 842 2324 843
4 2270 1057 1068 948
4 2338 2345 1352 1472
4 2008 2113 2058 2261
4 2210 595 684 596
4 2260 423 510 511
4 2035 240 327 328
4 2161 1500 1495 1436
4 1108 2082 2115 2084
4 2084 483 1108 484
4 2343 2324 1481 2166
4 2064 1111 1283 1324
4 2300 1920 1913 1915
4 2210 684 2192 596
4 1987 634 721 722
4 2307 2154 2077 2332
4 2115 395 2084 307
4 2236 828 1452 1454
4 2333 1297 1227 1198
4 2342 1169 1260 458
4 208 296 295 2009
4 2347 2102 1979 1523
4 456 455 367 1991
4 2301 2302 1505 1508
4 2247 434 346 345
4 2212 1368 1369 1453
4 1542 10 148 1509
4 2204 2072 2294 968
4 87 1877 86 977
4 1926 1927 1923 980
4 61 171 172 1050
4 2013 1051 938 1041
4 2054 1086 1084 1069
4 1092 2003 468 2316
4 2363 2139 2068 1544
4 21 877 1900 1382
4 2328 1406 2124 1364
4 2210 1136 1170 596
4 2230 1992 2098 453
4 2153 2307 2112 2154
4 2029 449 1098 450
4 2349 2009 2234 920
4 2160 2233 2285 1145
4 1973 2291 751 839
4 2223 2046 2199 2297
4 2106 244 2108 2107
4 2356 2182 1500 1501
4 2355 2249 1497 1496
4 2049 274 2029 186
4 2364 2341 1445 1451
4 991 1876 960 1560
4 2204 943 2241 2149
4 2072 1897 1888 1887
4 2352 2097 2098 1992
4 2114 2348 2088 1977
4 2293 1214 2004 1176
4 2133 2345 2327 2326
4 2038 2278 2137 2297
4 2205 1327 1208 1136
4 1054 1060 2086 2042
4 2335 2175 1320 1211
4 1518 69 1413 1395
4 2360 2322 1970 914
4 1970 357 269 268
4 2080 1301 1334 1095
4 1569 1517 970 56
4 991 1879 1880 1876
4 2105 992 2148 994
4 1569 970 1560 56
4 2225 2291 1973 2226
4 1970 914 2126 964
4 2245 2120 2117 2119
4 2355 857 856 1496
4 2107 419 506 507
4 2188 2208 2351 2055
4 2207 1327 1118 1253
4 2221 1072 1074 1062
4 58 59 1513 169
4 2320 542 2265 541
4 2155 1205 1249 1302
4 2205 597 2208 1136
4 2302 1409 2150 1389
4 2056 1360 2339 2298
4 2230 452 1100 453
4 2135 1963 1415 1403
4 1569 970 960 1560
4 2115 306 219 218
4 499 410 411 2128
4 1994 2213 1995 2260
4 2108 947 2109 1001
4 2156 199 2264 1078
4 2033 645 733 734
4 2250 2369 2089 2367
4 2262 717 804 805
4 2271 1040 2269 1044
4 2327 1466 1373 1352
4 2334 154 1921 14
4 2356 2357 2068 2299
4 1918 1355 1915 1919
4 2238 354 2103 266
4 2356 2182 2181 2068
4 1417 1358 1414 2301
4 2356 2357 2299 1428
4 1995 2173 2144 1993
4 2011 562 2235 2012
4 2228 350 1937 438
4 438 48 350 1937
4 2344 1147 2285 1274
4 2356 2299 1419 1428
4 2074 1112 2095 495
4 2156 1078 2264 1057
4 739 2235 651 2028
4 660 659 2226 748
4 2032 1469 1523 1512
4 1973 2284 663 751
4 209 2234 1082 2048
4 1991 2097 278 190
4 2093 1266 501 1114
4 2232 836 835 1349
4 2209 2206 2067 2213
4 425 1996 514 513
4 2230 2281 1099 1246
4 2117 2119 2118 2244
4 2245 1234 2069 2119
4 57 1014 167 168
4 2238 2246 2129 266
4 2162 1354 1387 1365
4 350 49 262 1930
4 2091 1015 1018 1007
4 2224 577 1184 1285
4 2005 849 1374 850
4 1999 1075 2234 1082
4 730 2089 731 818
4 2104 937 999 1024
4 2005 585 672 673
4 47 1159 1932 438
4 2277 2314 2094 1528
4 2285 1145 2233 1323
4 2168 1912 2334 1904
4 2069 607 1234 1130
4 700 2123 701 2121
4 2334 1912 155 154
4 2049 2029 936 186
4 2048 2007 2088 2006
4 268 179 180 2246
4 2050 1926 980 1563
4 932 2010 973 984
4 24 1899 701 613
4 261 1891 1885 1890
4 2118 2122 697 2243
4 697 2191 2118 2119
4 2249 1494 2339 1497
4 2105 2108 1001 1029
4 2187 1370 1346 861
4 2328 1392 1364 1382
4 2301 2139 2147 2334
4 2266 2203 2221 2193
4 2326 636 2175 547
4 2150 2118 697 2243
4 2011 824 737 736
4 2327 1979 2018 2366
4 2190 374 285 373
4 2219 2026 2232 2063
4 2085 570 2308 1194
4 567 656 2027 2085
4 2134 2136 2214 1951
4 2228 1942 1934 1944
4 2315 1239 1202 1313
4 2288 1097 446 1239
4 2148 934 992 985
4 2118 697 2119 2150
4 151 1552 20 1904
4 1156 162 1311 1226
4 2329 526 1947 1953
4 2237 263 264 175
4 1004 2306 998 996
4 1987 1989 808 720
4 2152 1412 2089 818
4 715 2212 714 2290
4 2003 1276 1309 1146
4 2312 1061 1091 1052
4 2025 2218 1465 1400
4 2088 387 475 1997
4 2060 2249 2142 2200
4 2191 2118 2122 697
4 1994 1009 1000 924
4 2122 2191 2168 2118
4 2003 1308 1335 1276
4 2112 2190 2342 2174
4 1988 1261 2174 1990
4 1373 2096 2133 814
4 1905 1898 701 2121
4 250 251 1993 945
4 2241 2365 1011 1005
4 2356 2299 2301 1419
4 2245 2120 2139 2117
4 2228 1938 1944 1943
4 784 872 783 2150
4 2245 1240 1203 1131
4 2070 1878 2296 1875
4 2267 1554 1537 1538
4 2292 204 291 292
4 2321 212 213 1073
4 2235 826 739 738
4 2250 2369 2033 2089
4 2216 2218 1521 1520
4 957 1894 941 261
4 2257 2279 2019 2252
4 2264 921 201 950
4 785 873 872 2150
4 869 782 2120 2141
4 2123 1158 2255 1297
4 973 932 139 1924
4 2181 2182 1504 1503
4 2365 1003 2143 1008
4 2147 1404 1409 1425
4 836 2232 748 2226
4 538 2290 2045 626
4 2317 2144 2143 2295
4 874 785 786 2243
4 2164 339 251 338
4 2241 341 254 253
4 2076 2132 999 1013
4 999 1572 62 1535
4 2230 452 1249 1100
4 284 196 197 2190
4 2204 943 2247 942
4 611 2122 2191 2123
4 2056 682 593 681
4 2301 2299 2068 2139
4 2282 624 625 536
4 1975 1976 822 1440
4 786 874 2243 787
4 2149 2247 432 433
4 2191 2255 2168 2244
4 2150 783 871 872
4 2240 2035 2169 2036
4 2338 547 634 635
4 2052 843 754 2287
4 2183 2185 1109 486
4 2142 2179 2248 1372
4 2140 2001 1575 1511
4 2138 1367 867 866
4 2305 2131 2346 1574
4 2059 1330 1185 1219
4 2316 468 1092 469
4 2097 1021 922 946
4 2049 2029 2030 936
4 2155 1205 1302 1134
4 2028 2236 2101 828
4 1975 820 2089 1376
4 2217 2319 2114 2348
4 2338 635 722 723
4 2094 58 1048 168
4 2297 954 231 1039
4 2160 2005 2286 762
4 404 405 493 2074
4 2022 391 1980 479
4 2020 1987 1989 809
4 2181 1506 1504 1419
4 2300 1921 1913 1920
4 2330 2270 2271 1983
4 2245 1237 2244 2317
4 2188 773 2192 861
4 970 167 166 56
4 2245 1131 1203 1314
4 2245 2317 1121 1237
4 2171 1315 1244 1163
4 2317 430 517 518
4 2189 2107 2165 2213
4 2191 1233 2145 2244
4 2250 643 730 731
4 2147 1401 1390 1394
4 130 129 1403 1963
4 1882 977 86 1877
4 2106 244 333 245
4 233 320 2095 2128
4 2045 629 716 717
4 2257 1460 2263 1433
4 2292 1089 1090 950
4 1991 279 191 190
4 2018 2366 1532 1557
4 2320 806 807 718
4 2175 547 636 548
4 2094 168 971 1526
4 2015 2314 2041 1528
4 2106 2165 2107 2213
4 2249 2339 2066 2201
4 1415 1962 1424 131
4 1962 1965 1424 131
4 2135 1396 1967 1403
4 2127 2039 1180 496
4 2179 1344 2248 1372
4 2330 1090 1061 1088
4 2020 2354 2252 1989
4 2224 2287 2284 2283
4 2042 2184 2086 2227
4 233 320 232 2095
4 2117 1544 2144 1509
4 2123 1196 1158 1297
4 1991 946 2097 190
4 2231 1467 2023 2361
4 2217 2008 2353 2114
4 1970 356 445 357
4 2215 967 940 958
4 1970 2289 2288 2322
4 2168 1901 1912 1904
4 2204 983 2294 2296
4 2090 323 236 235
4 2140 1448 2066 1493
4 2045 540 541 1134
4 1987 1988 1261 546
4 2211 1432 2323 1451
4 2264 1057 921 1083
4 2020 1987 2345 1989
4 2085 1194 1295 569
4 2125 2037 1551 1936
4 2318 1125 529 1230
4 2360 944 183 184
4 2237 264 177 176
4 1970 2103 444 356
4 2246 964 928 180
4 2135 1410 1405 1403
4 2027 655 742 743
4 2094 2314 2087 1528
4 2309 1348 831 830
4 2199 2046 2370 2039
4 2232 836 1349 2231
4 852 764 765 2142
4 2186 1278 581 1181
4 2148 1014 1002 934
4 2295 1543 1542 1509
4 1987 808 1989 809
4 2257 2262 2212 1457
4 2290 712 2282 2044
4 1180 2127 1273 1323
4 2327 1459 1462 1450
4 2318 529 1125 528
4 2163 2340 163 1548
4 2022 479 1980 478
4 2270 2271 1044 923
4 2224 1289 1151 1220
4 2311 1212 1175 1307
4 2095 232 2297 231
4 771 2192 860 2298
4 2061 1304 1259 1116
4 2289 446 359 358
4 1428 63 1562 1397
4 2082 2308 2083 1224
4 2245 2325 2363 2141
4 2165 1118 509 1253
4 1919 2124 1416 1391
4 139 140 1924 932
4 551 639 638 2133
4 2145 434 2247 433
4 2056 858 769 857
4 2330 2264 2156 1983
4 2008 2058 2316 2197
4 1979 1558 1523 1388
4 2029 361 362 273
4 1299 2315 1202 1129
4 2051 621 533 532
4 2147 2300 2124 1416
4 2294 977 1882 1877
4 433 520 2149 2145
4 1877 2296 986 1876
4 2145 2146 522 1123
4 2068 1546 1559 1534
4 1996 1250 2207 1164
4 698 697 609 2191
4 2078 2081 2315 2177
4 1930 48 1937 350
4 1930 350 1937 1938
4 2228 1943 1932 1937
4 1987 544 1137 1257
4 2250 1178 1974 1272
4 1982 1222 1291 1310
4 2043 1981 2064 1187
4 2308 2226 2083 1222
4 2164 340 427 428
4 2036 505 1259 1117
4 2021 2115 393 481
4 2054 1086 1062 1085
4 2304 1568 2015 1555
4 2156 198 199 948
4 474 386 387 2088
4 2096 2327 1459 1462
4 1975 1376 2089 1978
4 1551 2125 2350 2346
4 2215 175 262 263
4 2270 1986 2112 2271
4 2192 685 597 596
4 2106 510 2207 2260
4 490 2064 1187 2043
4 2303 1520 2024 2219
4 2005 760 673 672
4 2306 1004 2049 2076
4 599 2188 2351 688
4 2215 940 2010 159
4 2080 1232 1201 1301
4 2135 1403 1415 1410
4 2276 1225 1971 1223
4 1977 1325 1190 1152
4 1994 1993 2143 1019
4 2355 2180 680 768
4 2187 2356 2182 1500
4 884 2357 1577 1448
4 2228 1159 1940 1311
4 2309 2063 2025 2026
4 2228 1932 1159 438
4 1930 350 1938 262
4 403 404 491 2016
4 2272 2116 2274 2193
4 2251 2320 2265 2045
4 2282 2315 1241 1161
4 2257 2263 2262 1339
4 2306 993 2126 989
4 2023 2232 2025 2063
4 2227 2278 2137 2314
4 1176 2003 1214 2004
4 2216 2217 2258 2353
4 2004 467 380 379
4 2078 1235 1334 1299
4 2282 1132 2281 1204
4 3 1964 1561 127
4 2163 1949 2350 1952
4 1962 2340 1384 1561
4 2340 1561 1968 1548
4 1044 2270 196 2269
4 2315 2289 2288 1097
4 2340 1384 1415 1962
4 2020 2345 2354 1989
4 2307 2153 2342 369
4 2021 1971 2194 2193
4 1970 2322 2126 914
4 2175 636 549 548
4 1931 1938 174 1939
4 1093 1228 2237 440
4 2228 2130 1942 1944
4 2228 1934 2229 162
4 2032 1469 1362 1408
4 2133 550 638 551
4 2330 2271 1057 1036
4 1373 2096 2327 2133
4 2114 1977 2088 1287
4 2327 1429 2018 1450
4 2133 814 726 725
4 2022 1195 481 1192
4 1998 1081 1079 1073
4 2021 2303 2193 2116
4 2068 2357 1546 1534
4 538 2290 2280 2045
4 1970 964 2246 180
4 2299 1419 1428 1358
4 2143 1003 1019 1012
4 2164 427 514 515
4 2020 1441 1477 1340
4 2247 2149 432 344
4 2274 1084 2116 925
4 2348 2303 1971 2219
4 2227 2184 2087 2015
4 1562 2299 1428 1397
4 2300 1355 1407 1385
4 2356 1500 1436 1501
4 2181 2138 2325 866
4 2300 1913 1918 1915
4 451 452 2230 2098
4 1972 654 2027 566
4 756 2053 843 2052
4 2001 1511 1361 1566
4 2123 153 1157 1909
4 1355 1391 95 1919
4 1917 1914 1397 1385
4 2020 1441 1480 1477
4 2312 938 1049 1514
4 2020 1480 1429 1477
4 2364 1445 1337 1451
4 2099 531 618 619
4 2020 1477 1429 1472
4 2265 1251 541 1168
4 2111 1174 460 1171
4 2152 2367 2359 2110
4 2020 1477 1474 1340
4 2149 431 518 519
4 2294 979 961 968
4 2123 1902 2255 153
4 788 787 2328 875
4 2124 1406 1416 1391
4 2216 1521 1522 1520
4 2311 1307 1175 1143
4 2240 330 243 242
4 2020 2263 1460 1441
4 2307 369 282 281
4 2234 2009 207 920
4 2152 1978 2089 1412
4 1570 1384 1561 1395
4 2018 1357 1480 1426
4 2256 631 542 630
4 2020 1474 1477 1472
4 2320 719 2256 631
4 2246 928 2129 178
4 2020 2345 1474 1472
4 970 985 167 56
4 2179 850 1344 851
4 2020 2366 2345 2327
4 2361 1471 2000 1478
4 957 1894 261 2151
4 2146 346 259 258
4 2164 341 429 2241
4 2351 1135 2208 599
4 2257 1460 1442 1402
4 2300 1920 1916 1562
4 2294 2072 957 968
4 2151 2072 957 1894
4 2350 1936 160 1942
4 2257 1402 1442 1457
4 2282 2315 1161 1204
4 2348 2303 2219 2217
4 1925 157 35 1515
4 2048 212 1998 926
4 2104 2132 999 1535
4 1417 2299 1397 1358
4 1917 1397 93 1385
4 2136 1363 790 1958
4 2045 2212 2280 2251
4 835 747 836 2232
4 2159 589 2142 590
4 2042 2086 224 1060
4 2072 1887 2071 1886
4 2295 2144 2331 1543
4 2257 2211 1402 1457
4 2025 2063 2232 2026
4 2167 1487 1485 1483
4 2280 2315 2310 2081
4 2211 1369 2044 1432
4 2289 1243 2310 1098
4 2257 1402 2019 2279
4 2307 1045 2269 1040
4 1980 478 391 390
4 1478 2002 2167 2166
4 2257 1402 2211 2019
4 597 2205 2210 1136
4 2018 2354 2279 2366
4 1518 1413 69 879
4 2126 2050 2010 984
4 2237 440 353 352
4 980 62 125 173
4 2183 487 1981 488
4 2272 2193 2304 2303
4 2308 1155 2226 1222
4 2084 308 396 2273
4 2290 537 2282 625
4 2360 998 2306 989
4 2290 2282 2280 2081
4 2228 1938 2215 1944
4 1996 1993 2260 336
4 2215 1941 1945 1931
4 2078 1301 2080 1127
4 2290 1247 2280 1132
4 2290 625 2282 624
4 2061 1259 2034 1116
4 2069 695 782 783
4 2172 1993 2164 2143
4 2121 1907 1906 1898
4 2122 2124 2328 2243
4 1972 1188 2276 1290
4 2061 1303 1259 1304
4 2224 2225 2284 1973
4 2204 943 942 990
4 1491 884 64 1577
4 2290 537 625 626
4 2230 1099 1249 452
4 481 2115 482 1195
4 1905 24 1899 701
4 2061 1304 1258 1303
4 2302 1336 1409 1389
4 2301 2300 2147 1425
4 2317 2144 2172 2143
4 2290 1132 2282 537
4 2241 429 342 341
4 2325 604 691 692
4 2192 683 2298 771
4 2290 1132 2280 2282
4 2011 2235 738 826
4 1977 1325 1221 1106
4 2207 1250 1319 1318
4 1993 924 2260 248
4 2141 868 2138 2302
4 2094 1043 962 1048
4 2240 240 241 949
4 2278 2297 1039 954
4 2236 1347 827 826
4 2195 1556 2368 1541
4 2260 510 423 422
4 2290 2212 2253 2280
4 1954 614 1953 1946
4 2329 1947 1156 1957
4 2237 352 351 440
4 2270 2156 1057 948
4 196 197 2190 2270
4 2134 2163 2135 1951
4 2168 1902 2124 1912
4 1993 251 338 2164
4 2290 626 625 714
4 1997 476 475 1106
4 2290 2253 2081 2280
4 1979 1455 1464 1435
4 2111 459 1171 460
4 2148 1002 994 934
4 1058 59 1527 963
4 2224 578 2283 1184
4 2277 1028 2223 1034
4 2156 375 462 463
4 2188 686 599 598
4 2290 2081 2253 2212
4 999 172 62 173
4 2224 2284 577 576
4 2242 1545 1995 2213
4 2199 1018 951 235
4 2290 2282 2081 2044
4 1384 1964 1962 1561
4 2188 776 775 864
4 2290 2081 2212 2044
4 973 1923 138 1927
4 2191 2255 2145 1200
4 1903 1911 2123 2121
4 2300 1562 1916 1397
4 2048 297 210 209
4 1494 2161 1498 1493
4 2277 2278 2227 2314
4 2204 2296 2365 990
4 1959 2214 1957 2329
4 2164 2241 1008 252
4 2262 804 803 1339
4 2262 1339 803 1368
4 45 966 940 1929
4 2262 805 804 1339
4 2043 315 2016 2065
4 2097 190 277 278
4 2264 289 2057 201
4 451 452 2098 364
4 2204 2072 968 931
4 2105 1029 1026 1035
4 2350 161 160 1960
4 2262 2263 805 1339
4 1991 455 366 454
4 2251 2253 2257 2211
4 2251 2253 2211 2212
4 1975 821 820 1338
4 2011 2353 2236 2031
4 2136 2329 1956 702
4 2175 1211 2174 1173
4 2245 1234 2119 2244
4 1417 2299 2300 1397
4 1996 2260 2207 511
4 2251 2155 2280 2045
4 2300 1915 1355 1385
4 15 93 1917 1397
4 2199 951 1023 1025
4 2320 630 717 718
4 1990 1257 1137 1306
4 2222 2233 2127 1323
4 2105 1029 1001 992
4 1989 2251 2263 2320
4 2245 1234 2244 1298
4 2294 1875 1877 1881
4 128 1424 1965 40
4 2307 1045 1040 929
4 2097 2098 365 277
4 2219 2083 2308 2232
4 2176 205 292 293
4 2320 805 718 717
4 481 2115 1195 2021
4 2134 2136 792 704
4 707 796 795 2075
4 1989 2251 2320 2265
4 2016 2344 2074 1328
4 1972 2101 2027 742
4 2074 492 2016 1179
4 2086 311 224 223
4 2270 1044 2271 2269
4 841 2284 2287 2343
4 1023 2091 2092 1020
4 2249 1372 2248 1490
4 2183 1109 1288 487
4 2300 1397 1914 1385
4 2036 1259 505 1116
4 108 1158 1197 1895
4 1892 525 28 437
4 2156 2158 2157 463
4 2074 2016 1328 1179
4 2274 925 2273 955
4 2183 1109 487 486
4 2152 817 816 1411
4 999 1535 62 172
4 2271 1047 1057 1036
4 2228 1940 162 1311
4 2058 2261 1976 2369
4 2320 717 630 629
4 724 2133 813 2326
4 1991 365 1992 453
4 2334 1552 1904 14
4 2333 1893 525 1197
4 2281 1204 1098 1243
4 2191 1231 1128 609
4 2320 629 2045 717
4 2267 2112 2154 1990
4 62 1563 125 2
4 2346 1510 2350 1551
4 1445 2044 1432 2341
4 2076 1013 2077 2132
4 2009 382 295 294
4 2033 820 733 732
4 2320 718 805 806
4 2075 1365 1366 794
4 2246 268 179 267
4 2260 335 336 247
4 1371 2320 2263 805
4 2004 379 466 467
4 2289 1097 1243 448
4 2312 2013 938 1514
4 2135 1967 1396 165
4 2158 1322 1268 1144
4 2349 2292 2176 952
4 1991 1992 2153 455
4 2155 1251 1205 1134
4 2162 2364 2075 1421
4 2234 1075 1999 1067
4 2140 1361 1488 1487
4 1965 40 1424 131
4 2162 1410 2135 2340
4 1254 2155 1992 2153
4 2242 1564 1517 1543
4 3 128 1561 1964
4 2030 1006 1016 1021
4 1990 1306 1209 1257
4 2264 289 201 200
4 2162 2340 2364 1421
4 2070 1509 2295 1542
4 2307 282 369 370
4 2162 2135 2163 2340
4 2010 1922 157 158
4 2306 2346 2322 2037
4 538 2045 2280 1165
4 2033 731 2089 732
4 2011 2113 2336 648
4 2085 570 1194 569
4 2059 2006 1330 1284
4 2011 2336 736 648
4 648 2113 560 2012
4 2226 573 661 1973
4 2058 1148 1216 1308
4 2162 2163 2364 2340
4 2296 983 997 990
4 2317 1120 2172 1238
4 2248 1374 2275 2167
4 2311 1266 2062 2093
4 2094 2087 1513 1568
4 2016 2014 2017 2344
4 2011 2236 2235 826
4 2051 2078 2079 2099
4 2181 2325 2055 866
4 2114 1286 1190 1325
4 2159 1265 1307 1143
4 2335 1988 2345 2326
4 2076 999 996 1013
4 2090 412 499 500
4 2325 867 2141 779
4 2030 1021 1016 922
4 2366 1533 1985 1984
4 2051 620 619 708
4 1976 1440 823 822
4 2058 2197 2003 2316
4 2242 2213 1994 2362
4 2119 608 607 696
4 2245 1300 1121 1238
4 2066 2068 2357 1546
4 1898 2121 789 701
4 2133 814 813 1373
4 2051 708 709 620
4 2319 2234 2358 2368
4 636 549 2133 2175
4 2124 2300 1918 1416
4 2051 2177 2341 2079
4 2140 2248 1486 1488
4 2018 68 1518 1558
4 2328 2121 788 876
4 2191 1298 1200 1233
4 2204 2295 2365 2296
4 261 29 349 1883
4 2223 976 2073 971
4 2051 2078 2177 2079
4 2260 424 423 512
4 2324 2053 2002 2166
4 2273 308 221 220
4 2100 2032 2102 2259
4 2072 258 259 931
4 2084 1193 2185 484
4 2187 2188 1346 2182
4 2188 2351 2208 599
4 832 2309 2063 2025
4 1362 1469 67 881
4 1979 1458 1388 1444
4 2078 1162 1236 532
4 2263 1340 1371 1441
4 2018 1450 1429 1444
4 2157 1103 2158 1269
4 712 2282 2044 623
4 857 2339 2355 2180
4 2078 1236 1162 1299
4 2151 525 436 524
4 2149 1237 2244 1122
4 2346 1510 1551 1550
4 2318 529 618 530
4 1491 1448 884 1577
4 2188 776 688 687
4 2333 1895 1887 1893
4 2124 156 1903 1910
4 2285 1274 1145 1323
4 1494 2161 1493 2066
4 2078 533 1162 532
4 2121 877 876 1382
4 252 340 339 2164
4 2192 772 683 771
4 2250 730 643 642
4 128 878 1561 1384
4 2051 2099 531 1127
4 2020 2257 2279 1460
4 2318 1125 2214 528
4 1956 790 1958 2136
4 2288 1299 1239 1096
4 836 2232 2226 2231
4 2100 2102 1975 2259
4 1991 368 2154 280
4 2307 192 929 946
4 2330 1057 1051 1036
4 2117 2071 2168 1509
4 2078 533 2177 1162
4 2132 999 935 996
4 2164 516 517 428
4 2078 1299 1334 1236
4 2078 1127 2080 2099
4 2078 2099 2080 2079
4 2165 509 1118 510
4 2078 1236 1127 532
4 2133 549 1172 1264
4 2007 209 296 297
4 2089 1412 1978 1376
4 2343 2000 2361 2239
4 2318 616 2136 704
4 2135 165 1396 1381
4 2029 936 187 1017
4 2044 2177 711 623
4 2113 648 735 736
4 1987 633 720 721
4 2113 647 560 559
4 2344 1217 2014 1278
4 2175 1211 1173 1141
4 2282 2177 2081 2044
4 2047 1531 1530 1529
4 2186 671 2268 2285
4 2127 499 1113 1270
4 2212 713 802 714
4 2366 2347 1533 1984
4 747 748 2232 659
4 2289 1243 1098 448
4 2055 1503 1351 864
4 8 1882 150 972
4 418 2240 329 330
4 2143 945 251 1012
4 2293 1176 2004 1104
4 2075 707 2099 706
4 2301 1505 2138 1506
4 2328 876 1392 1382
4 2243 1390 1406 1383
4 2181 2325 2363 2055
4 2351 1317 2173 1318
4 2062 2061 1304 1263
4 2051 2364 2099 2079
4 2132 999 2050 935
4 2260 335 423 424
4 2021 2115 305 393
4 1262 1116 1304 2061
4 2301 1505 2302 2138
4 2106 947 244 245
4 2142 853 1372 854
4 2362 1545 1531 1564
4 2036 329 416 417
4 2048 211 212 926
4 2202 2221 963 1527
4 2305 2132 2352 2131
4 2296 1560 960 1876
4 782 2120 2141 2069
4 2251 2211 2257 2212
4 1359 2161 1495 1436
4 1975 822 1338 1440
4 2126 2246 2129 2010
4 2246 928 178 179
4 2057 465 378 377
4 2288 1239 446 1096
4 2214 1950 1951 1959
4 2262 804 717 716
4 2051 796 2075 2364
4 2093 2034 502 1115
4 524 2151 2146 436
4 990 1005 2241 915
4 1892 1883 437 28
4 2048 211 298 299
4 2030 1006 1021 1013
4 2281 450 2029 1098
4 1922 1924 973 1923
4 2197 2058 2369 2261
4 2328 2121 876 1382
4 2122 697 698 2191
4 2226 1153 1982 1291
4 2151 1891 1892 1893
4 525 1892 28 27
4 2164 339 426 427
4 1014 971 168 1526
4 1527 2312 60 1565
4 2002 1481 2166 1478
4 2009 2007 208 296
4 2313 1555 2041 1530
4 2036 504 417 416
4 2136 792 791 1381
4 1899 1905 701 2121
4 2301 2334 2147 2300
4 2136 1958 1951 165
4 2203 1527 1059 963
4 2180 592 593 1140
4 2084 1193 1108 1224
4 2091 2035 1020 916
4 2278 1039 2297 1031
4 2094 1043 1048 939
4 2351 1318 2207 1135
4 1989 808 1340 809
4 2297 1031 1038 1028
4 315 2043 226 2065
4 2328 1406 1364 1392
4 251 338 250 1993
4 1560 56 89 0
4 1888 2070 2072 2294
4 884 1534 64 1577
4 2123 1909 1902 153
4 1297 2191 2123 1229
4 2146 258 2247 346
4 2150 1389 871 870
4 272 271 183 2360
4 1940 1932 1159 1943
4 2051 533 621 534
4 1975 2259 2102 1978
4 1261 1987 1990 1988
4 2174 1261 1173 1210
4 2292 292 379 380
4 2265 1990 1207 1209
4 1462 2096 1373 1341
4 2042 2043 2065 226
4 845 844 756 2053
4 69 878 1561 128
4 2312 2203 1999 2358
4 2085 2276 1294 1225
4 2176 293 382 294
4 2343 2287 841 1377
4 2183 1109 2185 1982
4 2100 823 1976 1440
4 2115 482 1108 483
4 2056 2209 2061 1139
4 2042 313 2043 225
4 2142 2178 2249 2248
4 2042 312 2183 400
4 2313 2053 2166 2275
4 701 1898 23 22
4 2124 1918 2300 1913
4 1918 1355 2300 1915
4 2344 2014 2186 1278
4 2164 2241 2317 2143
4 2114 2088 1105 1287
4 2096 727 640 639
4 2042 225 930 224
4 2247 345 432 433
4 2103 2288 2322 1970
4 2045 627 540 539
4 2237 2129 2238 2130
4 2162 1354 2075 2134
4 2102 1427 1423 1420
4 2082 1326 1295 1194
4 2162 1354 2134 1393
4 1975 1338 820 1376
4 1973 1467 2291 1468
4 2110 1268 551 1144
4 874 873 785 2243
4 1903 1911 1902 2123
4 2058 2316 2003 1308
4 2044 712 711 800
4 2162 1365 1387 1421
4 2051 2341 2364 2079
4 2005 848 2268 1374
4 2199 2090 1018 235
4 880 1558 67 68
4 2009 207 294 295
4 1899 1157 103 1909
4 870 869 2120 2302
4 2121 1908 1907 1900
4 701 1899 2121 2123
4 41 1958 146 1363
4 822 821 733 2033
4 1153 1973 574 573
4 2095 232 231 320
4 2289 447 446 1097
4 1561 127 1968 1548
4 878 1424 128 40
4 2360 270 1970 2289
4 2141 869 782 781
4 2028 740 653 652
4 2256 1168 542 1138
4 551 2133 550 1172
4 946 1030 929 2307
4 2100 1976 2261 2259
4 2053 2275 2014 2268
4 1973 751 838 839
4 2055 865 776 864
4 2042 2227 2086 1054
4 2333 1158 153 1895
4 2269 194 1044 1045
4 1999 1087 1081 1074
4 2121 789 701 700
4 2237 265 2238 2129
4 2229 1312 1311 1226
4 2290 1247 1132 538
4 622 710 709 2051
4 1417 1358 2301 2299
4 2149 2247 433 2145
4 2313 2040 2275 1567
4 350 49 1930 48
4 2080 1334 2103 1095
4 611 2191 1126 1229
4 701 1898 1905 23
4 2194 304 2021 305
4 2352 2132 2077 2104
4 2136 1956 2329 1951
4 2236 1408 2032 2218
4 957 972 941 150
4 2243 1383 1356 1390
4 1994 2109 1000 1010
4 2019 1413 1402 1395
4 2136 790 1363 1381
4 2100 1975 2102 1427
4 2202 2221 1069 1063
4 1977 1325 1152 1221
4 2042 930 226 1056
4 2302 2141 868 869
4 2262 717 2320 2045
4 1201 1160 2099 2080
4 880 1558 1388 1469
4 66 881 882 1398
4 2020 2279 2354 2366
4 2069 694 607 606
4 2004 379 2057 378
4 2029 449 2310 1098
4 2166 1478 2000 1484
4 990 1005 2365 2241
4 2360 944 2049 1004
4 2238 2103 2246 266
4 1957 2214 1226 2329
4 2051 709 621 620
4 1424 1384 1964 1962
4 2177 1129 1162 533
4 2329 1957 1156 1226
4 2136 1956 790 702
4 2005 672 585 584
4 2027 656 655 744
4 2312 1091 2195 2358
4 2260 1000 246 247
4 363 2230 451 450
4 2350 160 1952 1960
4 1892 1883 1891 437
4 2294 2072 1888 150
4 2328 788 875 876
4 613 701 2123 1899
4 2115 219 2116 218
4 2028 1977 1972 2353
4 2218 2236 2309 2216
4 947 2106 2109 246
4 2180 593 680 681
4 2284 1973 2225 2291
4 2307 281 368 369
4 2202 2094 1513 1048
4 2206 1546 2067 1545
4 2186 671 759 2268
4 2043 489 1981 1187
4 615 2329 2214 2136
4 2092 2035 1020 2091
4 2298 860 771 859
4 2249 1372 1490 1492
4 2068 2299 2357 1534
4 2015 1568 2314 1528
4 2006 2009 2059 1124
4 1979 1455 1450 1444
4 2069 2120 2119 783
4 387 474 2088 475
4 1980 391 478 479
4 2084 1108 1193 484
4 2134 792 705 704
4 2143 1012 251 1008
4 2121 789 877 1907
4 2210 1139 594 595
4 1916 1397 1917 1914
4 2300 1385 1914 1915
4 2099 2229 1201 2080
4 2338 1988 2175 2326
4 2014 2016 2015 2064
4 1973 2291 839 1479
4 2237 177 264 265
4 2077 2104 2132 1024
4 63 1576 1534 1428
4 787 2243 2328 875
4 1428 63 1576 1562
4 1363 2136 165 1958
4 2215 1931 1945 1938
4 2224 2015 1982 2064
4 1977 1221 1189 1106
4 2006 2059 1186 1124
4 1997 475 2088 1287
4 2140 2201 2066 1547
4 2330 1090 2195 1061
4 2159 1305 1265 1142
4 2042 2065 2227 1056
4 2333 1893 1197 1895
4 2058 1182 1308 1276
4 2207 1319 1135 1318
4 2045 715 628 627
4 1056 2042 930 1054
4 2082 1224 1108 1296
4 2140 2248 2201 2001
4 1899 613 103 1157
4 2213 2170 2362 1545
4 787 874 2243 875
4 2192 598 2208 597
4 676 2159 588 589
4 2030 187 1016 1017
4 2070 1888 2072 1897
4 45 966 1929 140
4 2152 1978 2359 2367
4 453 454 1991 366
4 2178 2047 2201 2275
4 2157 465 2057 377
4 2272 2273 2274 2116
4 2273 310 398 2185
4 2343 2361 1476 1470
4 1520 2024 2219 2026
4 2313 2283 2324 2053
4 2094 1513 1528 1568
4 2207 510 1118 511
4 2237 2215 175 176
4 2126 974 978 965
4 2136 704 703 792
4 2162 1410 1387 1405
4 2250 553 1178 1272
4 2189 506 2107 2036
4 2110 639 552 551
4 1990 1306 1101 1209
4 2329 1947 526 1156
4 2192 598 597 686
4 2334 1921 2300 1516
4 2075 794 793 1354
4 2338 634 547 546
4 2136 2329 703 615
4 2326 812 1373 813
4 2334 1913 154 155
4 1318 2173 1164 1317
4 2194 216 927 215
4 1527 60 170 59
4 26 261 107 1885
4 2070 148 1878 1875
4 2121 2122 2124 2328
4 2051 533 2078 532
4 2329 527 614 615
4 2106 421 420 509
4 2338 809 722 721
4 410 2127 498 497
4 2302 1505 1508 1336
4 2204 931 961 942
4 2151 437 1892 1891
4 2147 1401 1404 1390
4 2319 2007 2234 2368
4 2018 879 1518 68
4 2171 1316 1244 1315
4 1994 2260 1996 1993
4 2267 1985 2354 1533
4 2341 710 797 798
4 2330 2271 2270 1057
4 2164 426 339 338
4 2100 824 2336 823
4 2091 326 237 325
4 2158 1213 1322 1144
4 2322 2126 914 989
4 2238 2229 1201 1094
4 2241 2149 255 343
4 2325 691 604 603
4 2146 348 435 436
4 2330 2264 2057 950
4 2146 1198 522 1123
4 2097 2030 2098 1016
4 63 1562 92 1
4 314 2043 315 403
4 2128 408 321 320
4 2189 1256 1208 1166
4 2086 2183 311 310
4 2174 1990 1306 1169
4 2296 1876 1875 1878
4 2151 525 2333 1893
4 2157 377 289 288
4 2204 2149 2247 943
4 2163 2214 1960 1949
4 2030 1016 1006 1017
4 2202 2221 1540 2193
4 2214 1226 2329 527
4 2205 2208 2207 1252
4 2078 2177 2315 1129
4 2135 165 2136 1951
4 166 1560 56 89
4 2069 782 2120 783
4 2226 1153 1291 573
4 2341 2044 2323 2081
4 2097 277 190 189
4 2256 1990 2265 1209
4 2152 1412 818 1411
4 2217 1522 1521 1541
4 2289 358 271 270
4 1396 1363 165 41
4 161 2214 2229 162
4 2147 1416 2124 1406
4 2169 1531 2047 1529
4 724 636 2133 2326
4 2163 1951 2214 1949
4 52 1948 790 146
4 2359 2110 2367 1984
4 2033 1276 1146 556
4 616 2214 527 528
4 25 103 1157 1909
4 2140 1488 1491 1493
4 2085 2219 1971 2082
4 2141 2325 779 692
4 25 1157 153 1909
4 1262 1116 2061 2034
4 1096 1970 445 446
4 29 437 1883 28
4 1997 388 300 299
4 1975 1376 1978 1399
4 846 2167 2053 2268
4 2230 2098 2029 363
4 2188 599 686 687
4 671 759 758 2186
4 2114 1219 1286 1325
4 2100 1975 1976 2259
4 2069 2119 607 695
4 2359 1979 2366 2347
4 2334 1913 2300 1921
4 2062 1304 1262 1305
4 1993 945 924 249
4 2208 1252 598 1135
4 2160 1271 2233 1145
4 1397 63 1562 92
4 1877 2296 1876 1875
4 63 64 884 1534
4 2355 856 1345 1496
4 2146 523 436 435
4 328 416 2036 329
4 2357 1428 884 1534
4 2204 968 961 931
4 2334 1516 1552 14
4 2363 2144 2117 1544
4 2245 1163 2325 1131
4 2006 1105 2114 2088
4 693 781 2141 782
4 636 549 637 2133
4 2078 1162 2177 1129
4 2072 968 259 957
4 1116 504 505 2036
4 2004 380 467 468
4 2230 1099 451 450
4 2058 558 1148 557
4 2077 1040 2332 1033
4 1106 1997 477 1977
4 2260 924 1000 247
4 2128 411 2090 323
4 971 2148 1014 1002
4 1962 2340 1968 1963
4 2045 541 1251 1134
4 2238 1094 441 440
4 2276 1329 1977 1290
4 2155 1207 1100 1206
4 2158 2111 1267 462
4 2065 2038 2198 2017
4 2303 1520 1522 1525
4 788 787 2122 2328
4 2284 841 753 752
4 689 2171 2055 2351
4 2022 1225 1192 1107
4 2350 1952 51 1510
4 2124 2123 1902 2168
4 2356 1501 1436 1419
4 1956 1955 790 702
4 2058 2003 2197 2369
4 1551 2125 2346 2037
4 2179 851 1344 852
4 2125 2346 2080 2350
4 2178 2275 2040 2047
4 2145 522 521 1123
4 2091 237 324 325
4 2225 2239 1539 1555
4 2090 324 411 412
4 702 1954 2329 1956
4 2145 2255 1198 1123
4 2107 506 419 418
4 1014 1571 971 1526
4 1996 425 337 336
4 1467 2023 2361 1461
4 2273 2185 2183 310
4 2321 927 2194 1085
4 1978 1459 1455 1447
4 2155 1992 1100 1167
4 128 1424 1384 1964
4 2359 2367 2347 1984
4 208 2234 2009 207
4 2355 854 2142 2249
4 2127 497 2128 2039
4 937 61 1050 1573
4 1970 445 358 357
4 1405 2134 2135 1381
4 2300 1407 1355 1416
4 434 2247 2146 2145
4 2307 2269 194 282
4 2072 260 957 259
4 2011 1347 2236 826
4 2256 1168 2265 542
4 1491 64 884 883
4 2331 960 1569 970
4 1163 2245 2172 1314
4 2106 947 2108 244
4 2062 2200 2047 2170
4 2115 2084 395 483
4 2077 1013 2030 1021
4 2156 197 948 2270
4 2315 2288 1299 1239
4 1530 2275 2047 2040
4 1163 2245 1314 1131
4 1899 103 613 24
4 2280 1247 2281 1132
4 2207 2260 510 511
4 2102 1464 1420 1435
4 2338 722 635 634
4 1284 1219 2059 2114
4 2237 2129 177 265
4 2060 592 2180 1140
4 884 2357 1534 1577
4 699 698 2122 786
4 783 2150 870 2120
4 2151 2072 1894 1888
4 2130 1933 1942 1944
4 2123 613 1196 612
4 2098 363 451 364
4 2122 700 2123 699
4 2256 631 719 720
4 1974 1272 1213 1144
4 2264 289 2157 2057
4 2267 1537 1533 1538
4 2080 1160 2099 1127
4 1371 2320 805 806
4 2318 2229 2214 1125
4 2267 2354 2254 1538
4 2091 326 413 414
4 2186 2268 2014 2285
4 2360 184 183 272
4 490 401 402 2043
4 2293 2157 1269 1104
4 2115 482 1195 1296
4 2313 2225 2283 2015
4 2121 1910 1908 1900
4 65 1361 1566 1473
4 316 404 2074 405
4 2301 2302 1508 1409
4 2234 207 953 920
4 2158 1103 463 462
4 2273 309 396 397
4 2106 510 2165 2207
4 2050 980 999 62
4 2350 51 1952 160
4 2023 2232 2231 2024
4 2150 783 2119 2120
4 599 2188 688 687
4 836 747 748 2232
4 2250 1146 1178 554
4 1910 2124 156 1364
4 2151 957 260 261
4 2064 2052 1184 2283
4 2320 807 1989 719
4 2106 332 2107 420
4 2277 2227 2278 1037
4 2330 1083 921 1088
4 2096 640 727 728
4 2065 2137 2198 2038
4 2210 2189 2209 1255
4 2204 931 2247 2072
4 2324 1342 843 842
4 2043 313 314 225
4 970 166 1560 56
4 2069 606 693 694
4 1222 2226 2083 1982
4 2243 875 874 1383
4 2169 2170 2092 2047
4 2065 2198 315 2016
4 2143 1012 1019 945
4 2352 2077 2132 2030
4 1979 1388 1523 1469
4 2016 492 1282 1179
4 2010 1935 158 1933
4 2058 2033 558 557
4 2058 1308 2003 1276
4 1362 67 1469 1512
4 2367 2259 2347 2197
4 1975 2089 2259 1978
4 2042 1981 401 400
4 2003 1176 1309 1177
4 2317 517 430 429
4 2090 325 412 413
4 2010 158 159 1928
4 2175 1264 1320 1141
4 2199 2091 1018 2090
4 2267 1533 2354 1538
4 2333 1297 2255 1158
4 2011 824 2031 1378
4 2113 558 2058 2033
4 1987 721 808 809
4 2227 2065 2137 1055
4 1980 1977 1189 477
4 1941 940 45 145
4 2228 263 2215 262
4 2096 816 2152 728
4 2342 2153 457 369
4 2057 950 201 202
4 2227 2278 1037 1042
4 2224 1285 1184 1332
4 2128 2370 2199 2090
4 2224 578 2287 2283
4 2228 1093 1159 1311
4 2237 2228 2238 1228
4 2010 2050 2037 1922
4 2010 158 1935 159
4 2307 2154 2153 368
4 2022 391 392 303
4 2338 810 1474 1352
4 2112 2342 2153 1990
4 2077 2132 1013 1024
4 2155 1206 1251 1207
4 21 1900 102 1382
4 22 877 789 1907
4 2326 636 547 635
4 2007 208 2234 2009
4 2004 467 1177 468
4 2265 541 542 1168
4 832 831 2309 1348
4 2176 2009 206 294
4 2113 2058 2261 1976
4 2207 1250 1318 1164
4 2344 2040 2014 2017
4 2191 1128 2119 609
4 2172 2173 1993 2144
4 2146 259 2072 258
4 2146 436 523 524
4 2146 259 346 347
4 1158 153 25 1157
4 2256 2265 1168 1207
4 2241 429 2317 430
4 2070 1889 2071 1509
4 2331 960 970 1027
4 1019 1994 975 2331
4 2070 1897 148 149
4 1569 2242 970 1517
4 1981 1288 1110 487
4 2185 1193 485 484
4 2222 2017 2038 2040
4 2159 1307 2311 1143
4 2312 2203 2358 1553
4 2349 1067 1091 952
4 2217 2348 2114 1977
4 2361 2231 2024 2023
4 2021 2303 2082 1971
4 2225 2239 2024 1539
4 2228 438 1159 1093
4 534 622 621 2051
4 2045 1165 539 1134
4 2338 2326 635 723
4 2320 2256 630 631
4 2019 1570 2340 1548
4 2049 936 185 186
4 2340 1969 1961 163
4 2305 2322 2360 2306
4 989 2360 914 2322
4 1894 8 150 941
4 1261 1987 1137 1990
4 1102 2111 1211 2174
4 2294 972 957 150
4 2333 1158 2255 153
4 2294 1877 2296 986
4 2204 2294 961 968
4 2070 1542 2296 1878
4 2296 1542 1876 1878
4 29 437 349 1883
4 1883 1891 349 261
4 2212 2045 715 2262
4 2019 1413 2279 1402
4 1979 1523 2032 1469
4 2327 1979 1978 1459
4 2128 496 2039 497
4 2060 1142 591 1263
4 2187 1500 2182 1346
4 246 2106 2109 2260
4 2282 2281 2315 1204
4 1956 790 1948 1958
4 2136 615 704 616
4 973 980 1923 1927
4 973 138 980 1927
4 2246 179 180 928
4 959 2010 965 2130
4 973 1923 139 138
4 857 2339 1497 2355
4 2035 502 415 414
4 2146 2072 2247 258
4 1894 107 8 941
4 1916 91 1562 1920
4 1916 1 1562 91
4 52 702 790 1955
4 52 1955 790 1948
4 453 454 1992 1991
4 2292 950 203 1089
4 2155 1990 1254 1207
4 1396 165 1967 41
4 1396 41 1967 129
4 1396 129 1967 1403
4 2364 1421 1337 1366
4 1975 2102 1423 1399
4 1894 957 941 150
4 2151 2255 2333 2072
4 261 1894 941 107
4 1362 881 67 1512
4 658 2063 570 2232
4 2330 950 1090 1088
4 2236 827 1452 828
4 2335 1268 2158 1322
4 2294 1888 149 150
4 2238 1232 2103 442
4 2309 2216 2101 2220
4 1998 1999 2203 2337
4 2183 486 399 398
4 2142 766 678 677
4 2090 411 324 323
4 2268 848 760 759
4 2096 815 728 727
4 1074 1077 1998 2321
4 2032 1362 1469 1512
4 2218 1398 1519 1386
4 2257 2019 2211 2252
4 2218 1465 1400 1386
4 2102 1420 1423 1435
4 1362 1398 881 1512
4 2121 1900 877 1382
4 438 48 1937 47
4 2078 1162 1129 1299
4 2045 2155 1165 1134
4 1541 2261 1524 1521
4 646 2113 1976 2033
4 2230 2281 1302 1099
4 2131 1574 1554 1550
4 2320 1989 2256 719
4 3 128 69 1561
4 2335 2175 1264 1320
4 2256 543 542 631
4 2335 1321 2111 1320
4 2349 920 2234 1067
4 2035 2093 2092 2034
4 2309 1454 2101 2236
4 778 2171 689 690
4 2178 2248 2286 2275
4 2324 1481 1342 1377
4 2108 917 244 947
4 2126 2125 2322 2246
4 2360 270 2289 271
4 2136 703 704 615
4 2329 526 1953 614
4 1954 614 1946 702
4 1381 2134 792 1393
4 1954 1946 1955 702
4 2189 1256 507 1117
4 2204 983 2296 990
4 2241 1011 915 1005
4 2091 413 326 325
4 2090 412 325 324
4 2189 2165 2107 507
4 2206 2207 1995 2213
4 2165 1166 509 508
4 95 16 1919 1391
4 2152 552 1974 2110
4 2008 2058 2059 2316
4 731 2250 643 2033
4 2100 1976 1975 1440
4 2151 1896 1891 1893
4 2151 436 525 437
4 2151 1887 2255 2072
4 2151 1894 261 1885
4 2044 800 801 712
4 2350 1952 1949 1960
4 1551 1936 35 51
4 2064 1324 1218 1111
4 2272 1982 2304 2184
4 2284 751 839 752
4 2320 542 629 630
4 2129 933 176 177
4 2282 2177 623 535
4 508 2107 2106 2165
4 2273 308 220 219
4 2226 1155 1291 1222
4 1994 1010 1009 975
4 2055 688 776 777
4 2107 508 420 419
4 2112 2269 2190 2270
4 2054 2221 1062 1069
4 1468 1353 2291 1973
4 2085 2220 1972 2276
4 2024 2023 2232 2026
4 2128 2199 919 234
4 2355 2060 2180 2200
4 2165 1118 2207 510
4 2187 2339 2161 2298
4 2056 2180 2339 857
4 2158 1267 1103 462
4 2031 2100 2032 1439
4 1978 1459 1979 1455
4 2005 2285 760 672
4 2160 2233 2286 2285
4 2091 324 2090 325
4 2242 1517 1569 1543
4 2062 1305 1262 1115
4 2011 736 649 648
4 53 702 52 1955
4 53 702 1955 1946
4 1040 2077 2332 2307
4 2070 1886 1889 1897
4 2294 986 983 977
4 1478 2343 2166 2000
4 130 1403 1415 1963
4 2062 1304 1305 1263
4 1212 2160 2233 2311
4 2036 418 329 417
4 2128 233 320 321
4 2244 1298 1122 1237
4 2064 1187 1220 1332
4 1201 1160 2318 2099
4 1994 1000 2260 924
4 2201 2067 1531 2170
4 2092 2035 2169 1020
4 2022 2082 1195 1192
4 2224 2015 2225 1982
4 219 2084 2116 2273
4 2013 1036 1051 1041
4 1284 1219 1330 2059
4 2011 2235 562 650
4 2009 383 470 471
4 2311 2047 2178 2233
4 846 759 847 2268
4 1351 2055 866 2181
4 2351 600 601 1133
4 2300 1407 1416 1404
4 2334 154 1913 1921
4 2129 2237 176 2130
4 2215 958 1931 174
4 45 1929 940 159
4 2134 2318 2136 704
4 2341 1451 1432 1445
4 2212 802 801 1368
4 615 2329 527 2214
4 2318 2099 618 706
4 2162 2340 1421 1410
4 2101 1422 830 1379
4 2084 219 308 2273
4 2320 629 542 541
4 2238 440 1228 1094
4 1941 940 145 958
4 1941 145 1931 958
4 2129 2246 974 928
4 2129 2237 177 176
4 2126 987 965 978
4 1557 2019 2252 1549
4 66 1519 1398 1386
4 2051 2364 2075 2099
4 2297 230 231 954
4 2098 365 452 453
4 2244 1233 1122 1298
4 814 2133 726 727
4 2036 505 506 417
4 740 828 739 2028
4 92 1916 1 1562
4 1397 1916 92 1562
4 1397 63 92 885
4 2300 1397 1916 1914
4 1507 1336 1505 2302
4 2141 780 781 692
4 2281 1246 1098 1204
4 2155 1100 1249 1206
4 2190 196 2269 195
4 2238 1094 442 441
4 2125 157 2037 1936
4 2212 801 2044 1369
4 2306 989 998 996
4 2238 266 265 354
4 2240 2108 917 243
4 598 2188 2192 2208
4 2356 1504 2182 1501
4 2095 495 496 407
4 2065 2137 2038 2314
4 2095 320 319 408
4 2095 407 496 408
4 2005 848 1374 849
4 1988 1173 546 547
4 999 62 980 173
4 980 62 1563 125
4 1391 156 1364 16
4 156 1364 16 1910
4 2097 190 922 189
4 2349 1091 2195 1090
4 2302 2139 2141 2120
4 869 2120 2302 2141
4 1993 426 337 425
4 2248 1344 1374 1486
4 2190 283 2269 371
4 1225 2022 1192 2082
4 2208 1136 598 1252
4 2183 400 487 488
4 2222 2095 2038 2074
4 2160 2005 762 674
4 2318 2229 1125 1230
4 2075 794 1366 795
4 2329 614 1954 702
4 1959 2214 1950 1957
4 2329 1947 1954 1953
4 2180 1140 593 1258
4 2179 850 2286 1344
4 2245 2139 2363 2117
4 2214 1951 2329 1959
4 2329 702 615 614
4 2214 162 1950 1957
4 2120 870 2302 2150
4 2325 866 779 778
4 2260 512 423 511
4 2177 1241 1129 535
4 1040 2077 2307 1030
4 267 266 179 2246
4 2305 2132 2131 1574
4 2135 1403 1967 1963
4 2163 163 1510 1548
4 2075 707 794 795
4 2044 1445 799 798
4 2136 792 703 791
4 2136 703 790 791
4 2136 790 703 702
4 2010 966 987 932
4 1299 2288 2078 1235
4 2076 999 2132 996
4 2329 1957 1959 1947
4 29 1890 261 26
4 261 29 1883 1890
4 2179 2286 2248 1344
4 2023 1465 2361 1461
4 2085 2308 2082 1194
4 1993 425 514 426
4 973 2050 1922 1923
4 126 1515 1925 35
4 2105 1026 949 1035
4 2180 768 681 680
4 130 1963 1415 1962
4 130 1962 1415 131
4 2277 962 2094 1037
4 2355 2060 767 679
4 2268 1374 2275 2286
4 2043 401 1981 489
4 2321 1997 2348 1980
4 1977 1221 1329 1189
4 2059 1124 1279 1281
4 2106 509 2165 510
4 2082 1195 1192 1326
4 1225 2022 2082 1971
4 1397 92 15 885
4 1397 1916 1917 92
4 1996 1995 2173 2207
4 2351 688 600 599
4 2035 239 326 327
4 2210 1255 2209 1139
4 2349 2195 2292 1090
4 2009 920 206 207
4 2158 1974 1213 1144
4 2175 549 2133 1264
4 2127 2311 2370 499
4 949 2105 2035 1020
4 1940 144 1159 1932
4 1940 1159 144 1199
4 1940 46 162 1199
4 1940 144 46 1199
4 403 314 2043 402
4 2074 1277 1179 1328
4 2222 2095 2074 1112
4 2090 2199 2128 234
4 2044 798 711 710
4 2343 2000 2239 2166
4 2001 1361 1473 1566
4 2000 1567 1566 1539
4 2274 1070 925 955
4 215 1980 304 303
4 2042 313 225 224
4 2051 531 2099 619
4 2270 1068 1047 923
4 462 2156 2111 2190
4 2085 2220 2219 2063
4 2021 2083 2116 2084
4 1980 390 303 302
4 2236 1454 1452 1438
4 2151 2333 525 524
4 2151 437 1891 349
4 2202 2304 2193 1540
4 2015 1528 2041 1555
4 2274 1076 925 1070
4 2065 2038 2017 2314
4 2082 1326 1192 1225
4 2234 1067 953 1075
4 2343 2284 2291 840
4 2274 1076 1053 1069
4 2304 2015 1525 1555
4 2191 1229 1297 1200
4 2209 1303 2061 1139
4 1996 1245 513 1164
4 2056 1360 858 857
4 2152 2110 640 552
4 1987 2338 721 809
4 1970 358 445 446
4 2230 2254 2310 2131
4 2097 189 922 188
4 2238 442 2103 354
4 2190 197 2156 2270
4 2336 1976 823 735
4 2239 2291 2225 2226
4 2023 2063 2025 1380
4 2215 959 981 967
4 2215 262 175 174
4 2215 1935 2130 1944
4 2015 1568 1528 1555
4 2043 490 489 1187
4 2361 1465 2024 1386
4 1981 1187 1110 1220
4 2277 2038 2278 2314
4 2095 231 318 319
4 2052 2064 2014 2283
4 2085 1154 567 568
4 2142 677 678 589
4 2140 2357 2066 1448
4 2287 578 577 666
4 2136 791 790 1381
4 2163 2099 2079 2350
4 2214 616 615 2136
4 2078 1236 1334 1301
4 2078 2315 2288 1299
4 169 59 1513 2202
4 2277 1031 1028 1034
4 1058 59 963 170
4 1058 169 59 170
4 169 59 2202 1058
4 1397 92 1917 15
4 63 1534 884 1428
4 66 67 881 1512
4 1926 125 980 1563
4 2205 2165 2189 1208
4 2005 1374 2286 850
4 2064 490 1283 1111
4 2161 1495 1498 1493
4 2000 1484 1478 1473
4 2161 1360 2339 1497
4 2085 2063 2027 2220
4 2269 1044 194 195
4 2006 471 2009 1124
4 2085 569 1154 568
4 2094 1526 58 168
4 2234 209 953 208
4 2054 1062 1074 1085
4 1977 1189 1329 1293
4 2234 1999 2358 1067
4 2342 1260 2174 1102
4 656 2085 568 569
4 1987 721 2338 722
4 2174 1306 1260 1169
4 2126 982 978 974
4 2156 2111 2158 462
4 2306 993 996 935
4 2085 1154 569 1295
4 2032 1464 1469 1420
4 2100 1443 823 1440
4 2085 1154 1295 1326
4 2273 221 925 220
4 219 307 2084 308
4 395 307 396 2084
4 2016 316 315 403
4 2009 295 382 383
4 2219 2216 1522 1520
4 1349 2232 2063 834
4 2022 478 1980 1293
4 2315 2177 1241 1129
4 2125 2246 2126 2010
4 191 946 2154 1991
4 2219 2220 2216 2026
4 2223 1028 2199 1025
4 2105 1020 2169 2035
4 1987 1474 2338 809
4 2036 506 505 1117
4 2219 2082 2303 1971
4 65 1361 1511 1566
4 65 1511 883 64
4 1502 2188 863 864
4 2204 2295 2241 2365
4 2219 2303 2082 2083
4 2055 1351 865 864
4 434 2247 346 2146
4 2352 2132 2104 1554
4 2078 2288 2315 2081
4 2253 2131 2252 1550
4 2004 465 1176 466
4 2009 470 383 382
4 2319 2358 1999 2337
4 2292 379 292 291
4 1910 2121 1903 2124
4 2069 2141 693 605
4 1507 2302 2138 868
4 2219 2026 2216 1520
4 2285 1274 584 1145
4 2160 1145 2005 586
4 2036 506 418 417
4 2281 1098 2310 1243
4 1990 1209 1254 1207
4 949 2105 1020 1026
4 2049 274 185 273
4 2106 509 420 508
4 2202 1048 169 1058
4 2160 2233 2311 2178
4 2203 1059 1087 963
4 47 1932 1937 438
4 47 1159 144 1932
4 2150 1401 1394 1350
4 1355 1915 94 1385
4 2122 787 700 699
4 2098 2029 275 187
4 2359 2367 1978 2347
4 2294 1882 150 1881
4 2333 1227 1158 1197
4 1929 940 159 2010
4 2126 914 982 964
4 2019 1570 1518 1395
4 2185 2083 1982 1292
4 57 168 58 1526
4 2195 2197 1536 1541
4 2330 1057 2270 2156
4 2330 2057 2292 950
4 463 2156 375 376
4 2057 2292 203 291
4 867 2141 2138 2325
4 2171 778 2055 2325
4 514 2172 2164 515
4 2296 960 2331 1027
4 57 1571 1014 1526
4 971 2148 1571 1014
4 2051 531 532 1127
4 2080 1095 2103 1232
4 2051 619 2099 707
4 2049 2029 273 361
4 2253 2079 2346 1550
4 2099 2229 2318 1201
4 108 1197 1884 1895
4 2178 2201 2248 2275
4 2183 398 311 310
4 2210 1208 2189 1255
4 2298 1370 860 859
4 2128 411 323 322
4 2100 2032 1439 1420
4 2114 1325 1105 1219
4 2276 567 1294 1188
4 563 2028 1152 564
4 21 1900 877 1907
4 2115 305 218 2194
4 1222 2226 1982 1291
4 2085 1294 1154 1225
4 2226 660 748 661
4 1973 748 661 2226
4 999 1535 172 937
4 2219 2217 2216 2220
4 2305 2310 2322 2346
4 2341 1432 2323 2044
4 2152 1974 2367 2110
4 2204 2294 983 961
4 1994 1019 2143 2331
4 2365 2331 2295 2144
4 2101 829 828 1379
4 49 1930 1939 262
4 580 581 669 2053
4 2224 2284 576 575
4 2087 1054 1053 1070
4 2273 221 310 222
4 2219 2220 1971 2348
4 2219 2083 2082 2308
4 2197 2058 2261 2008
4 2024 1465 2218 1386
4 2218 1386 1400 1398
4 2218 1400 1362 1398
4 2063 834 833 1380
4 2218 1519 1398 1512
4 1222 1224 1193 2083
4 2000 1519 1473 1386
4 2160 674 675 586
4 1973 1153 574 575
4 2297 1039 1038 1031
4 2362 2170 2036 2169
4 2362 1545 2170 1531
4 2106 2260 2207 2213
4 2325 779 692 691
4 2311 2062 2047 2093
4 2207 1327 1319 1118
4 1996 337 1993 336
4 2189 1256 1117 1303
4 2134 705 2318 704
4 2214 1125 527 528
4 973 1924 1922 2010
4 2228 263 350 351
4 2049 184 272 273
4 2010 158 157 1933
4 2010 940 981 966
4 1926 126 2 1563
4 1926 2 125 1563
4 1926 2050 126 1563
4 2126 987 2010 965
4 2103 1334 1235 1095
4 814 2133 727 2096
4 2077 1033 2332 2104
4 2219 2220 2348 2217
4 2001 1473 1361 1484
4 2140 1575 1547 1511
4 2133 1172 549 550
4 14 20 1552 1904
4 622 710 2051 2177
4 2329 614 527 526
4 1952 1510 163 39
4 2350 1551 1510 51
4 2238 1094 1232 442
4 2327 1979 2359 1978
4 1970 2246 2126 2322
4 2085 2063 570 569
4 2084 2185 1193 2083
4 1468 2291 2361 1467
4 1976 822 735 734
4 2085 2276 1225 1971
4 2028 2353 1972 2101
4 2028 564 563 652
4 2028 652 565 564
4 563 2028 2235 1152
4 1977 2235 2353 2028
4 2028 565 1152 564
4 1972 2220 2027 2101
4 1972 2220 2101 2353
4 1972 1977 2220 2353
4 1972 1977 2276 2220
4 1972 566 1188 565
4 2309 1430 1431 1422
4 2309 1430 2025 1431
4 1438 2309 1430 2218
4 2309 2216 2025 2218
4 2309 2025 1430 2218
4 2309 2101 1422 830
4 2309 2027 2101 830
4 2309 1430 1422 1379
4 2036 417 504 505
4 502 415 503 2034
4 2035 502 2093 2034
4 1116 504 2036 2034
4 2034 503 1262 1116
4 330 243 2107 2240
4 2036 2034 504 416
4 2034 503 416 415
4 2034 1116 504 503
4 328 329 2240 241
4 2034 416 503 504
4 2061 2062 1262 2034
4 2167 1375 2053 2002
4 2062 1266 1307 1305
4 676 2159 589 2142
4 2355 767 680 679
4 2161 1499 1500 1370
4 2205 2206 2187 2298
4 2344 2186 1147 1181
4 2311 2062 1266 1307
4 2095 231 319 320
4 2159 2311 2160 1143
4 2016 1218 1282 1111
4 2115 1108 2084 483
4 2093 502 413 501
4 2309 1422 2101 1379
4 500 2090 413 2093
4 2035 2093 502 414
4 2091 413 2093 414
4 2199 1023 2091 2092
4 413 2091 2090 325
4 2091 2035 326 414
4 508 2107 420 2106
4 2223 2199 2092 1023
4 2199 2092 2091 2090
4 2240 330 241 329
4 2095 2297 233 2128
4 2105 1001 2108 2362
4 2223 2297 2199 1028
4 2128 409 496 497
4 2011 737 650 649
4 2035 327 240 239
4 2240 240 2035 328
4 2222 2285 2233 1323
4 2169 2036 2034 2170
4 2073 976 994 1002
4 2148 1571 2073 971
4 2073 1571 1529 1526
4 2073 976 1020 994
4 2105 1001 2362 992
4 1529 2277 2073 1526
4 2277 962 1037 1034
4 2046 1529 2047 1530
4 2028 651 740 652
4 2258 2012 2011 2353
4 1972 654 653 742
4 2128 919 2297 233
4 2011 2012 2235 2353
4 2370 2090 2311 2093
4 2169 2036 2035 2034
4 2011 2031 2336 2258
4 2169 2092 2046 2047
4 2105 2362 2148 992
4 2092 2170 2093 2047
4 1996 511 1250 1164
4 2092 2034 2093 2170
4 2042 2184 2065 2043
4 2011 650 737 738
4 2041 1529 2046 1530
4 2041 2046 1529 1528
4 2041 1529 1530 1528
4 316 2074 2198 317
4 2041 1528 1530 1555
4 2202 1527 1513 1540
4 315 2016 403 2043
4 315 226 227 2065
4 2167 1484 1482 1478
4 2043 401 489 490
4 2274 1084 925 1076
4 2042 2183 1981 400
4 2277 2094 2227 1043
4 2137 2297 2278 954
4 2227 1037 1043 1042
4 2065 1056 226 1055
4 2048 1999 2319 2234
4 2137 230 2297 954
4 2227 2065 1055 1056
4 2297 231 1038 1039
4 2222 2038 2095 2039
4 2297 919 232 233
4 2128 919 233 234
4 2297 1038 919 1028
4 2344 1277 2222 2074
4 2297 1038 231 232
4 2297 232 919 1038
4 2060 679 766 767
4 2127 2039 2128 2370
4 2127 410 498 499
4 2222 1215 1274 1323
4 2128 2370 499 2127
4 499 410 2128 2127
4 2159 2179 2142 676
4 2343 1475 2291 1470
4 2090 499 2128 2370
4 2127 498 1113 499
4 2127 1180 497 496
4 2344 1215 2222 1277
4 2222 1180 2039 496
4 2370 2311 2047 2093
4 2344 1328 1217 1278
4 2344 1328 2016 1217
4 1375 846 2167 2053
4 2222 1180 496 1112
4 2233 1145 1271 1323
4 2224 2287 578 577
4 2159 2178 2142 2179
4 2227 2065 2184 2015
4 852 764 2142 2179
4 2285 584 1274 1147
4 1180 2127 1323 2222
4 2344 1215 1277 1328
4 2005 674 2160 586
4 2041 2370 2233 2047
4 314 402 401 2043
4 2014 1150 1217 1218
4 2016 1282 1217 1179
4 2285 2222 2233 2040
4 2074 318 2095 230
4 2113 2059 2058 1280
4 2043 226 314 315
4 2313 1555 1530 1567
4 2202 2087 2274 2304
4 2186 1278 2014 581
4 2008 2113 2059 2058
4 2052 1150 1183 579
4 2313 2283 2225 2239
4 1981 400 489 401
4 2284 753 2287 665
4 2225 1525 2304 2015
4 2275 2167 2053 2166
4 2113 2012 2059 1185
4 2113 1280 559 1185
4 311 2086 310 223
4 2284 751 664 663
4 2202 2221 1527 1540
4 2082 1195 1331 1296
4 1982 1292 1222 1310
4 2052 755 667 666
4 1982 1292 2083 1222
4 1973 663 750 751
4 2086 224 311 312
4 2274 1069 1084 1076
4 2042 312 313 224
4 2042 2184 2227 2065
4 2273 310 2086 222
4 307 306 2115 395
4 2085 2082 1225 1326
4 2043 401 314 313
4 2042 2086 311 312
4 2344 1277 2074 1328
4 226 227 2065 1055
4 2178 2040 2275 2286
4 2015 2314 2017 2041
4 2000 2313 1567 1539
4 2324 1481 2002 1342
4 1980 1189 478 477
4 2304 1525 1568 1555
4 2086 2087 2227 2184
4 2225 2024 2303 1525
4 2085 1295 2082 1326
4 2185 1292 1982 1109
4 2084 484 2185 396
4 2273 220 925 219
4 2304 1568 1525 1540
4 1972 2085 2276 567
4 2113 2059 1280 1185
4 310 222 223 2086
4 2274 1070 2087 1053
4 2115 218 305 306
4 2115 219 307 2084
4 2273 396 309 308
4 2232 746 658 2063
4 2012 561 648 2011
4 2239 2361 2291 2231
4 2226 573 1291 1155
4 2082 2308 1224 1194
4 2287 753 841 842
4 2308 1222 2083 1224
4 2085 1972 2220 2027
4 1982 1109 1292 1310
4 2224 2226 2225 1973
4 2194 304 305 217
4 1982 2015 2304 2184
4 317 228 229 2198
4 2224 2283 2015 2064
4 2224 575 1151 1289
4 1982 1153 575 1289
4 1982 1310 1291 1153
4 1982 1310 1288 1109
4 1982 1220 1288 1310
4 1982 1153 1289 1310
4 1982 1310 1289 1220
4 398 397 309 2273
4 2185 486 398 397
4 2185 397 484 485
4 2185 486 397 485
4 2185 484 397 396
4 2273 310 309 398
4 398 397 2273 2185
4 2272 2087 2184 2304
4 2272 2183 2273 2185
4 2113 1148 559 1280
4 2273 221 308 309
4 2273 396 2185 397
4 307 2084 308 396
4 2115 481 394 393
4 2116 956 218 219
4 2086 1060 1054 1064
4 2272 2084 2273 2116
4 2054 1062 2221 1074
4 2008 1541 2217 1521
4 2308 1155 1222 1224
4 2021 2082 2083 2084
4 2113 2058 1148 1280
4 2266 2194 2054 1085
4 2022 392 393 2021
4 2272 2274 2086 2184
4 2116 956 925 1084
4 1980 389 390 301
4 2272 2274 2087 2304
4 2321 1074 1077 1085
4 2194 304 217 216
4 209 2234 2048 2007
4 2277 2041 2314 1528
4 2266 2193 1971 2303
4 2194 956 927 217
4 2266 2221 2054 2193
4 1999 1075 1082 1080
4 2057 291 378 379
4 2193 2304 2303 1540
4 2358 2203 2337 1553
4 462 2156 2190 374
4 298 2006 385 297
4 2337 2193 2303 1540
4 2194 217 218 956
4 2223 2092 2073 1023
4 2277 1034 1037 1031
4 2087 1053 1054 1043
4 2087 1528 2314 1568
4 2074 495 2095 494
4 1043 2202 1053 939
4 2094 1513 1048 58
4 2094 1513 58 1526
4 2094 1526 1528 1513
4 2240 241 1035 949
4 1994 2109 2213 2260
4 2161 2298 2339 1360
4 2113 2261 2336 1976
4 2205 2192 2187 2208
4 2205 2189 2210 1208
4 2058 2369 2033 1276
4 2058 2033 1182 1276
4 2241 2317 2149 430
4 2171 602 1133 601
4 2061 1259 2036 2034
4 2106 2109 2108 947
4 597 2205 2192 2210
4 2036 2240 2035 328
4 2035 916 238 239
4 2107 420 332 331
4 2107 332 244 243
4 2058 2033 2369 1976
4 418 2240 2036 329
4 330 243 331 2107
4 2107 418 331 330
4 2107 2362 2213 2036
4 2107 331 332 243
4 2240 2035 240 949
4 2145 433 521 522
4 2255 151 1886 152
4 2119 784 697 696
4 2058 1148 1308 1182
4 2058 2003 2369 1276
4 2172 2173 1119 514
4 1996 1245 1119 513
4 2260 336 248 247
4 2260 248 924 247
4 2058 1148 1182 557
4 2058 1182 2033 557
4 1993 1019 1009 945
4 2242 2144 1994 1995
4 2147 1404 2300 1416
4 2191 1297 2255 1200
4 2149 520 432 431
4 2164 1993 426 338
4 2317 517 2164 1120
4 1993 924 248 249
4 1993 2143 251 2164
4 2187 2192 2188 2208
4 2171 778 2325 690
4 2117 2071 1509 2295
4 868 867 2141 2138
4 689 2171 2351 601
4 2351 2173 2171 2363
4 2164 517 429 428
4 2301 1508 1414 1409
4 2056 769 770 681
4 2172 1242 1315 1314
4 2171 690 2325 602
4 2335 2133 2175 2326
4 1298 1237 2245 1300
4 2242 1995 1994 2213
4 2124 1913 2334 155
4 2205 2207 2165 1327
4 2206 2055 2208 2182
4 2295 2144 1543 1509
4 1995 2213 2207 2260
4 1995 1544 1546 1545
4 2149 1237 1122 519
4 2144 1995 1545 1544
4 2144 1545 1543 1544
4 2151 1894 1896 1888
4 1888 2070 2294 149
4 2072 931 259 968
4 2151 348 437 349
4 2144 1543 1509 1544
4 2172 1242 1119 1315
4 2325 691 778 779
4 2172 1242 515 1119
4 782 2120 783 870
4 2146 1198 523 522
4 1996 1119 514 513
4 2173 1245 1317 1316
4 2325 1163 604 1131
4 2351 2055 2206 2363
4 784 697 2150 2119
4 2171 602 2325 603
4 2173 1119 1245 1316
4 2173 1315 1119 1316
4 1993 248 337 249
4 1994 1993 1019 1009
4 1996 425 424 513
4 1996 1119 2173 514
4 1993 945 249 250
4 1008 2143 2164 251
4 2143 2164 2241 1008
4 1993 337 338 249
4 2149 430 343 2241
4 1993 249 338 250
4 2331 1019 1022 975
4 2242 992 1010 975
4 970 2242 2331 975
4 2331 1027 1022 988
4 2331 1022 1027 975
4 2296 1027 2331 988
4 2296 960 1027 988
4 2296 1569 960 1560
4 2296 1542 1569 1560
4 2296 986 1876 960
4 2365 988 2331 1022
4 2365 2296 1005 990
4 2296 997 960 988
4 2296 1542 2331 1569
4 2296 1569 2331 960
4 2296 960 997 986
4 2296 2295 2331 1543
4 2296 1542 2295 1543
4 2296 2331 1542 1543
4 2365 2143 2331 2144
4 2365 1003 1022 1019
4 2365 1011 1003 1008
4 2241 2204 2365 990
4 341 252 253 2241
4 2365 1022 2331 1019
4 2241 342 429 430
4 2143 1003 1012 1008
4 990 2241 2204 943
4 2171 1163 2325 2172
4 2149 432 343 431
4 2172 1314 1120 1242
4 2172 1119 2173 1315
4 2191 609 610 1126
4 2164 428 515 516
4 2164 1120 517 516
4 2164 515 1120 516
4 515 2172 1120 1242
4 2335 2111 2158 1985
4 2141 693 782 2069
4 2245 2141 2363 2139
4 2069 607 2119 1234
4 2124 1912 1902 1903
4 2245 1234 1300 1130
4 2245 2244 2117 2317
4 2245 2363 2325 2172
4 2245 2117 2363 2317
4 2317 1121 517 1238
4 1121 518 2149 2317
4 2121 1910 1900 1382
4 1470 1468 2291 2361
4 2181 1506 2301 2138
4 2255 1123 1200 1198
4 2245 2069 1234 1130
4 1121 518 519 2149
4 2302 1507 1336 869
4 2188 776 687 775
4 2245 1203 2172 1314
4 787 2243 2122 2328
4 2149 256 255 344
4 2247 432 345 344
4 611 699 698 2122
4 2149 343 432 344
4 2149 343 344 255
4 2149 2295 2244 2317
4 2255 1901 151 152
4 2122 2124 2243 2118
4 2255 1887 153 152
4 2191 2244 2145 2255
4 2255 1200 1297 1198
4 2255 1902 1901 152
4 2255 153 1902 152
4 2150 697 785 2243
4 2071 2255 151 1886
4 2071 2255 1886 1887
4 2071 2072 2255 1887
4 2146 1198 2333 523
4 2145 2333 2146 1198
4 2071 2244 2149 2295
4 2189 1208 2165 1166
4 2151 2333 1887 1893
4 2151 261 1891 1885
4 2333 1198 1227 524
4 2333 1227 1197 524
4 2333 523 1198 524
4 2333 2145 2146 2072
4 2335 2133 2359 2110
4 2151 1891 1896 1885
4 2145 521 520 1122
4 2204 2247 931 942
4 2294 149 1875 1881
4 2294 149 1881 150
4 2294 2072 150 957
4 2294 983 979 977
4 2105 1029 994 1026
4 2242 1569 2331 1543
4 2242 985 992 975
4 2240 2362 2105 2108
4 2148 1014 57 1571
4 2148 1517 57 167
4 2335 2133 2110 1172
4 167 2148 1517 985
4 2148 1517 1564 1571
4 2148 1571 57 1517
4 2335 2158 1984 1985
4 2050 1572 1574 1515
4 2050 999 980 935
4 2126 987 978 984
4 2050 1563 1572 1515
4 2050 935 980 984
4 2050 993 935 984
4 1030 2307 1040 929
4 2230 1099 450 1246
4 272 2360 2049 2289
4 2132 1574 2050 1572
4 2132 1574 1572 1554
4 2132 1572 2050 999
4 2132 1572 999 1535
4 2157 377 2057 289
4 2132 1024 999 1013
4 797 2051 709 710
4 2132 1554 1572 1535
4 2330 921 2264 950
4 2195 2292 2197 2368
4 937 2013 1033 2104
4 2013 937 1050 1573
4 2292 203 952 1089
4 2097 2077 1021 946
4 2104 937 1024 1033
4 2104 1535 937 1573
4 2104 2132 1535 1554
4 2104 1535 1537 1554
4 2104 1537 1535 1573
4 2335 1320 2111 1211
4 2280 538 1165 1247
4 2342 457 370 369
4 1991 191 279 280
4 2174 1102 1210 1211
4 2049 272 2289 360
4 2238 266 2129 265
4 2335 1984 2158 2110
4 2163 1952 2350 1510
4 2360 183 270 271
4 2229 1311 162 1226
4 2029 450 361 449
4 2049 185 274 186
4 2211 2019 2323 2252
4 2051 2099 2075 707
4 2267 1986 2112 1985
4 2238 265 353 354
4 444 1970 445 1096
4 2230 2254 2352 1992
4 2315 2310 2288 2289
4 2131 1554 1538 1550
4 2315 1243 2281 2310
4 2252 1538 2354 1557
4 1987 1261 1137 546
4 1991 2154 2097 946
4 1992 453 1100 454
4 2190 2269 283 195
4 2253 2346 2081 2310
4 2307 2154 368 280
4 1992 454 1100 1167
4 1254 1167 2155 1207
4 2335 1264 2133 1172
4 2342 457 1169 458
4 2155 1302 1165 1134
4 2256 719 1989 720
4 1987 1137 1990 1257
4 2281 450 1098 1246
4 2320 807 719 718
4 2045 1251 2265 2155
4 2307 2154 280 192
4 2270 2271 1983 1986
4 1992 455 1254 2153
4 1991 2154 2153 1992
4 2112 2153 2154 1990
4 1991 368 367 456
4 2154 280 192 191
4 2096 814 1341 815
4 2013 2271 2104 2332
4 2349 920 1067 952
4 2342 1260 1102 458
4 1991 279 368 280
4 1991 454 1992 1167
4 1991 191 946 190
4 2307 194 281 282
4 2342 1169 2174 1260
4 2307 1040 2269 2332
4 1991 455 454 1167
4 2307 368 2153 369
4 1990 1137 1261 1306
4 2269 283 370 371
4 2175 1173 1988 547
4 2133 726 639 638
4 2335 2133 2345 2359
4 2250 555 642 643
4 2158 1103 1322 1269
4 2111 459 2174 1102
4 2250 1974 2369 2367
4 2033 734 733 822
4 2111 1174 1171 1320
4 2111 459 2190 2174
4 2335 1172 2110 1268
4 2335 1264 1321 1320
4 2045 541 628 629
4 2190 284 196 195
4 2269 195 196 1044
4 2270 2269 2190 196
4 2190 284 283 372
4 2156 197 198 948
4 2269 370 283 282
4 2269 195 282 283
4 2330 921 950 1088
4 2190 283 284 195
4 2270 1047 2271 923
4 2125 1551 2350 1936
4 2125 2322 2346 2037
4 1970 356 357 268
4 1929 940 2010 966
4 1970 2126 2246 964
4 2126 989 982 914
4 2131 2230 2352 2305
4 2237 351 439 440
4 2125 1933 1936 1942
4 2346 1551 1574 1550
4 2346 1574 2131 1550
4 2010 159 1929 1928
4 2037 35 1551 157
4 2037 1551 35 1515
4 2037 35 157 1515
4 2096 1341 816 815
4 2037 2050 2132 1574
4 2037 1574 2346 1551
4 2037 1574 1551 1515
4 2037 1922 2050 1925
4 2037 157 1922 1925
4 2037 2050 1574 1515
4 2037 1925 2050 1515
4 2037 157 1925 1515
4 2010 1924 1922 1928
4 2126 964 982 974
4 272 2360 184 2049
4 2129 974 969 928
4 2096 2110 2152 2359
4 1970 2103 2288 1096
4 959 2010 981 965
4 2010 987 981 965
4 2010 966 981 987
4 2215 1935 2010 2130
4 2215 2130 2010 959
4 2215 2130 959 176
4 2215 959 175 176
4 2215 1938 1945 1944
4 2215 958 174 175
4 2215 967 175 959
4 2215 175 967 958
4 2103 1235 444 1095
4 178 266 2129 2246
4 2103 267 355 356
4 2103 267 354 355
4 2103 355 444 356
4 2103 1095 444 443
4 2103 443 442 1095
4 2238 1201 1232 1094
4 2103 442 355 354
4 2103 355 443 444
4 2103 355 442 443
4 959 2129 933 176
4 2129 266 178 177
4 2126 2129 974 965
4 2096 2359 2152 1978
4 2096 1411 816 1341
4 2125 2229 2238 2228
4 440 353 441 2238
4 2125 2229 2228 1942
4 2246 964 974 928
4 2129 177 265 266
4 2306 2050 993 935
4 2305 2037 2132 1574
4 2305 2306 2360 2049
4 2306 2037 2126 2050
4 2125 2322 2080 2346
4 2306 996 993 989
4 2289 1098 2310 449
4 2289 448 1098 449
4 2289 360 449 361
4 2289 359 446 447
4 2289 360 272 271
4 2289 271 358 359
4 2289 447 448 359
4 2289 360 448 449
4 2289 360 271 359
4 2289 359 448 360
4 2163 1960 2214 2350
4 2290 2212 714 713
4 2288 2322 2289 2310
4 2315 1241 1202 1129
4 2315 2310 2289 1243
4 2051 621 709 622
4 2288 2346 2322 2310
4 2315 1299 1202 1239
4 2229 1094 1312 1201
4 2229 1311 1312 1093
4 2238 2080 1232 1201
4 2229 1230 1312 1125
4 2125 2010 157 1933
4 2237 351 2228 439
4 2229 1228 1312 1094
4 2229 1093 1312 1228
4 161 2214 162 1950
4 2229 2350 161 1942
4 2229 161 1934 1942
4 2229 161 162 1934
4 440 353 2238 2237
4 1093 1228 2228 2237
4 2228 438 1093 439
4 2228 1934 1943 1944
4 2096 1411 2152 816
4 2096 2110 2359 2133
4 1978 2327 2096 2359
4 2293 2157 2004 2196
4 2197 2293 2367 2003
4 1983 2293 2158 1984
4 2293 2158 2157 1983
4 2293 2157 2196 1983
4 1104 2157 2004 2293
4 1104 2157 465 2004
4 2048 1080 210 926
4 2048 1998 1080 926
4 2048 1080 209 210
4 2048 298 211 210
4 2319 2048 2088 1997
4 2048 210 211 926
4 1980 1189 1977 1293
4 2006 472 385 384
4 2006 1186 1330 1284
4 2319 2008 2007 2368
4 2190 460 373 372
4 2006 297 2007 296
4 2048 1998 1999 1080
4 1997 301 388 389
4 1106 1997 476 477
4 1997 299 387 388
4 1997 299 2088 387
4 1977 1287 1325 1106
4 2312 2195 1091 1061
4 386 473 2006 474
4 2114 1105 1284 1219
4 2012 1977 2353 2114
4 2113 2058 558 1148
4 2152 816 817 728
4 2236 1452 1347 1456
4 1997 388 301 300
4 2085 2276 567 1294
4 2007 296 209 208
4 1998 2348 2321 1997
4 2266 2321 2194 1085
4 1074 1077 1081 1998
4 2114 1287 1105 1325
4 2085 2276 1971 2220
4 2266 2321 2348 1980
4 2266 2203 2321 1074
4 2266 1971 2348 2303
4 2083 2226 2024 2225
4 2028 2353 2236 2235
4 1980 2021 304 2022
4 2013 2104 1986 2332
4 2033 734 1976 646
4 2348 1971 1980 1977
4 2176 2292 380 292
4 1997 475 476 387
4 1074 1998 1081 1999
4 2203 1087 1074 1072
4 2203 1087 1072 963
4 2312 1553 2358 1556
4 1556 2368 1553 2358
4 2203 1553 1527 1540
4 2203 1527 1553 1565
4 2013 2271 1986 1983
4 2349 2009 2176 2316
4 2349 2234 2368 2358
4 2349 1067 2358 1091
4 1972 2027 654 742
4 2266 2054 2203 1074
4 2337 1522 1553 1540
4 2194 218 2116 956
4 2266 2348 2337 2303
4 2337 2203 2193 1540
4 2337 1553 2203 1540
4 1999 1052 2358 1067
4 378 465 2057 2004
4 2110 551 1268 1172
4 2217 2114 2353 1977
4 1052 1999 2358 2312
4 2176 380 293 292
4 1082 2048 2234 1999
4 2358 1052 1091 1067
4 296 2006 384 2009
4 2009 1124 471 470
4 296 2006 2009 2007
4 2234 920 953 1067
4 2316 1124 470 1279
4 2113 1185 559 560
4 1972 2276 1188 567
4 2316 470 382 381
4 2316 469 1092 470
4 2266 2337 2203 2193
4 2004 467 1176 1177
4 2157 377 288 376
4 2048 211 1997 212
4 1997 387 476 388
4 2048 2007 2006 297
4 2319 2348 1998 1997
4 1998 1079 1999 1080
4 2048 1997 211 299
4 2096 727 814 815
4 730 729 2250 2152
4 1997 300 211 299
4 547 2338 2326 635
4 2048 2319 1999 1998
4 2003 1177 1275 468
4 2358 2319 1553 2337
4 1556 2368 1541 1553
4 2319 2348 1997 2088
4 2292 291 204 203
4 2195 2196 1983 1984
4 2266 2337 2321 2203
4 2156 1983 2111 2190
4 2048 2234 2319 2007
4 382 2176 294 2009
4 2088 475 1105 1287
4 2133 550 549 638
4 2033 2089 1975 820
4 2006 386 474 2088
4 299 2088 2048 1997
4 2006 2088 2048 298
4 2006 384 297 296
4 1997 213 300 301
4 1980 1997 213 2321
4 1998 1073 1077 1081
4 1997 212 211 300
4 1997 300 213 212
4 730 817 2152 818
4 2113 2012 2336 2008
4 2218 2236 1438 2309
4 1975 1376 1399 1423
4 2266 2054 2194 2193
4 836 1467 1349 2231
4 2266 2194 2321 1980
4 2217 2353 2220 1977
4 2217 2220 2348 1977
4 1553 2319 2217 2337
4 2033 1276 2369 1146
4 2113 558 559 1148
4 2347 2259 2102 1523
4 551 639 2133 2110
4 734 735 1976 2113
4 2011 2235 650 738
4 2096 728 815 816
4 2336 736 823 824
4 2197 2292 2316 2368
4 2013 2330 2271 1983
4 2195 1984 1986 1536
4 2156 375 288 287
4 2156 948 199 1078
4 2264 921 1057 1078
4 2292 952 203 204
4 2176 2292 292 204
4 2349 2176 920 952
4 2349 1089 2292 952
4 2349 2009 2316 2368
4 2349 2292 1089 1090
4 2250 1146 1974 1178
4 2113 646 559 558
4 2330 2057 2264 2196
4 2349 2176 2009 920
4 2158 1985 1983 1984
4 2003 1974 1146 1309
4 2176 294 205 293
4 1974 1178 1309 1214
4 2003 2369 1974 2367
4 2012 1185 560 561
4 2006 1186 471 1124
4 2316 1279 1092 1308
4 2133 813 814 725
4 2175 548 1173 547
4 2316 2009 2008 2368
4 2096 1459 1341 1462
4 2327 1466 1462 1373
4 2197 2004 2292 2196
4 2195 1090 1091 1061
4 2197 2316 2008 2368
4 2197 2368 2008 1541
4 2330 1057 2156 2264
4 2133 813 2326 1373
4 2133 638 549 637
4 1211 2335 2174 2111
4 2326 812 811 1352
4 2330 1083 2264 921
4 2335 1321 1264 1172
4 1984 2197 1524 1536
4 1984 1524 1533 1536
4 2271 1986 2112 2332
4 2195 2358 2368 1556
4 2267 2254 2131 1538
4 2330 2156 2270 1983
4 2158 1985 2111 1983
4 2266 2194 1971 2193
4 2195 2368 2197 1541
4 2312 1059 2203 1527
4 2279 2252 2354 1557
4 1986 1984 1533 1536
4 1986 1533 1537 1536
4 2013 1514 1050 938
4 2270 1047 1068 1057
4 2013 1537 2104 1573
4 2112 2307 2332 2154
4 2157 2196 2057 2004
4 2345 2327 1352 1472
4 2020 2354 2279 2252
4 2020 2279 2018 1480
4 1988 1261 546 1173
4 2293 1214 1176 1104
4 2157 2057 465 2004
4 2190 285 372 373
4 1985 1533 1986 1984
4 286 197 198 2156
4 374 2156 285 286
4 1102 2111 1171 1211
4 2190 373 462 374
4 2190 373 460 461
4 2111 461 2190 460
4 2158 1103 1267 1322
4 2335 1988 2175 2174
4 2335 1172 1268 1322
4 2111 1174 461 460
4 2271 1047 1044 923
4 2111 1320 1171 1211
4 2112 2332 2307 2269
4 2312 1527 2203 1565
4 2312 938 2013 2195
4 2195 1536 1514 1556
4 2221 2203 1527 1540
4 2202 1527 1058 59
4 2202 963 1058 1527
4 2202 1048 1058 939
4 2202 1513 2087 1568
4 2221 2193 2203 1540
4 2266 1971 2194 1980
4 1349 2232 2023 2063
4 2218 1520 1519 1512
4 2218 1521 1520 1512
4 2218 1430 1408 1400
4 2032 1439 1408 1456
4 2032 1362 2218 1408
4 2032 1408 1420 1469
4 2032 1521 2218 1512
4 2032 1523 1521 1512
4 2100 1427 1443 1440
4 2032 1420 1408 1439
4 1979 1388 1464 1455
4 2018 68 1558 1458
4 552 641 2152 2250
4 2152 640 641 552
4 2033 820 1975 821
4 2250 642 729 730
4 1978 1376 1412 1399
4 1978 1399 1412 1447
4 1978 1459 1447 1411
4 2033 646 558 557
4 731 2250 2033 2089
4 1978 2327 1459 2096
4 1978 1447 1412 1411
4 2250 729 642 641
4 2267 1990 2354 1985
4 2020 2345 1987 2338
4 2100 1378 823 1443
4 2259 2032 1523 1521
4 2259 1523 1524 1521
4 2033 734 822 1976
4 2011 824 1378 825
4 807 2263 1989 1340
4 1974 553 1272 1144
4 639 2096 727 2133
4 2113 2059 2012 2008
4 2102 2259 2032 1523
4 2096 1978 2152 1411
4 2102 2032 1979 1523
4 2133 725 726 637
4 2102 1978 1979 1435
4 2102 1464 1979 2032
4 2102 1979 1464 1435
4 2347 1978 2102 2259
4 2347 2102 1978 1979
4 2347 1524 2259 1523
4 2347 1523 1979 1532
4 2347 1524 1523 1532
4 2327 1979 1459 1450
4 2018 1518 2279 1557
4 2020 2345 2338 1474
4 2347 1533 1984 1524
4 2347 1533 1524 1532
4 2366 2347 1979 1532
4 2175 2326 2133 636
4 2020 2338 1987 1474
4 2320 2256 542 630
4 2366 1533 2347 1532
4 2366 1557 1533 1532
4 2326 724 811 812
4 2338 1474 2345 1472
4 2338 2326 723 811
4 2338 1352 1474 1472
4 2326 635 724 636
4 2326 811 724 723
4 2326 635 723 724
4 2293 2004 2197 2196
4 2133 639 726 727
4 2158 1213 1269 1322
4 2335 2110 2359 1984
4 2110 552 639 640
4 2096 1341 814 1373
4 2110 551 552 1144
4 2359 1979 2347 1978
4 2250 1146 2033 2369
4 2367 2369 2259 2197
4 2058 1216 2059 1279
4 2250 1974 553 1272
4 2335 2326 2345 2133
4 2033 556 1182 1276
4 2152 640 728 729
4 2250 2369 1974 1146
4 2033 733 820 821
4 2096 2359 2327 2133
4 2058 2059 2316 1279
4 2367 1524 2347 1984
4 2367 2347 1524 2197
4 2367 1524 1984 2197
4 2003 2293 2367 1974
4 2293 1213 1974 1214
4 2003 2004 1176 1177
4 2326 1373 812 1352
4 2096 640 2152 2110
4 2327 2018 1979 1450
4 2327 2133 2326 1373
4 2113 1976 2336 735
4 2113 735 2336 736
4 2261 2259 1976 2369
4 2054 2194 2116 956
4 2100 2261 2032 2259
4 2028 2101 1972 741
4 563 651 2235 2028
4 734 735 2113 647
4 2032 2261 2258 1521
4 2012 1185 1149 1219
4 473 2006 474 1105
4 2089 1412 1376 818
4 2089 1978 2367 2347
4 2089 2347 2367 2259
4 2089 1978 2347 2259
4 2089 819 732 731
4 2089 731 818 819
4 2089 732 819 820
4 646 2113 2033 558
4 2089 820 819 1376
4 2089 819 818 1376
4 2089 2367 2369 2259
4 2003 1146 1974 2369
4 2293 2158 1984 2367
4 2054 2194 2193 2116
4 730 2152 2089 818
4 1974 1178 1214 1272
4 1974 1213 1272 1214
4 1972 653 741 742
4 2217 1553 1522 1541
4 2358 2319 2368 1553
4 2236 1456 2032 1408
4 2100 2102 2032 1420
4 2261 2259 2369 2197
4 2100 823 2336 1976
4 2025 1348 1431 1380
4 2113 2336 648 736
4 2217 1553 2337 1522
4 2113 646 1976 734
4 2236 1347 2031 1456
4 2258 2218 2032 1521
4 2032 2261 1521 2259
4 2031 2336 2100 824
4 2011 2336 2113 2012
4 2011 2336 2031 824
4 2011 1378 2031 825
4 2011 2336 824 736
4 2012 2114 2059 1219
4 2219 1522 2303 1520
4 2054 2221 2274 2193
4 573 661 660 2226
4 2308 571 1191 570
4 2014 2053 2268 2186
4 2303 2024 2083 2219
4 2309 2236 2101 2216
4 2309 2101 2027 2220
4 1290 2028 1977 1972
4 1153 1973 573 2226
4 2085 1971 2219 2220
4 1521 2258 2008 2261
4 2054 2274 2116 2193
4 2027 654 567 566
4 2063 834 746 745
4 2063 569 656 657
4 2063 657 570 569
4 2063 745 832 833
4 2063 833 834 745
4 2063 744 657 656
4 2063 832 745 744
4 2063 658 745 746
4 2063 570 657 658
4 2063 657 744 745
4 2063 745 658 657
4 2329 615 702 703
4 2282 623 624 535
4 2135 1396 1405 1381
4 2078 2081 2080 2288
4 2214 1951 2136 2329
4 2134 2136 2135 1381
4 2318 1201 2229 1230
4 2075 793 2134 1354
4 2163 1510 2340 1548
4 2318 618 2099 530
4 2320 2263 807 1371
4 2044 799 1445 1446
4 2253 2079 2323 2081
4 2162 2134 2135 1405
4 2135 1961 2340 1963
4 2177 623 710 711
4 2214 1960 1951 1950
4 2214 2229 1960 161
4 2214 1960 1950 161
4 2214 1951 1960 1949
4 2364 2323 2340 2079
4 2214 1960 2229 2350
4 2045 539 540 1134
4 2290 713 625 624
4 2019 1570 1548 1549
4 2282 1161 1132 1204
4 2051 708 707 796
4 2019 1418 2340 1384
4 2044 1446 1432 1369
4 2044 1369 801 800
4 2211 2323 2340 1451
4 2162 2135 1410 1405
4 1418 2211 1451 1463
4 2251 2320 2262 2263
4 2212 2044 801 713
4 2081 2346 2288 2310
4 2335 1988 2174 1985
4 2290 2044 2212 713
4 2163 164 1951 1949
4 2290 626 715 2045
4 2252 1549 1538 1557
4 2257 2279 1460 1426
4 2252 2131 2254 1538
4 2320 2265 2256 1989
4 2135 1967 1966 1963
4 2340 1415 1434 1410
4 1510 2323 1550 2079
4 2079 2350 2346 1510
4 1395 1418 1463 2211
4 2341 1451 2323 1432
4 2051 796 2364 1337
4 1510 2323 1549 1550
4 2341 798 1337 1445
4 2075 2099 2318 706
4 2019 1384 2340 1570
4 2019 1384 1570 1395
4 2211 1369 1432 1453
4 2211 2323 2253 2252
4 2019 1557 2279 1518
4 2340 1968 1961 1969
4 2340 1968 1969 1548
4 2163 164 2135 1951
4 2163 2350 2079 1510
4 2340 1421 1434 1451
4 2340 1434 1421 1410
4 2340 1418 1451 1434
4 2340 1384 1418 1434
4 1549 2340 2323 1510
4 2340 2079 2323 1510
4 1961 2163 164 2135
4 2162 2364 2163 2099
4 2162 1393 2134 1405
4 2135 1966 1967 165
4 2135 1961 1966 164
4 2135 1966 165 164
4 1961 2163 163 164
4 2163 1949 163 164
4 2163 2340 2135 1961
4 2163 2340 1961 163
4 2163 2079 2340 1510
4 2163 1949 1952 163
4 707 796 2075 2051
4 1988 2174 1985 1990
4 2020 1429 2327 1472
4 1987 2338 1988 546
4 2281 1246 1302 1099
4 2256 1987 1990 1257
4 1987 721 634 633
4 1204 2315 1243 2281
4 2280 2281 1165 2155
4 2256 632 1987 544
4 2230 2155 2281 2254
4 2267 2154 2112 2332
4 2267 1986 1985 1533
4 2354 2366 1557 1533
4 2354 1985 2366 1533
4 2354 1990 1988 1985
4 2020 2354 2345 2366
4 2354 1538 1533 1557
4 2290 538 537 626
4 2320 2265 2045 541
4 2251 1989 2263 2252
4 2320 718 719 630
4 2020 2327 2345 1472
4 2133 2345 2359 2327
4 2020 2263 1989 2252
4 1989 2354 2265 1990
4 1989 1988 2354 1990
4 807 2263 1340 1371
4 2257 2211 2253 2252
4 2290 712 2044 713
4 2320 542 2256 2265
4 2020 1340 2263 1441
4 2254 1990 2265 2354
4 1990 2155 2254 2265
4 2352 2029 2098 2030
4 1990 2155 1992 2254
4 2267 1990 2352 2254
4 2352 2254 1990 1992
4 2352 2098 2097 2030
4 2018 2279 2354 1557
4 2020 1460 2279 1480
4 2251 2280 2155 2254
4 2252 2265 1989 2354
4 1395 1418 2211 2019
4 2019 1548 2340 1549
4 2019 1557 1518 1549
4 2018 2354 2366 1557
4 2267 2131 1554 1538
4 2262 802 2212 1368
4 2045 628 715 716
4 2279 1402 1413 1426
4 2279 1426 1480 1460
4 2018 1480 2279 1426
4 2018 879 68 1458
4 2018 1357 1429 1480
4 2018 1357 879 1458
4 2018 1413 2279 1518
4 2018 1429 1357 1444
4 2018 1979 1444 1458
4 2018 1444 1357 1458
4 2018 1558 1979 1458
4 2018 1979 1558 1532
4 2018 1558 1518 1532
4 2018 1532 2366 1979
4 2019 1549 1518 1570
4 2257 2020 2252 2263
4 1557 2019 2279 2252
4 2019 2323 2252 1549
4 2019 2340 2323 1549
4 2257 2263 1339 1433
4 2211 1463 1432 1451
4 2161 1359 1495 1493
4 2357 1577 1547 1534
4 2161 1360 1497 1498
4 2357 1547 1546 1534
4 2187 2161 1500 1370
4 2357 1428 1359 1448
4 2356 2181 1504 1419
4 2357 1359 1428 1436
4 1359 2161 1436 2357
4 2300 1425 1417 1407
4 2208 2207 1252 1135
4 2299 1428 2357 1534
4 2299 1428 1534 1576
4 1562 2299 2300 1516
4 2150 784 2119 783
4 2299 1576 1559 1516
4 2299 1534 1559 1576
4 2334 1912 154 1904
4 2123 2124 1902 1903
4 2121 1907 877 1900
4 2124 156 155 1903
4 2124 155 2334 1912
4 2124 155 1912 1903
4 2123 701 612 700
4 2121 1903 1908 1910
4 2121 788 877 789
4 2121 1906 1908 1911
4 2121 788 789 700
4 2121 1911 1908 1903
4 2168 2255 1902 1901
4 2168 1904 2334 1552
4 2168 151 1904 1552
4 2168 1509 2071 151
4 2168 1509 151 1552
4 2168 151 2071 2255
4 2168 151 2255 1901
4 2356 2068 2301 2299
4 2245 1121 2317 1238
4 2245 2120 2069 2141
4 2117 2244 2168 2071
4 2168 2255 2071 2244
4 2245 2119 2117 2244
4 787 786 2122 2243
4 697 786 2122 698
4 2119 1128 607 608
4 2119 609 1128 608
4 2119 1128 1234 607
4 2119 1298 2244 1234
4 2119 1298 1234 1128
4 2191 2168 2118 2244
4 1128 2191 2119 1298
4 2191 2244 2119 1298
4 2191 2145 1233 1200
4 2191 2244 1298 1233
4 1128 2191 1298 1231
4 2117 2317 2244 2295
4 2334 2147 2117 2139
4 2117 1552 2168 2334
4 2117 1552 1559 1544
4 2117 1509 2168 1552
4 2117 1544 1509 1552
4 2117 2244 2118 2168
4 2351 2363 2206 1995
4 2139 1559 2117 2334
4 2139 1559 2334 2299
4 2139 2117 1559 1544
4 2363 2068 1995 1544
4 2188 861 1346 862
4 2187 2192 1370 861
4 2068 2139 2299 1559
4 2147 2117 2118 2168
4 2181 1504 1351 1503
4 2138 1505 1507 1367
4 2325 603 690 691
4 2056 2298 771 859
4 2351 1316 1317 1133
4 2171 2172 1315 1163
4 2171 2325 1163 603
4 2325 604 1163 603
4 2325 690 603 602
4 2356 2068 2181 2301
4 778 2171 2055 689
4 2141 781 693 692
4 782 870 869 2120
4 2141 1131 2325 604
4 2141 605 1131 604
4 2141 604 2325 692
4 2141 693 604 692
4 2069 693 606 605
4 2069 783 2119 695
4 2069 1130 605 606
4 605 2245 2141 1131
4 2141 605 604 693
4 2069 782 695 694
4 2068 1544 1559 1546
4 2182 1503 864 1502
4 2182 1501 1346 1500
4 2182 1501 1503 1502
4 2180 1139 2061 1258
4 2205 2209 2165 2213
4 2188 2182 2055 864
4 1502 2188 864 2182
4 2182 1346 1501 1502
4 2210 597 1136 596
4 2188 1346 2182 1502
4 2188 2055 2351 688
4 2171 1163 1244 602
4 2188 2055 776 864
4 689 688 2351 2055
4 2205 1136 1252 1327
4 2351 2171 1316 1133
4 2351 1317 1248 1133
4 2188 863 864 775
4 2351 1316 2171 2173
4 2351 601 600 689
4 689 688 600 2351
4 2171 601 690 602
4 2245 1121 1300 1237
4 2187 2161 2356 1500
4 2187 2161 2067 2068
4 771 2192 772 860
4 2056 769 2180 857
4 2206 2351 2207 2208
4 2298 1360 1370 859
4 2056 770 682 681
4 2056 858 771 770
4 2140 2066 2357 1577
4 1303 2209 2189 1255
4 2066 2357 1359 1448
4 2356 1504 2181 2182
4 1360 2056 859 2298
4 2201 2275 2047 1575
4 2210 2298 2056 2209
4 2192 773 772 861
4 2188 776 2055 688
4 2192 685 596 684
4 2192 684 772 773
4 2188 773 861 862
4 773 2188 686 774
4 2192 686 597 685
4 2192 685 684 773
4 2192 773 686 685
4 1545 2206 2213 2067
4 2067 2170 2213 1545
4 2206 1995 1546 1545
4 2200 2201 2170 2067
4 2187 2188 2182 2208
4 2067 1546 1547 1531
4 2067 1531 2170 1545
4 2067 1546 1531 1545
4 2061 1139 1303 1258
4 2209 2036 2213 2170
4 2061 1304 1263 1140
4 2060 591 592 1140
4 2061 1258 1304 1140
4 2060 590 591 1142
4 2355 1497 857 1496
4 2180 769 856 857
4 2355 854 1345 855
4 2180 681 768 769
4 2180 856 769 768
4 2339 2201 2200 2067
4 2066 1547 2067 1546
4 2066 2357 1547 1546
4 2066 1547 2357 1577
4 2167 2001 1486 1487
4 2001 1484 1361 1487
4 2167 1486 1485 1487
4 2001 1511 1566 1567
4 1478 2343 1481 2166
4 2224 1982 1289 1220
4 2000 1519 1566 1473
4 2000 1473 1478 1471
4 2343 1481 1377 1476
4 2000 1519 1539 1566
4 1374 2167 1485 1343
4 1478 2002 1482 2167
4 756 844 843 2053
4 845 756 757 2053
4 844 843 2053 1342
4 671 2268 2285 760
4 2186 1147 1181 582
4 2166 2001 2000 1567
4 1467 2291 2231 1973
4 2024 1520 2303 1525
4 2024 2218 2026 1520
4 2024 1539 2000 1519
4 2024 1539 1519 1520
4 2024 1520 1525 1539
4 2224 576 1151 575
4 2024 1539 2239 2000
4 1353 1470 1468 2291
4 1468 1461 2361 1470
4 2232 2063 834 746
4 2232 834 747 746
4 1982 1153 2226 1973
4 746 658 659 2232
4 2219 1522 2217 2303
4 2343 1475 1476 1377
4 571 2226 2308 1155
4 659 2226 748 2232
4 659 571 660 2226
4 571 572 660 2226
4 2343 1481 2324 1377
4 1973 749 837 838
4 2063 570 2232 2308
4 747 835 834 2232
4 2024 2083 2225 2303
4 2063 1380 2023 1349
4 2024 2219 2026 2232
4 2284 752 753 664
4 2224 1982 575 1289
4 2224 1285 1151 577
4 2291 1475 1353 1470
4 2343 841 840 1377
4 839 840 2284 752
4 839 840 2291 2284
4 2231 2239 2361 2024
4 1973 839 838 1479
4 1467 836 837 1973
4 2291 1479 1353 1475
4 2291 1475 840 839
4 2291 1479 1475 839
4 2115 395 482 483
4 2308 1224 1191 1155
4 2308 2083 2226 2232
4 2308 1191 1194 570
4 2308 1224 1194 1191
4 668 669 757 2053
4 2052 1184 2283 578
4 2016 2014 2344 1217
4 2313 1530 2040 1567
4 755 756 2052 668
4 2064 2052 1183 1184
4 2052 755 668 667
4 2344 2074 2222 2017
4 2186 1181 581 582
4 2014 1217 2016 1218
4 2014 1218 1183 1150
4 2014 1150 581 1278
4 2014 2016 2064 1218
4 2053 757 846 2186
4 670 758 757 2186
4 2344 1147 2186 2285
4 2052 1150 2014 1183
4 2277 1034 2223 971
4 2040 2039 2233 2041
4 2313 2275 2166 1567
4 2313 2041 2040 1530
4 2313 2166 2239 2000
4 2040 2041 2233 2047
4 2040 1530 2041 2047
4 2268 2014 2285 2040
4 2248 2286 2275 1374
4 2140 1490 1488 1493
4 2249 1345 1494 1496
4 2014 2064 1183 1218
4 2285 1147 583 584
4 2005 2285 672 584
4 2005 2286 762 850
4 671 2268 760 759
4 2285 583 672 584
4 2285 672 671 760
4 2285 583 671 672
4 1482 2167 2002 1375
4 2339 2355 2200 2249
4 2249 2066 2339 1494
4 2062 1262 2034 1115
4 2201 2001 2275 1575
4 1530 2275 1575 2047
4 2275 1575 2001 1567
4 2040 2268 2286 2285
4 2313 2239 1539 2000
4 2275 2001 2166 1567
4 2201 1531 2067 1547
4 2201 1531 1547 1575
4 2060 2142 678 590
4 2201 2067 2066 1547
4 2201 2047 1531 1575
4 1486 1487 2001 2140
4 2248 1486 1488 1489
4 2140 2248 1488 1490
4 2248 1488 1490 1489
4 2248 1490 1372 1489
4 2248 2167 2001 1486
4 2140 1575 2201 1547
4 2159 2178 2160 2311
4 2140 2066 1490 1493
4 2248 2275 2201 2001
4 1263 2159 1142 1305
4 2159 1305 1307 1265
4 2060 854 767 766
4 2205 2165 2207 2213
4 2060 592 679 680
4 763 2160 676 2179
4 2179 851 764 763
4 2178 2248 2179 2286
4 2370 2311 2090 499
4 2159 588 589 1143
4 2160 1175 2311 1212
4 2142 589 676 677
4 2179 676 763 764
4 2159 590 2060 1142
4 676 2160 2159 2179
4 2355 1345 2249 1496
4 2178 2249 2201 2200
4 2178 2040 2286 2233
4 2178 2047 2040 2233
4 2178 2047 2200 2201
4 767 2355 854 2060
4 2062 2034 2093 1115
4 2062 2034 2061 2170
4 2062 2061 2200 2170
4 2062 2170 2093 2034
4 2127 1323 2233 1212
4 1270 2127 1212 1113
4 2311 499 1270 1114
4 2311 1266 2093 1114
4 2311 1307 1266 1114
4 2311 1212 1307 1270
4 2311 1270 1307 1114
4 2370 2041 2039 2046
4 2370 2047 2041 2046
4 2370 2093 2092 2090
4 2370 2092 2093 2047
4 2370 2047 2311 2233
4 496 2095 2128 2039
4 2370 2046 2092 2047
4 2041 2370 2039 2233
4 2127 497 1273 1113
4 234 323 2128 2090
4 2362 2170 2213 2036
4 2240 240 328 241
4 2035 916 239 949
4 2035 239 240 949
4 949 2240 2105 1035
4 2034 2169 2092 2035
4 2091 238 237 326
4 2091 2090 2092 2093
4 2091 237 1007 236
4 2091 2035 916 238
4 2091 916 1015 1007
4 2091 238 916 1007
4 2091 237 238 1007
4 2199 2090 2370 2092
4 2199 2092 2370 2046
4 2199 919 1025 1028
4 2199 951 919 234
4 2199 919 951 1025
4 2277 2046 2041 1528
4 2277 2094 1043 1037
4 2041 2277 2314 2038
4 2223 2092 2199 2046
4 2223 2073 2092 2046
4 2169 2047 2046 1529
4 1531 2169 2170 2362
4 2169 1564 1531 1529
4 2169 2073 2092 1020
4 2169 1564 2148 2362
4 2169 2148 1564 2073
4 2240 917 1032 243
4 2169 2046 2092 2073
4 2169 2046 2073 1529
4 2169 2073 1564 1529
4 2034 2169 2170 2092
4 1531 2169 2362 1564
4 2277 971 2094 962
4 2277 971 962 1034
4 2277 1043 2227 1037
4 2277 1529 2046 1528
4 2278 1031 2297 1028
4 2278 1031 1042 954
4 2227 2137 2278 1042
4 2042 401 2043 313
4 2278 1037 1042 1031
4 2137 954 2278 1042
4 2137 954 1042 918
4 315 227 228 2198
4 2038 2137 2095 2297
4 2277 1031 2278 1028
4 2137 229 954 918
4 2137 227 228 918
4 229 230 2074 2137
4 2095 406 319 318
4 2095 319 407 408
4 2095 494 407 406
4 2222 1112 1277 1215
4 2095 319 406 407
4 2038 2040 2017 2041
4 2074 494 493 1179
4 2074 317 318 229
4 2074 405 318 317
4 2074 406 2095 318
4 228 316 315 2198
4 2038 2137 2074 2095
4 2074 494 2095 406
4 2074 493 494 405
4 2038 2314 2137 2278
4 2074 318 405 406
4 2074 494 406 405
4 2041 2277 2038 2046
4 2038 2095 2039 2297
4 2038 2017 2314 2041
4 496 2095 408 2128
4 2128 321 408 409
4 2128 322 323 234
4 2128 2039 2199 2370
4 2128 322 409 410
4 2128 321 234 233
4 2128 409 322 321
4 2128 234 321 322
4 2222 2074 2038 2017
4 2127 2233 2370 2311
4 2127 2370 2233 2039
4 1270 2127 2311 1212
4 2127 2233 2311 1212
4 2222 2127 2039 1180
4 2222 1180 1215 1323
4 2222 1215 1180 1112
4 2222 2040 2039 2233
4 1981 2064 1982 2015
4 1981 2015 1982 2184
4 2224 1184 2064 1332
4 2086 1054 1070 1064
4 1981 400 488 489
4 1981 489 1110 1187
4 1981 1110 488 487
4 1981 489 488 1110
4 490 402 491 2043
4 228 229 2198 2137
4 2074 317 229 2198
4 2043 225 314 226
4 228 317 316 2198
4 1054 1060 2042 930
4 317 316 2074 405
4 2016 316 404 2074
4 491 490 2043 1111
4 2198 2038 2074 2017
4 2198 2074 2016 2017
4 2042 401 313 312
4 491 2043 2016 1111
4 490 2043 1111 2064
4 2074 2016 316 2198
4 2198 2074 2038 2137
4 2065 1981 2043 2184
4 2065 2015 1981 2184
4 2227 1046 2137 1042
4 2227 1055 1046 1056
4 2065 2017 2198 2016
4 1981 2065 2043 2064
4 2074 492 404 2016
4 2065 2015 2016 2064
4 2065 2015 2314 2017
4 2065 2016 2015 2017
4 2082 1296 1331 1224
4 2082 1331 1326 1194
4 2082 1331 1195 1326
4 2021 2303 2116 2083
4 2042 2184 2043 1981
4 2183 399 312 311
4 2183 487 400 399
4 2183 1288 1981 487
4 2183 399 486 487
4 2183 311 398 399
4 2183 1981 1982 2184
4 2183 2272 1982 2185
4 2086 224 1060 223
4 2272 2116 2193 2303
4 2086 2087 2274 1070
4 2273 221 222 955
4 2086 1054 2227 2087
4 2273 925 221 955
4 2115 1108 482 1296
4 2194 218 2115 2116
4 2022 478 1293 1107
4 2022 304 1980 303
4 2021 305 392 393
4 2115 394 481 482
4 2115 482 395 394
4 1108 2082 1296 2115
4 2022 392 480 393
4 2202 1527 59 1513
4 2274 2116 2273 925
4 2202 2274 2193 2304
4 2272 2087 2274 2184
4 2202 2087 2304 1568
4 2054 927 2194 956
4 2227 1043 1054 1046
4 2227 1046 1042 1043
4 2227 2065 2015 2314
4 2227 2015 2087 2314
4 2227 2137 2065 2314
4 2086 223 955 222
4 2272 2304 2083 2303
4 2086 2274 2273 955
4 2086 1070 2274 955
4 2086 1070 955 1064
4 2086 2184 2274 2087
4 2272 2183 2086 2273
4 2086 955 223 1064
4 2202 1540 1513 1568
4 2202 2274 2087 1053
4 2202 1063 1053 939
4 2202 1058 1063 939
4 2202 2087 2094 1043
4 2202 1043 2094 939
4 1043 2202 2087 1053
4 2202 1513 2094 2087
4 2109 2362 1001 1010
4 2109 1001 995 1010
4 2109 947 246 995
4 2108 917 1001 1029
4 2109 995 1001 947
4 2242 1010 1994 975
4 2242 1545 2144 1995
4 2108 243 2107 244
4 2108 243 244 917
4 2107 418 330 2240
4 2036 2240 328 329
4 2240 2035 2105 2169
4 917 2240 1029 2108
4 2108 2213 2109 2107
4 2108 2109 2213 2362
4 2108 2213 2107 2362
4 2108 1001 2109 2362
4 2165 1253 1166 1327
4 2205 2210 1136 1170
4 2165 1166 1208 1327
4 2209 2189 2165 2213
4 2189 506 2036 1117
4 2210 2298 2192 683
4 1360 2056 858 859
4 2189 1255 1208 1303
4 2205 597 2192 2208
4 1303 2209 1255 1139
4 1996 2260 424 336
4 1996 424 512 513
4 1996 2173 1993 514
4 425 1996 1993 514
4 1996 512 1164 513
4 1996 2207 2173 1164
4 1996 512 2260 511
4 1996 1164 512 511
4 1996 424 2260 512
4 1994 2331 2143 2144
4 1569 2242 2331 970
4 2242 1517 2148 985
4 1994 2362 2109 1010
4 1994 2213 2109 2362
4 2242 992 2362 1010
4 2242 1564 2148 1517
4 2242 2362 1564 1545
4 2242 1564 1543 1545
4 2242 985 2148 992
4 2242 2331 1994 2144
4 2242 1543 2331 2144
4 2242 2362 2148 1564
4 2242 2148 2362 992
4 2365 2143 1003 1019
4 2365 2331 2143 1019
4 2365 1003 1011 1005
4 2365 997 2296 988
4 2365 2296 997 1005
4 2365 997 988 1005
4 2365 1003 1005 988
4 2365 2331 2296 2295
4 2365 988 2296 2331
4 2241 2149 943 255
4 2241 943 915 255
4 2241 342 255 254
4 2241 2295 2149 2317
4 2241 2295 2317 2143
4 2241 253 915 1011
4 2241 915 254 255
4 2241 915 253 254
4 990 2241 943 915
4 2247 2072 931 258
4 2247 931 257 258
4 2247 346 257 345
4 2247 257 344 345
4 2247 2149 344 256
4 2247 344 257 256
4 2247 2149 256 943
4 2247 256 942 943
4 2247 942 257 931
4 2247 256 257 942
4 2146 434 347 346
4 2145 433 520 521
4 2146 347 434 435
4 2146 435 522 523
4 611 698 610 2191
4 2146 522 435 434
4 2145 434 433 522
4 2145 521 1233 1123
4 2145 2244 2071 2255
4 2145 2247 2146 2072
4 2145 2071 2247 2072
4 2145 2149 2247 2071
4 2145 2149 2071 2244
4 2145 2149 2244 1122
4 2151 261 260 349
4 524 2151 2333 2146
4 2151 348 2146 436
4 348 260 2146 347
4 347 259 260 2146
4 2146 2072 260 2151
4 2151 348 349 260
4 2151 2333 2146 2072
4 2204 2071 2247 2149
4 2204 2071 2149 2295
4 2070 2294 149 1875
4 2070 148 1889 1509
4 2204 2072 2247 2071
4 2077 946 2154 1030
4 2077 1021 946 1030
4 2077 1033 2104 1024
4 2077 1033 1024 1030
4 2077 1024 1021 1030
4 2076 936 2030 1006
4 2076 936 1006 1004
4 2076 1006 2030 1013
4 2076 1006 1013 996
4 2126 2010 2129 965
4 2306 935 2132 2050
4 2076 1004 1006 996
4 1004 2306 996 2076
4 363 2230 450 2029
4 2029 450 362 361
4 2029 362 274 273
4 2029 274 363 275
4 2029 450 363 362
4 2029 362 363 274
4 2049 2076 1004 936
4 2049 1004 944 936
4 2049 936 944 185
4 2049 944 184 185
4 2305 2310 2230 2029
4 2305 2049 2029 2030
4 2360 2305 2049 2310
4 2310 2289 2049 2360
4 2305 2037 2306 2132
4 2360 1004 2306 998
4 2360 2049 944 184
4 2049 2029 2289 2310
4 2281 1204 1302 1246
4 2281 1165 2155 1302
4 2281 1247 1165 1302
4 2280 1165 2045 2155
4 2280 2310 2315 2281
4 2281 1302 1204 1247
4 2230 2098 452 453
4 2281 1204 1132 1247
4 2352 1992 1990 2154
4 191 946 192 2154
4 2098 276 363 364
4 2098 365 276 364
4 2098 2030 2029 187
4 1016 2098 188 187
4 2098 188 275 276
4 2098 276 189 188
4 2097 365 2098 1992
4 2098 276 365 277
4 2098 189 276 277
4 2352 2131 2132 1554
4 188 2097 2098 1016
4 2097 2030 1016 922
4 2097 1021 2077 2030
4 2097 1021 2030 922
4 2097 946 922 190
4 2097 2154 2077 946
4 2352 2104 2077 2332
4 2352 2097 2077 2030
4 2352 2332 2077 2154
4 2352 2097 1992 2154
4 2352 2077 2097 2154
4 2153 1209 1990 1101
4 2153 1990 1209 1254
4 2153 1209 1101 1254
4 2267 1990 2254 2354
4 2153 369 456 457
4 2153 1101 1990 1169
4 2153 457 1101 1169
4 2153 1254 1101 455
4 1991 278 279 190
4 456 455 1991 2153
4 2153 1101 457 456
4 2153 455 1101 456
4 2342 370 457 458
4 2342 371 2269 370
4 2342 458 371 370
4 371 2190 2342 2269
4 2342 371 458 459
4 2153 2307 2342 2112
4 371 2190 459 2342
4 2342 2174 2190 459
4 2342 1102 2174 459
4 2342 1102 459 458
4 370 2307 282 2269
4 2307 281 194 193
4 2307 193 280 281
4 2112 2269 2307 2342
4 2307 194 929 193
4 2307 192 946 2154
4 2307 192 193 929
4 1044 2270 923 196
4 2267 2112 1990 1985
4 2267 1554 2352 2104
4 2267 1537 1986 1533
4 2112 2174 2342 1990
4 2112 1985 2174 1990
4 2129 178 933 177
4 2129 2010 2246 2130
4 2129 2010 2130 965
4 2129 969 974 965
4 2129 969 178 928
4 2129 2130 959 965
4 2129 959 933 965
4 2129 933 178 969
4 2129 965 933 969
4 2126 2037 2010 2050
4 2126 993 2050 984
4 2126 978 993 984
4 2126 993 982 989
4 2126 978 982 993
4 2360 2049 2306 1004
4 1970 914 181 182
4 2246 1970 180 268
4 2246 1970 268 2103
4 1970 269 180 268
4 2103 2125 2322 2080
4 1970 269 182 181
4 1970 181 180 269
4 2103 2288 2080 2322
4 2322 2246 2103 1970
4 2125 2238 2103 2246
4 2080 1235 2288 2103
4 2080 1235 2103 1334
4 2051 619 707 708
4 2080 2079 2350 2346
4 2081 2080 2288 2346
4 2080 2322 2288 2346
4 2238 354 353 442
4 2080 2099 2229 2350
4 2080 2350 2079 2099
4 2125 1936 2350 1942
4 2238 2130 2129 2246
4 2229 2125 2080 2350
4 2125 2103 2238 2080
4 2125 2130 2246 2010
4 2125 2228 2238 2130
4 2125 2228 2130 1942
4 2125 2350 2229 1942
4 2125 2130 2010 1933
4 2125 2130 1933 1942
4 2125 2238 2246 2130
4 2237 265 352 353
4 2237 2228 351 263
4 2237 351 352 263
4 2237 2215 2228 263
4 2237 2130 2215 176
4 2237 352 265 264
4 2237 2130 2238 2228
4 2237 352 264 263
4 2237 2130 2228 2215
4 2021 2082 2303 2083
4 2021 2303 1971 2193
4 2022 1192 481 480
4 2022 1293 1980 1971
4 2022 1293 1971 1107
4 2022 1107 480 479
4 2022 1107 1192 480
4 215 1980 2194 304
4 2266 2054 1074 1085
4 2194 217 927 216
4 2054 1074 2221 2203
4 2054 1062 1086 1069
4 2054 2116 2274 1084
4 2054 2116 1084 956
4 2054 1084 1086 956
4 2054 1085 927 1086
4 2266 2337 2193 2303
4 2021 2084 2115 2082
4 2021 2115 2084 2116
4 2021 2194 1971 1980
4 2021 1971 2022 1980
4 2021 2022 1195 481
4 2021 2115 1195 1296
4 2021 2082 2115 1296
4 2021 1195 2082 1296
4 2021 2116 2194 2115
4 2021 2022 1971 2082
4 2021 2022 2082 1195
4 2321 1066 927 1085
4 2321 215 2194 927
4 2321 215 927 1066
4 302 2321 214 215
4 2321 1066 214 215
4 2321 1073 213 1066
4 1998 1073 2321 1077
4 2321 1077 1066 1085
4 2321 1980 2194 215
4 2266 1980 2348 1971
4 2321 1077 1073 1066
4 1999 1081 1087 1079
4 1082 2048 1999 1080
4 1999 1080 1079 1075
4 1999 1052 1075 1071
4 2312 2195 2013 1514
4 2312 2195 1514 1556
4 1087 1999 2312 2203
4 1087 1999 1071 2312
4 1999 1079 1087 1071
4 1999 2337 2358 2203
4 1999 1079 1071 1075
4 2319 2048 1997 1998
4 2048 2007 2319 2088
4 1998 1073 1079 926
4 1998 1997 2321 212
4 1998 212 2321 1073
4 1998 212 1073 926
4 2234 953 1082 1075
4 2048 1997 1998 212
4 2234 953 209 1082
4 2234 2009 2368 2007
4 2349 1091 1089 952
4 295 208 2009 207
4 2319 2358 2234 1999
4 2319 2088 2114 2348
4 2319 1998 2348 2337
4 2319 1541 2008 2368
4 2217 2008 2319 1541
4 2012 2059 1185 1219
4 2059 1185 1330 1280
4 2059 1281 1330 1124
4 2059 1279 1216 1281
4 2059 2008 2316 2009
4 2059 1280 1330 1281
4 2059 1216 1280 1281
4 2006 2088 2114 2007
4 2006 385 472 473
4 2006 1186 1284 473
4 2059 2006 1284 2114
4 2006 2059 1330 1186
4 2006 2114 2059 2008
4 2006 2114 2008 2007
4 2006 473 472 1186
4 2003 1335 1309 1276
4 2003 1177 1309 1335
4 2058 1280 1216 1148
4 2113 646 734 647
4 2003 2369 2367 2197
4 2197 2293 2003 2004
4 2003 2316 2004 468
4 1092 2003 1275 468
4 2003 1308 1275 1335
4 2003 1335 1275 1177
4 2003 2316 2197 2004
4 2330 2292 2057 2196
4 203 2057 202 950
4 2057 290 203 202
4 2057 290 377 378
4 2156 2264 200 288
4 2057 289 202 201
4 2057 377 290 289
4 2057 202 289 290
4 2176 292 205 204
4 2176 2009 920 206
4 2176 920 205 206
4 2176 2292 204 952
4 2176 204 205 952
4 2176 205 920 952
4 2111 2112 1985 2174
4 2111 2190 2112 2174
4 462 461 373 2190
4 2111 461 1174 462
4 2111 1986 2190 1983
4 2111 1986 1983 1985
4 2158 2111 1321 1267
4 2111 1321 1174 1320
4 2293 1269 2157 2158
4 2111 462 1174 1267
4 2111 1174 1321 1267
4 2335 2359 1985 1984
4 2293 1974 2003 1214
4 2158 2367 1974 2110
4 2158 1984 2367 2110
4 2293 2367 1984 2196
4 1983 2293 1984 2196
4 463 2156 376 2157
4 2157 463 2158 1103
4 2157 464 463 1103
4 2013 1036 2330 1051
4 2156 1078 1057 948
4 2157 464 465 376
4 2157 465 464 1104
4 2157 376 463 464
4 2293 1974 2158 2367
4 2264 200 201 921
4 2264 921 1078 200
4 2330 950 2292 1090
4 2264 2157 1983 2196
4 2264 2057 2157 2196
4 2156 286 199 198
4 2156 200 2264 199
4 2156 287 200 199
4 2156 2157 2264 288
4 2156 374 287 286
4 2156 199 286 287
4 2156 1983 2264 2157
4 2271 2332 1040 1033
4 2271 1040 1036 1033
4 2271 2332 2269 1040
4 2013 1051 2330 938
4 2271 1036 1040 1047
4 2270 1986 2190 2112
4 2270 923 196 1065
4 2270 1065 1068 923
4 2270 948 1068 1065
4 2156 285 2190 374
4 2270 197 948 1065
4 285 2190 197 2156
4 2270 196 197 1065
4 2270 1983 2156 2190
4 2013 1986 1537 1536
4 1983 2013 2195 1986
4 2330 1061 1051 1088
4 2330 2264 1983 2196
4 2330 1983 2195 2196
4 2330 1057 2264 1083
4 2330 1088 1051 1083
4 2330 1051 1057 1083
4 1983 2013 2330 2195
4 2013 938 2330 2195
4 2013 2104 2271 1033
4 937 2013 1041 1033
4 2013 2104 937 1573
4 2013 2271 2330 1036
4 2349 2195 1091 2358
4 2349 2316 2176 2292
4 2349 2316 2292 2368
4 2349 2292 2195 2368
4 2349 2368 2195 2358
4 2312 2358 2195 1556
4 1052 1999 2312 1071
4 2312 1071 1059 1052
4 2312 1049 938 1052
4 1527 2312 1059 60
4 2312 1049 1059 60
4 2312 1052 1059 1049
4 2011 737 824 825
4 2100 1975 1427 1440
4 1975 1423 2102 1427
4 2259 2033 1975 1976
4 1975 1338 1427 1440
4 1975 1423 1427 1338
4 2335 1985 2345 1988
4 2359 2366 1985 1984
4 1987 634 2338 546
4 2020 2366 2018 2279
4 2335 1321 2158 2111
4 2327 2366 2359 1979
4 2327 1450 1462 1466
4 2327 1466 1429 1450
4 2345 2359 2327 2366
4 2020 2018 1429 1480
4 2257 2020 2279 2252
4 2327 1466 1352 1472
4 2327 1472 1429 1466
4 2338 723 810 811
4 2175 548 549 1141
4 2175 1173 548 1141
4 2335 2158 1321 1322
4 2335 2110 2158 1268
4 2175 2174 1988 1173
4 2335 2111 1985 2174
4 2033 1182 556 557
4 2033 645 646 557
4 2033 645 732 733
4 2033 2089 2369 2259
4 2033 2369 1976 2259
4 2033 644 557 556
4 2033 732 645 644
4 2033 557 644 645
4 2250 643 2033 555
4 2152 641 640 729
4 730 2152 2250 2089
4 2152 728 817 729
4 2152 2367 2089 1978
4 2250 554 641 642
4 552 641 2250 553
4 2250 641 554 553
4 2250 554 1178 553
4 2250 554 555 1146
4 2250 642 555 554
4 2250 2367 2152 1974
4 2250 2152 2367 2089
4 2250 1974 2152 552
4 2012 2059 2114 2008
4 2258 2012 2336 2011
4 2012 2258 2336 2008
4 2012 2353 2258 2008
4 2012 1190 2114 1286
4 2012 562 1286 1149
4 2012 1286 2114 1219
4 2012 1149 1286 1219
4 2012 2114 2353 2008
4 2235 1977 2012 1190
4 2235 1152 1190 563
4 2012 1190 562 2235
4 2012 1190 1286 562
4 563 651 2028 652
4 2235 738 651 650
4 2235 563 1190 562
4 2235 563 650 651
4 2011 561 648 649
4 2235 650 563 562
4 2261 2259 1524 1521
4 1541 2261 2197 1524
4 2236 1408 2218 1438
4 2261 2008 2336 2258
4 2261 1524 2259 2197
4 2100 1443 1439 1378
4 2236 1438 1452 1456
4 2100 2258 2261 2336
4 2100 2261 2258 2032
4 2236 827 1347 1452
4 828 739 2028 2236
4 2031 2100 1439 1378
4 2031 1439 1347 1378
4 2011 2031 2258 2353
4 2309 2216 2220 2026
4 2031 2032 2100 2258
4 2031 1456 1347 1439
4 2031 2258 2100 2336
4 2236 2032 2258 2218
4 1438 2309 1454 1430
4 2236 2258 2031 2353
4 2217 2008 2258 2353
4 1553 2319 1541 2217
4 2217 2337 2348 2303
4 2217 1522 2337 2303
4 2309 831 2027 830
4 2028 653 740 741
4 2217 2337 2319 2348
4 2216 2220 2217 2353
4 2216 2236 2353 2258
4 2309 1431 1348 1422
4 832 2309 2025 1348
4 2216 2026 2218 1520
4 2216 2258 2217 1521
4 2216 2218 2258 1521
4 2216 2236 2258 2218
4 2025 1465 1437 1400
4 2025 1430 2218 1400
4 2025 1431 1430 1400
4 2025 2218 2216 2026
4 2025 1431 1437 1380
4 2025 1437 1431 1400
4 2028 828 741 740
4 2101 741 830 742
4 741 2101 828 2028
4 2101 830 829 1379
4 2101 830 741 829
4 827 739 2236 826
4 2101 2216 2236 2353
4 2101 2220 2216 2353
4 2027 2101 830 742
4 2027 830 743 742
4 2309 2220 2063 2026
4 2027 831 832 743
4 2027 743 830 831
4 1977 1971 2220 2348
4 2276 1977 1329 1293
4 2276 1971 1977 1293
4 2276 1971 1293 1223
4 2276 1293 1329 1223
4 2276 1188 1294 1223
4 2276 1329 1188 1223
4 2318 618 617 706
4 2318 617 705 706
4 2318 2214 616 528
4 2318 616 529 528
4 2318 617 616 705
4 2318 618 529 617
4 2318 529 616 617
4 2134 793 792 1354
4 705 2134 2318 2075
4 2051 2364 2341 1337
4 2162 2163 2134 2099
4 1381 2134 2136 792
4 2134 1393 1354 792
4 2214 2099 2134 2163
4 2134 2136 2318 2214
4 2214 2099 2318 2134
4 2315 2288 1239 1097
4 2315 1239 1313 1097
4 2315 1333 1243 1097
4 2315 1313 1202 1241
4 2262 2263 2320 805
4 2315 1097 1313 1333
4 2315 2310 2081 2288
4 2315 1333 1241 1161
4 2315 1333 1313 1241
4 2282 536 625 537
4 2282 2177 2315 2081
4 2282 537 1132 1161
4 2282 536 537 1161
4 2341 2044 2081 2177
4 1299 2315 1129 2078
4 2341 1337 798 797
4 2364 1337 796 1366
4 2341 2081 2323 2079
4 2341 2081 2079 2177
4 2364 2163 2099 2079
4 2364 1337 1421 1451
4 2364 2323 2341 1451
4 2364 2340 2323 1451
4 2162 1421 1387 1410
4 2075 706 705 794
4 2162 2075 1365 1421
4 2075 1365 1421 1366
4 2364 2340 2163 2079
4 2364 1421 2340 1451
4 2162 2075 2364 2099
4 2162 1354 1393 1387
4 2075 1354 1365 794
4 2075 2099 2134 2318
4 2162 2075 1354 1365
4 2162 2134 2075 2099
4 2345 1985 2354 1988
4 2345 2354 1985 2366
4 2345 2359 2366 1985
4 2345 2354 1989 1988
4 2335 1321 1172 1322
4 2338 2326 811 1352
4 2338 811 810 1352
4 2338 1474 810 809
4 1987 808 721 720
4 2338 722 809 810
4 2338 810 723 722
4 2338 2345 2326 1352
4 2338 2326 2345 1988
4 1987 545 1137 544
4 1987 1988 2338 2345
4 2020 2366 2327 2018
4 1987 1988 2345 1989
4 2256 720 632 631
4 1987 632 545 544
4 720 2256 1987 1989
4 1987 720 633 632
4 1987 546 633 634
4 1987 545 546 1137
4 1987 545 632 633
4 1987 633 546 545
4 2256 1138 543 544
4 2256 1138 542 543
4 2256 1990 1987 1989
4 2256 1990 1989 2265
4 2212 801 1369 1368
4 2262 2320 717 805
4 2211 1402 1463 1395
4 2253 2252 1549 1550
4 2251 2280 2253 2212
4 2280 2281 2155 2254
4 2251 2045 2265 2155
4 2280 2310 2281 2254
4 2253 2131 2346 2310
4 2253 2323 2079 1550
4 2045 2212 2251 2262
4 2253 1549 2252 2323
4 2212 2081 2323 2044
4 2211 1369 2212 2044
4 2257 1442 1460 1433
4 2262 715 802 803
4 1418 2211 2340 1451
4 2262 716 803 804
4 2253 2310 2254 2131
4 2253 2310 2280 2254
4 2253 2280 2310 2081
4 2290 2045 2212 2280
4 2253 2212 2081 2323
4 2253 2254 2252 2131
4 2211 2212 1368 1457
4 2211 1368 1453 1457
4 2211 1453 1402 1457
4 2211 2323 2019 2340
4 2211 1402 1395 2019
4 2211 1463 1402 1453
4 2211 1432 1463 1453
4 2211 2212 2253 2323
4 2211 2044 2212 2323
4 2020 1340 1474 809
4 2263 1433 1460 1441
4 2263 1441 1371 1433
4 2257 1339 2262 1457
4 2263 1433 805 1339
4 2263 1371 805 1433
4 2020 1989 1340 809
4 2020 1460 1480 1441
4 2117 2118 2120 2147
4 2139 2117 2120 2147
4 2301 2147 1409 1425
4 2150 873 872 1350
4 2147 2168 2118 2124
4 2147 2334 2168 2124
4 2147 2334 2124 2300
4 2243 1356 1394 1390
4 2302 870 1336 1389
4 783 2150 871 870
4 2243 1356 873 1394
4 2243 1356 874 873
4 2243 1383 874 1356
4 1406 2147 1390 2243
4 2243 2124 2147 2118
4 2122 2121 2123 700
4 2328 1383 876 875
4 2328 1383 1392 876
4 2328 1383 1406 1392
4 2122 700 787 788
4 2328 1406 2243 2124
4 2328 2243 1406 1383
4 2328 2243 1383 875
4 2123 2168 2255 1902
4 2123 2124 1903 2121
4 2123 612 699 700
4 2123 1229 611 1196
4 2123 699 612 611
4 2123 1196 611 612
4 873 785 2243 2150
4 2191 2123 2168 2255
4 1297 2191 2255 2123
4 609 697 2119 2191
4 1229 611 2191 2123
4 2191 2118 2119 2244
4 2191 1200 1126 1229
4 2191 1126 1231 609
4 2191 1231 1126 1200
4 2150 2147 2243 1394
4 2302 1336 870 869
4 2150 1389 1401 1350
4 2150 1350 871 1389
4 2150 2120 2119 2118
4 2150 872 871 1350
4 2150 2118 2243 2147
4 2150 2118 2147 2120
4 2069 607 1130 606
4 2245 2325 2141 1131
4 2363 1995 2144 1544
4 2363 2317 2117 2144
4 2363 2172 2317 2144
4 2363 2173 2172 2144
4 2363 1995 2173 2144
4 2363 2117 2139 1544
4 2245 2069 1130 1240
4 2245 1130 1300 1240
4 2245 2317 2172 1238
4 2245 2172 1203 1238
4 2245 1203 1300 1238
4 2245 1300 1203 1240
4 2245 2363 2172 2317
4 2138 1506 1367 866
4 2138 2325 2141 2139
4 2301 2299 2334 2300
4 1505 1507 2302 2138
4 2301 1409 1414 1425
4 2138 1367 1506 1505
4 2302 2120 2150 2147
4 2302 2147 2150 1409
4 2301 2139 2302 2147
4 2302 1409 1336 1508
4 2302 2120 2147 2139
4 2181 1351 1504 1506
4 2301 1414 1505 1419
4 1425 2301 2300 1417
4 2301 1419 2299 1358
4 2301 1414 1419 1358
4 2301 2300 1417 2299
4 2301 2138 2302 2139
4 2181 2363 2325 2139
4 2181 2138 2139 2325
4 2181 2301 2068 2139
4 2181 2138 2301 2139
4 2181 2055 2363 2068
4 2181 2068 2363 2139
4 2181 2182 2055 2068
4 2351 2208 2206 2055
4 2351 600 1135 599
4 2351 1316 2173 1317
4 2351 1248 600 1133
4 2171 2325 2363 2172
4 2171 2172 2363 2173
4 2171 1133 602 1244
4 2171 1244 1316 1133
4 2351 2173 2363 1995
4 2171 2055 2363 2325
4 2206 2068 2055 2182
4 2206 2068 2363 2055
4 2206 2363 2068 1995
4 2188 599 2208 598
4 1545 2206 1995 2213
4 2206 2068 2067 1546
4 2206 1995 2068 1546
4 2187 2339 2298 2067
4 2351 601 2171 1133
4 2351 1317 1318 1248
4 2351 2207 2208 1135
4 2206 2351 1995 2207
4 2351 2207 2173 1995
4 2351 1318 2173 2207
4 2188 774 773 862
4 598 2188 686 2192
4 773 2188 2192 686
4 2188 774 687 686
4 2188 775 862 863
4 2161 2356 2068 2187
4 2188 687 774 775
4 2188 2182 2208 2055
4 2188 862 775 774
4 2356 1504 1501 1419
4 2187 1500 1346 1370
4 2161 2356 2357 2068
4 2187 2161 2339 2067
4 2355 2180 2060 680
4 2339 2061 2200 2180
4 2209 1303 2189 2061
4 2161 2298 1499 1370
4 2205 1136 1208 1170
4 2209 2213 2067 2170
4 2209 2061 2189 2036
4 2209 2061 2036 2170
4 2209 2170 2200 2061
4 2209 2200 2170 2067
4 2209 2200 2339 2061
4 2209 2339 2200 2067
4 2209 2061 2339 2180
4 2056 2061 2209 2180
4 2209 2206 2298 2067
4 2209 2339 2067 2298
4 2056 1139 2180 593
4 2056 594 1139 593
4 2056 2180 2209 2339
4 2056 2339 2209 2298
4 2210 594 2056 595
4 2056 595 682 683
4 2210 1170 1208 1255
4 2056 682 594 593
4 2056 682 595 594
4 2161 1499 2298 1360
4 2161 1359 2066 2357
4 2161 1495 1499 1498
4 2161 1499 1495 1500
4 2161 2066 2068 2357
4 2140 1491 1488 1361
4 2140 1361 1511 883
4 2140 1491 1361 883
4 2140 1448 1491 1577
4 2140 1547 2066 1577
4 2140 1511 1547 1577
4 1577 1491 883 64
4 1577 1491 2140 883
4 883 1511 1577 64
4 2140 1361 2001 1511
4 2287 842 841 1377
4 2002 1481 1482 1342
4 2002 2053 1342 844
4 2002 1342 1375 844
4 2167 1484 2001 1487
4 2167 2166 2001 1484
4 1150 2053 580 2052
4 2167 1343 2268 846
4 2248 2167 2275 2001
4 2002 1342 1482 1375
4 1482 2167 1375 1483
4 2313 2239 2225 1555
4 2052 2014 2064 1183
4 2324 1342 2002 2053
4 2324 1377 1342 842
4 2343 2291 2284 2239
4 2343 2239 2324 2166
4 2361 2024 2000 1386
4 2361 2000 1471 1386
4 2361 1465 1471 1461
4 2343 2361 1478 1476
4 2361 2000 2024 2239
4 2361 1470 1461 1471
4 1467 1349 2231 2023
4 2361 1471 1476 1470
4 658 570 571 2232
4 1973 2231 2226 2291
4 749 836 748 1973
4 2023 1449 1467 1349
4 2023 1449 1465 1461
4 2023 2025 2024 1465
4 2023 1437 1449 1349
4 837 1468 1973 1353
4 2023 2026 2025 2232
4 1437 2023 1449 1465
4 2232 571 659 2226
4 1973 662 573 661
4 1973 750 663 662
4 1973 838 751 750
4 1467 1468 1461 2361
4 1349 835 2232 834
4 660 572 573 2226
4 1973 750 662 661
4 1973 838 750 749
4 1973 749 750 661
4 2225 1982 2015 2304
4 2225 2083 1982 2304
4 2232 2083 2226 2024
4 2313 2017 2040 2041
4 2225 2083 2226 1982
4 2000 2313 2166 1567
4 2313 1539 1555 1567
4 2313 1555 2015 2041
4 2052 843 755 754
4 2313 2239 2324 2283
4 2313 2324 2239 2166
4 2313 1539 2239 1555
4 2014 2015 2283 2064
4 2014 2275 2313 2040
4 2014 2015 2313 2283
4 2014 2313 2015 2017
4 2014 2040 2313 2017
4 2014 2283 2313 2053
4 2052 1183 1184 578
4 2284 663 576 575
4 2186 757 669 2053
4 2052 580 667 668
4 843 2052 2324 2287
4 2052 667 578 666
4 2052 1183 578 579
4 2052 2053 2324 2283
4 2052 2283 2014 2053
4 2052 667 580 579
4 2052 578 667 579
4 2284 664 751 752
4 2224 1973 2284 575
4 2287 2283 2052 2324
4 2287 666 577 665
4 2287 666 753 754
4 2224 578 1184 577
4 2287 753 666 665
4 2284 665 577 576
4 2224 2283 2225 2015
4 2284 576 664 665
4 2284 576 663 664
4 2343 2284 2324 2239
4 2343 1476 1475 1470
4 2284 2283 2287 2324
4 2284 2283 2324 2239
4 2284 2239 2225 2283
4 2284 2225 2239 2291
4 2224 1220 1981 1982
4 2224 1981 1220 2064
4 2224 1982 1981 2064
4 2224 1220 1151 1285
4 2224 2064 1220 1332
4 2224 1220 1285 1332
4 2167 2275 2268 1374
4 2167 1343 1375 1483
4 668 580 669 2053
4 2268 1343 847 846
4 2167 1483 1485 1343
4 2268 759 847 848
4 2268 848 847 1343
4 2005 1374 2268 2286
4 2005 761 848 849
4 2005 849 762 761
4 2005 2268 848 760
4 2005 848 761 760
4 2005 673 760 761
4 2005 761 674 673
4 2005 2285 2268 760
4 2005 2286 2268 2285
4 2285 2222 2040 2344
4 2186 2285 583 671
4 2186 583 670 671
4 2186 583 2285 1147
4 2186 583 1147 582
4 2186 670 758 671
4 846 845 2053 1375
4 759 2268 846 2186
4 2186 670 583 582
4 2186 582 581 670
4 2186 758 846 759
4 2053 580 581 1150
4 2053 668 580 2052
4 758 846 757 2186
4 2167 2166 2275 2001
4 757 669 670 2186
4 2249 2200 2339 2201
4 2249 1490 2248 2066
4 2249 1490 2066 1492
4 2249 1372 1492 1345
4 2249 2066 1494 1492
4 2249 1494 1345 1492
4 2178 2249 2248 2201
4 2249 2066 2248 2201
4 2060 2180 2061 1140
4 2142 766 765 854
4 2142 765 853 854
4 852 2142 853 1372
4 2142 853 765 852
4 2142 677 764 765
4 2142 766 677 765
4 2142 2200 2249 2178
4 2060 678 591 590
4 2060 2142 766 678
4 2060 766 679 678
4 2060 2180 2200 2061
4 2060 679 592 591
4 2060 591 678 679
4 2160 1271 1145 586
4 2160 2233 2178 2286
4 676 2160 588 2159
4 2160 1175 588 1143
4 2160 675 587 586
4 2160 1175 1271 586
4 2160 588 1175 587
4 2160 2286 2178 2179
4 2160 587 1175 586
4 989 2360 2322 2306
4 2305 2230 2352 2029
4 2360 183 914 182
4 2310 2289 2360 2322
4 2360 914 183 944
4 2360 914 944 998
4 2360 914 1970 182
4 2306 2322 2126 2037
4 2306 2076 2132 996
4 2305 2322 2306 2346
4 2277 2038 2046 2297
4 2277 2278 2038 2297
4 2277 2278 2297 1028
4 2277 2297 2223 1028
4 2277 2073 2223 2046
4 1529 2277 2046 2073
4 2277 2094 971 1526
4 2277 1528 2094 1526
4 2277 2046 2223 2297
4 2042 224 2086 312
4 2042 225 2043 226
4 2042 225 226 930
4 2272 2193 2274 2304
4 2272 2084 2116 2083
4 2272 1982 2185 2083
4 2272 2304 1982 2083
4 2272 2185 2273 2084
4 2272 2185 2084 2083
4 2105 994 2073 1020
4 2105 994 1020 1026
4 2105 2362 2169 2148
4 2105 2148 2169 2073
4 2105 2148 2073 994
4 2240 2036 2169 2362
4 949 2240 2035 2105
4 2240 241 1032 1035
4 2240 1029 2105 1035
4 2240 1032 1029 1035
4 2240 2362 2108 2107
4 2240 2362 2107 2036
4 2240 2108 2105 1029
4 917 2240 1032 1029
4 2106 421 332 420
4 2106 333 244 332
4 2106 334 421 422
4 2106 333 334 245
4 2106 332 421 333
4 2106 421 334 333
4 2070 2294 2204 2072
4 2070 2296 2294 1875
4 2070 2071 2295 1509
4 2070 2071 2204 2295
4 2070 2295 2204 2296
4 2070 2296 2204 2294
4 1302 2230 1249 2155
4 2230 1992 2352 2098
4 2230 2098 2352 2029
4 2230 2029 2281 450
4 2305 2346 2306 2037
4 2230 2310 2281 2029
4 1991 365 2097 1992
4 2305 2029 2352 2030
4 1991 365 453 366
4 1991 278 367 279
4 1991 279 367 368
4 1991 367 366 455
4 1991 1992 2097 2154
4 365 1991 2097 278
4 1991 278 366 367
4 2267 2332 1986 1537
4 2267 2104 2352 2332
4 2267 2104 2332 1537
4 2305 2029 2049 2310
4 2360 2305 2310 2322
4 1672 56 1684 1604
4 2371 2372 2373 1428
4 2374 918 2375 2376
4 2377 744 657 745
4 2378 633 546 634
4 2379 2380 2381 2382
4 2383 1006 1016 1017
4 2371 2384 2373 2372
4 2371 1491 2385 1448
4 1607 1590 168 169
4 2386 2387 2388 1218
4 1607 1590 169 1593
4 2389 673 2390 761
4 2391 496 1180 1112
4 2392 954 230 229
4 2393 382 470 381
4 2394 2395 2396 2397
4 2398 487 400 2399
4 2396 2397 2400 2401
4 2402 2403 2404 1216
4 2405 2406 2407 2408
4 2409 818 731 819
4 2371 2410 2385 1491
4 2411 2412 655 743
4 100 2413 1793 2414
4 2371 2385 1359 1448
4 2415 2416 2417 2418
4 2419 2420 1282 1179
4 2421 2422 327 328
4 2423 1081 1077 1073
4 2424 284 197 285
4 2425 2426 2427 2428
4 2429 575 662 574
4 2430 309 2431 397
4 2432 1053 2433 1043
4 2434 925 2435 1070
4 2436 2437 2438 1318
4 2371 1359 1428 1448
4 2439 573 660 572
4 2440 1342 2441 1377
4 2442 1034 976 1025
4 836 1467 2443 1349
4 2444 1105 1284 473
4 2380 1169 1101 457
4 2445 697 784 696
4 2446 1176 2447 1104
4 2389 2448 2449 1485
4 2439 659 660 748
4 2445 783 696 784
4 2450 1711 2451 1709
4 2396 1192 1225 1107
4 830 2411 831 743
4 2400 1294 2452 1188
4 2453 305 392 304
4 2387 578 1183 579
4 1224 2454 1193 2395
4 754 842 843 2440
4 2455 1788 1787 1778
4 2456 1505 2457 2458
4 2445 783 2459 695
4 2455 1765 1391 1364
4 2460 463 376 464
4 2461 2462 2463 2464
4 2465 427 428 515
4 2466 786 699 787
4 1741 2467 1739 983
4 2468 2469 669 668
4 2445 2470 2459 2471
4 2472 1734 1740 98
4 207 294 2473 2474
4 2402 1330 1284 1219
4 2475 2476 1004 996
4 2375 227 918 228
4 2477 2478 2479 2401
4 1241 2480 1202 2481
4 2482 822 2483 823
4 2484 2424 2460 2485
4 2404 2486 2487 2488
4 2489 1257 1137 544
4 2490 724 2491 812
4 2492 880 1469 881
4 2493 680 593 681
4 2432 2417 2494 2495
4 2496 284 2497 372
4 2498 2499 2500 2383
4 2501 2502 2503 1421
4 2445 784 697 785
4 2504 1395 2505 1384
4 1753 1 83 1636
4 15 93 1397 1737
4 1753 1629 1746 885
4 2506 1435 1455 1447
4 2507 664 753 752
4 2410 884 1638 1624
4 1570 1676 1548 1549
4 2508 2509 2510 1127
4 2511 141 2512 1869
4 2513 1865 1871 134
4 792 793 705 2514
4 1843 145 1853 958
4 1843 50 145 958
4 1597 1762 1747 72
4 2515 1597 166 1606
4 2435 1076 2516 1069
4 2516 2397 2517 2518
4 2519 1735 19 101
4 2519 1750 1758 1717
4 2520 1008 2521 1012
4 2522 1344 2390 851
4 2491 2523 813 725
4 2524 1018 2525 1015
4 1588 1609 171 60
4 1588 1609 1598 171
4 1588 1598 1608 171
4 1588 60 1599 1579
4 2526 2527 2528 2529
4 2530 589 1265 1142
4 2531 2456 2532 2533
4 2534 2535 319 320
4 2453 392 305 393
4 2497 2536 459 1102
4 2537 2538 142 143
4 2539 2540 1021 1030
4 2541 1442 2542 1433
4 2475 998 989 996
4 2543 2544 2545 2546
4 2547 1482 1375 1483
4 2548 647 2403 559
4 2549 2424 1068 1057
4 2445 697 2471 785
4 2535 1112 495 496
4 2445 872 783 784
4 2550 769 2493 2551
4 2552 856 1345 855
4 2553 503 504 1116
4 2442 1034 2554 976
4 2530 1263 2555 1304
4 2556 2557 2558 1001
4 2399 400 312 401
4 2559 2560 2561 2562
4 2563 2379 2564 2380
4 2510 619 706 618
4 2404 1335 2565 2566
4 737 736 2567 2548
4 2568 550 549 1172
4 1138 2569 2489 1207
4 2531 1734 2533 2570
4 2531 1693 2570 2384
4 1744 81 1720 82
4 2531 1757 1734 17
4 63 1755 1636 1687
4 1397 1737 1756 885
4 2388 1332 1283 1324
4 2389 2390 2571 2448
4 2572 2573 2574 2575
4 2576 429 2465 341
4 2577 2578 2450 2579
4 2445 2580 2459 783
4 2581 2506 2582 1455
4 2583 2584 2385 1493
4 2445 2471 2459 2580
4 2456 1409 1404 1425
4 2585 499 500 1114
4 1547 1511 1660 1577
4 1547 1546 1660 1681
4 1547 1660 1534 1577
4 1547 1534 1660 1546
4 2461 2586 2463 2587
4 2588 775 2589 687
4 2590 334 421 333
4 2456 1409 2591 1404
4 830 741 829 2592
4 2593 1369 1446 799
4 2381 455 367 456
4 1761 1738 1740 2472
4 1738 1761 1416 2472
4 2455 1788 96 1784
4 2445 696 609 697
4 2436 2588 688 689
4 2530 591 678 590
4 2456 1425 1414 1409
4 2419 404 2374 316
4 2386 1111 1218 1324
4 409 2534 2391 2594
4 2534 408 2391 2535
4 2585 2524 324 323
4 2478 2408 2595 2401
4 2596 2394 2439 571
4 2597 2598 2599 1189
4 2563 1306 2489 1209
4 120 1815 1694 121
4 1722 1828 120 1822
4 2600 790 1363 1861
4 2456 2458 2580 1409
4 2542 718 805 717
4 2456 2580 2591 1409
4 1407 2456 1425 1417
4 2379 454 2381 455
4 2601 2577 2579 2484
4 1595 1696 1723 898
4 2602 2603 2474 2473
4 880 881 1630 1641
4 880 1630 1620 1641
4 880 1620 67 1641
4 2456 2472 2373 1417
4 1006 2475 936 2383
4 2604 2605 2606 2504
4 2499 1246 1098 450
4 2490 547 634 546
4 2581 1462 1341 1459
4 2523 638 551 639
4 2559 2607 2582 2608
4 2381 2380 456 368
4 2456 2533 2472 2591
4 1660 64 1577 1652
4 1660 1651 64 1652
4 2498 187 274 186
4 2542 2569 2609 2560
4 2610 802 713 714
4 2500 276 363 275
4 2372 1359 1428 2371
4 2410 1614 1633 1624
4 2611 924 2612 1009
4 2475 936 944 1004
4 2446 2613 2447 1176
4 1159 1854 144 1199
4 2614 1810 1811 1814
4 2498 273 2615 272
4 1036 2601 1041 2616
4 1859 1866 614 54
4 1859 1867 614 1866
4 2496 2380 370 2536
4 2617 264 2618 352
4 2619 1854 1855 1844
4 2551 770 769 681
4 1034 2620 1028 2442
4 2541 1433 1371 1441
4 2621 2622 2402 1219
4 1648 1676 1549 1667
4 2520 1012 1019 1003
4 2623 1080 1082 1075
4 2452 1294 1154 567
4 2624 1014 934 1002
4 2434 2517 2516 220
4 2625 1503 2588 864
4 2626 2627 2628 2629
4 2630 2459 2631 2632
4 874 2466 2455 787
4 2459 2528 2630 2533
4 2580 1401 1389 1350
4 88 1736 991 1743
4 88 986 87 1743
4 88 991 986 1743
4 904 903 1668 1611
4 904 67 1668 1645
4 2436 2633 2589 2634
4 2459 1240 2632 1130
4 2612 1009 1000 1010
4 2580 870 1336 869
4 2635 613 1196 1157
4 2635 1196 611 1229
4 2526 1200 2636 1231
4 2637 2550 2551 859
4 2632 1300 1130 1240
4 2553 416 2422 504
4 2637 684 772 683
4 2391 2420 2535 1112
4 1112 2391 2420 2638
4 2639 946 2381 2382
4 2510 2640 2503 2537
4 2619 2617 263 262
4 2617 1851 174 262
4 2641 965 978 974
4 2591 2455 2533 1785
4 876 1392 2455 1383
4 2470 1231 1128 1298
4 2642 2643 2581 2644
4 2608 1709 2450 2451
4 2381 453 366 454
4 2645 1461 1468 1470
4 2646 1427 1423 1338
4 2564 2380 2379 2382
4 2492 1469 1362 881
4 2647 2622 2648 563
4 2596 571 658 570
4 2649 2516 2650 1086
4 2651 2426 1400 2477
4 2652 583 1147 584
4 2640 705 706 794
4 616 2640 2653 705
4 2654 2595 2397 2655
4 2556 1029 1001 917
4 2625 2656 2457 1506
4 2550 2584 1360 859
4 2515 1736 1762 1759
4 2515 1606 166 167
4 2515 1730 1695 1745
4 1122 521 2526 1233
4 521 520 2526 2657
4 2533 1734 98 17
4 678 679 591 2530
4 2658 513 2659 1245
4 2525 2421 2660 2661
4 693 782 2631 781
4 2662 2521 2659 425
4 767 768 680 2552
4 2663 2424 2496 196
4 2468 757 756 668
4 2664 2665 2528 2666
4 2409 641 554 642
4 2583 1494 2584 1493
4 2667 2668 2461 2464
4 2558 2590 2627 332
4 2530 591 1263 1140
4 2669 2670 2671 2448
4 2672 167 1592 1606
4 2467 101 2673 1741
4 2625 1503 2457 2588
4 2650 1086 1085 1062
4 2459 693 606 694
4 1391 1738 1761 1416
4 2455 1788 1778 96
4 2674 773 774 862
4 775 2588 2589 2674
4 2675 601 689 2436
4 2666 1795 2519 106
4 2625 2588 2457 2634
4 145 940 1853 958
4 1843 174 50 958
4 2676 2677 1211 1320
4 166 1584 56 167
4 2625 2457 2656 2634
4 2597 1290 1188 565
4 2678 2510 2606 2509
4 2503 1387 1365 1421
4 2461 2519 1758 1695
4 1331 2396 2395 1195
4 2625 866 1506 1351
4 290 2679 2680 2613
4 2625 865 866 1351
4 2415 2575 2416 2388
4 74 1769 1671 75
4 1839 113 1820 1675
4 2423 1074 1077 1081
4 2542 718 717 2681
4 2374 2375 315 2682
4 2625 1506 1504 1351
4 2375 1055 1046 918
4 2611 945 1019 1012
4 2683 2593 711 623
4 2481 2684 2605 2685
4 2513 1865 42 43
4 649 650 562 2548
4 2651 1438 1454 1430
4 2686 2654 2687 2688
4 2689 1143 589 588
4 2690 522 435 523
4 2691 2665 2438 1242
4 2664 517 2465 429
4 2503 793 705 794
4 2538 2692 2693 1848
4 2512 142 141 1863
4 1842 49 350 48
4 1842 262 1850 350
4 2617 264 175 176
4 188 187 275 2500
4 2694 1456 1347 1452
4 2480 1243 1098 1204
4 2647 2478 2567 2592
4 2538 2692 2537 2695
4 2617 175 262 174
4 1520 1521 1656 1512
4 2696 2655 2697 1707
4 1594 1725 1580 896
4 1649 73 1684 1749
4 1649 1684 1560 1749
4 74 1649 1749 73
4 1649 1560 1768 1749
4 2698 2699 271 359
4 2498 185 944 936
4 2510 706 2640 618
4 2700 2701 43 1821
4 2604 2702 2504 1453
4 2703 2397 2704 2401
4 2599 2705 390 302
4 2473 953 2706 208
4 1656 1523 1669 1512
4 2454 1310 1222 1292
4 1572 1683 1675 62
4 1820 1675 113 112
4 2617 940 981 967
4 2473 208 295 207
4 2563 2380 458 1169
4 2707 1723 1595 1696
4 289 202 201 2680
4 1595 898 899 1696
4 1588 1608 172 171
4 1585 1823 1817 110
4 2556 1010 2667 2557
4 2404 2708 2603 2565
4 2686 1079 2623 1075
4 2475 2709 2698 2498
4 297 210 2706 2444
4 2710 577 1151 1285
4 228 316 2419 2374
4 2522 764 677 765
4 2444 298 211 299
4 2430 309 396 308
4 2672 168 2711 1592
4 1569 1671 1542 1543
4 2666 1735 2519 101
4 2467 970 166 960
4 2441 2575 2574 2670
4 1625 65 66 882
4 830 741 2592 2412
4 2404 2712 2713 2714
4 66 1625 881 1641
4 2602 2715 2474 2708
4 2459 1130 1234 607
4 2665 2666 2464 2462
4 2632 2664 1237 1121
4 2681 2716 716 2717
4 2674 1502 2588 2718
4 2719 134 133 1812
4 2488 1272 1178 553
4 2596 748 747 659
4 2720 2721 2722 2587
4 1733 1720 2410 1697
4 1756 1746 885 1737
4 28 525 1798 437
4 2392 317 229 318
4 2524 235 1018 236
4 2415 2388 2416 2418
4 827 739 2567 2647
4 2508 2695 2537 2692
4 2723 964 2724 982
4 2725 452 1249 1099
4 2663 2485 2549 2579
4 2726 1227 524 1197
4 2726 1227 1158 1297
4 2580 871 872 1350
4 2636 2726 1297 1198
4 1791 2726 2727 525
4 1791 2726 1197 1800
4 2726 1158 1800 104
4 2726 1800 1158 1197
4 2483 647 734 646
4 199 198 286 2424
4 2676 1103 1322 1267
4 2544 1729 1711 1712
4 2447 1103 2460 1269
4 2505 1716 2562 1713
4 2717 2561 2542 2609
4 2717 1339 2542 1442
4 2562 2728 1713 2451
4 2643 2729 2730 2564
4 2649 1086 1062 1069
4 2403 1182 1308 1148
4 2626 1256 2731 1303
4 2626 507 2627 1166
4 2590 421 334 422
4 2732 935 993 984
4 2640 1230 529 1125
4 2680 2708 2679 2715
4 2545 2546 2544 1050
4 1646 1676 1667 1550
4 1683 1650 61 1666
4 1355 94 95 1738
4 2625 1504 2457 1503
4 2472 1738 1355 1416
4 1391 2455 2591 1761
4 1355 1738 95 1391
4 120 1828 1694 1815
4 1722 1822 120 119
4 2733 352 2618 264
4 2500 452 365 453
4 2683 1337 798 1445
4 601 690 602 2675
4 2466 609 698 697
4 2459 2630 2580 2533
4 2734 1252 598 1136
4 2470 609 1128 1231
4 2735 2714 2712 2736
4 2397 2737 2516 2517
4 2585 2738 2739 1114
4 2740 2741 2599 2742
4 2684 1236 1334 1299
4 1175 2743 1271 586
4 2510 2606 2509 2503
4 2511 615 527 616
4 623 2683 2593 2481
4 2510 1127 531 530
4 2529 2726 1803 1794
4 2634 2373 2456 2532
4 1765 1391 1761 2455
4 2371 2744 2671 2745
4 2611 2521 2662 945
4 2522 765 2746 853
4 2747 2748 2742 2650
4 2705 2747 2453 304
4 2394 1295 1194 569
4 2614 1830 1811 1805
4 2678 2684 2481 534
4 2539 1021 1024 1030
4 2431 398 309 310
4 2522 852 765 853
4 2395 2517 483 482
4 2380 369 282 370
4 2749 921 1057 1083
4 25 1157 103 1783
4 108 27 1197 1791
4 2531 1751 2570 1693
4 2552 854 1345 1372
4 2740 1066 2747 214
4 2468 756 757 845
4 2416 2710 2388 2440
4 2577 2750 2654 2687
4 2517 2434 2430 308
4 1140 2530 592 2493
4 2395 483 1108 482
4 2592 1438 1452 1454
4 675 2689 586 2390
4 2738 2751 2525 2661
4 2637 2752 2550 2744
4 2678 1162 533 532
4 2737 219 218 956
4 2633 2718 2744 2589
4 1407 2456 1417 2472
4 2736 1464 2582 1435
4 1663 1536 1524 1541
4 1663 1524 1523 1521
4 1656 1523 1512 1521
4 2678 533 621 532
4 1521 1663 1541 1656
4 622 2678 534 621
4 588 2522 675 676
4 2468 757 2753 845
4 2677 1173 548 547
4 621 534 533 2678
4 2393 469 381 470
4 2460 2446 376 288
4 1518 68 69 1673
4 2447 1176 2613 2565
4 2678 621 620 532
4 373 2497 461 462
4 806 718 2542 2754
4 2447 1103 2676 2460
4 2619 1850 2617 262
4 2732 982 2693 993
4 2678 620 531 532
4 2585 499 412 500
4 1841 114 1676 115
4 1841 1676 38 115
4 1841 37 1676 114
4 2669 883 2755 1361
4 2710 1285 1151 1220
4 1597 1762 72 1602
4 1752 166 9 1747
4 2515 1597 1762 1747
4 71 72 1597 1747
4 2455 788 787 2756
4 2466 2636 2635 1229
4 2632 2470 1234 1298
4 2574 1484 1361 1473
4 2507 665 2440 753
4 2743 585 1145 586
4 2577 2757 2687 2707
4 2678 2509 2684 1236
4 2487 2506 2758 1411
4 2759 329 2422 241
4 1646 1667 1538 1550
4 1551 1646 37 1840
4 2678 2606 2684 2509
4 2420 1277 1328 1179
4 315 227 2375 228
4 322 2585 409 410
4 2420 1278 1217 1328
4 1833 1721 1732 117
4 1721 1816 118 117
4 2539 2545 2616 1024
4 2546 1833 1721 1732
4 2539 2616 2760 2382
4 2531 885 1397 1756
4 2649 2748 2423 2650
4 2695 1228 2512 440
4 2761 732 645 733
4 2491 813 724 725
4 2415 2386 2762 2420
4 2763 2754 2378 808
4 2414 101 2666 1795
4 62 1825 1820 2
4 1572 1563 1675 1515
4 1554 1683 1572 1535
4 999 2539 2545 2476
4 1564 1529 1571 1659
4 1564 1545 1531 1659
4 1564 1531 1529 1659
4 1564 1659 1571 1682
4 1564 1571 1517 1682
4 2539 1024 2616 1030
4 1564 1545 1659 1671
4 1564 1543 1545 1671
4 1034 2620 2442 2554
4 2436 600 1135 1248
4 57 1644 1672 1682
4 57 1571 1680 1682
4 2467 986 983 997
4 1600 170 1593 169
4 1600 1609 1593 170
4 1600 1598 1609 170
4 1607 169 1600 1593
4 1522 1661 1656 1662
4 1583 1603 1835 109
4 1833 1585 1817 111
4 1595 1723 1581 898
4 1683 1666 61 1573
4 62 1650 61 1535
4 2539 1024 1021 1013
4 2662 2521 249 945
4 2746 678 766 677
4 2752 2555 2530 2764
4 2469 669 2753 757
4 2580 870 783 871
4 2570 1779 106 18
4 2480 1202 2481 2684
4 2439 1191 2394 1224
4 2394 1295 1326 1194
4 2705 2453 392 304
4 1551 36 35 1515
4 2765 502 2553 1115
4 2467 1758 1735 1759
4 1741 2467 983 2673
4 2433 1048 962 1043
4 2613 379 466 378
4 2567 2647 2592 827
4 58 1590 168 1578
4 2442 1034 1025 1028
4 57 1584 1596 1591
4 57 168 1591 1578
4 58 1644 888 1578
4 58 168 1590 169
4 2633 2634 2718 2589
4 2440 2388 2387 1184
4 166 1736 991 9
4 2672 1582 1592 1601
4 2395 1195 482 1296
4 2439 2429 2454 2704
4 1152 2648 565 2597
4 2402 1280 2403 1216
4 2765 1307 2739 1114
4 2600 1861 1874 1867
4 2514 2502 1405 1387
4 2640 705 617 706
4 2766 625 537 2610
4 1120 1242 1314 2767
4 1751 81 1693 1757
4 592 591 679 2530
4 2519 1717 80 1750
4 2656 779 866 778
4 2410 1634 2531 1733
4 2580 1401 2591 1409
4 2536 458 2380 370
4 2499 2500 363 275
4 2429 2768 2710 2416
4 2584 2671 2385 2744
4 2676 2677 2644 2769
4 2765 2770 2555 2764
4 2530 2752 2764 2770
4 2765 2738 2770 2764
4 327 2553 2422 2421
4 2550 856 769 857
4 2771 2672 2711 1726
4 2625 777 2675 778
4 2632 2657 2526 1237
4 2550 1496 856 857
4 2454 1109 1288 1310
4 2468 757 2469 2753
4 2383 936 1006 1017
4 2765 1305 1307 1266
4 2412 2597 1188 565
4 2676 1171 1174 1320
4 2763 2754 808 1340
4 2480 1313 1202 1239
4 2765 1266 1115 1305
4 2592 2567 827 1452
4 2765 1115 2555 1305
4 2476 1013 1006 996
4 2538 2695 2537 2512
4 2772 2618 2538 1846
4 1710 2696 2757 2697
4 2398 2495 224 223
4 2432 930 2495 1054
4 2757 1594 1600 170
4 2572 2441 2575 2574
4 667 2468 2387 2440
4 2541 1460 1433 1441
4 2522 2770 2689 2773
4 1643 59 889 1579
4 1643 889 890 1579
4 1679 889 1643 59
4 1527 1643 59 1664
4 1643 890 60 1579
4 2765 2555 2530 1305
4 45 1853 940 135
4 2594 234 323 322
4 2765 2530 2770 1305
4 2455 1776 2533 1785
4 986 87 1739 977
4 2475 2723 2732 989
4 2498 273 272 184
4 2733 442 354 2774
4 1648 1676 1838 1548
4 1646 1554 1538 1665
4 1819 69 1648 1561
4 2459 1234 2470 607
4 2520 1008 1012 1003
4 2775 1327 1253 1118
4 2765 2770 2530 2555
4 2432 2376 2375 1046
4 1412 2646 2409 2487
4 2613 467 1176 466
4 2490 1352 2642 810
4 380 2474 292 2679
4 1746 84 85 1629
4 2455 1785 97 1778
4 2674 1502 1346 862
4 2765 1266 1307 1114
4 2776 248 2662 336
4 2765 2739 2738 1114
4 2458 1505 2656 1507
4 2519 19 1795 101
4 2627 509 2775 1166
4 2409 729 2758 641
4 910 911 1714 1626
4 910 1714 1688 1626
4 2481 624 536 2766
4 2610 539 626 538
4 2680 1089 2679 950
4 1525 1661 1655 1656
4 2626 507 1166 1256
4 2429 750 663 751
4 836 2596 835 1349
4 2665 2659 2437 2463
4 502 2751 2553 414
4 2553 1115 502 503
4 63 1534 1674 1651
4 2717 1457 2561 2702
4 2471 1350 873 1394
4 413 414 326 2751
4 1647 75 1770 76
4 1647 1770 13 76
4 1748 63 1674 1687
4 1537 1665 1573 1536
4 1537 1665 1533 1538
4 1537 1536 1533 1665
4 1537 1554 1665 1538
4 1537 1683 1573 1665
4 38 1548 1510 39
4 38 1510 1858 39
4 1838 1548 1676 38
4 1799 8 941 972
4 2553 2764 2555 2422
4 2661 2553 2421 2422
4 2396 1192 2705 2453
4 2777 1437 1380 1349
4 2468 844 1375 1342
4 2767 1314 1163 1315
4 343 344 255 2778
4 2671 2752 2552 2746
4 2628 506 507 1117
4 2580 782 2631 2459
4 2617 1852 1851 1850
4 2617 1852 1843 1851
4 2553 2421 2751 2661
4 2405 2407 2595 2408
4 210 2623 209 2706
4 2779 166 970 167
4 2780 2587 2461 2463
4 2639 191 2381 946
4 2563 1101 1306 1209
4 2735 2425 2712 2405
4 2402 2781 2403 1185
4 2559 2607 2505 1413
4 2379 2725 2381 454
4 2378 722 809 721
4 2492 1469 880 1388
4 2593 799 711 800
4 2602 953 207 920
4 2741 2397 2654 2595
4 2415 2417 2782 2762
4 2637 2752 2731 2493
4 2398 2431 487 1288
4 2599 2705 2742 1293
4 1598 170 171 1609
4 2751 2765 2764 2738
4 2771 1704 2780 1705
4 169 2757 2711 1600
4 2433 1048 2711 962
4 304 2737 2747 2453
4 2424 197 284 196
4 325 237 2524 2751
4 2456 1404 2591 1407
4 2457 1506 2656 1505
4 2601 1050 1049 938
4 1648 1838 1561 1548
4 51 39 1858 1510
4 1510 1858 51 37
4 1551 37 1646 1550
4 2776 2662 2612 2659
4 2584 1499 1360 1370
4 2612 2611 2667 2659
4 166 2779 2467 2515
4 1616 885 1638 1629
4 2663 1044 2496 1045
4 2604 2504 2606 1451
4 2592 741 2648 2412
4 259 2783 931 258
4 2628 506 505 417
4 2780 1704 1703 1705
4 2463 2775 2659 2437
4 2686 1091 2715 1052
4 2389 1343 1374 1485
4 2676 1267 1321 1174
4 2541 807 1340 1371
4 46 144 1854 1199
4 2656 867 868 1367
4 2776 424 423 335
4 2712 2713 2450 2578
4 2593 713 624 625
4 2610 1165 2716 539
4 2776 512 423 424
4 2620 1038 1039 1031
4 2544 1711 1729 1692
4 510 2658 511 2776
4 1562 1 1748 91
4 1767 1516 1674 1562
4 1674 1576 1562 1516
4 2637 2584 2550 859
4 2739 1323 1113 1212
4 2565 1335 1309 1177
4 2496 284 2424 2497
4 1152 2648 564 565
4 2563 1211 2677 1210
4 2737 2747 2453 2650
4 739 827 2592 2647
4 1823 125 173 34
4 1572 1683 62 1535
4 126 1839 1515 35
4 2487 2506 1411 1412
4 1077 1085 2649 2650
4 2620 1028 2594 2534
4 2776 247 248 336
4 2531 2456 2373 2532
4 2375 1046 2376 918
4 2669 883 2410 2755
4 2457 2372 2718 1436
4 2528 2533 1776 106
4 2665 2570 2666 2462
4 2585 2391 2594 409
4 2776 2775 2658 2659
4 2526 2690 2636 1123
4 2635 1297 1158 1196
4 2471 874 2455 1356
4 103 1774 1783 1157
4 2541 1477 1480 1441
4 1089 2680 2715 1090
4 2776 2612 2775 2659
4 2600 2653 703 615
4 2502 2719 1415 1434
4 2481 2605 2766 2685
4 2719 1813 1424 1807
4 2503 1387 2514 1354
4 1674 1516 1647 1576
4 2657 2783 2778 2527
4 2445 785 872 784
4 1647 1516 13 1552
4 1647 1552 13 1770
4 1647 1559 1516 1552
4 2577 2544 2579 2451
4 2617 135 940 1853
4 179 2774 267 2784
4 2524 951 1018 235
4 2662 337 2521 425
4 2522 589 2746 677
4 1634 1733 907 7
4 1634 1763 7 85
4 2438 1119 1315 1316
4 80 1717 79 1750
4 2776 2775 2612 2590
4 2387 667 580 668
4 2521 514 427 2691
4 2532 2570 2630 2462
4 2493 593 592 1140
4 2522 1372 852 853
4 2776 422 335 423
4 1623 1616 1628 64
4 1623 884 1616 64
4 2727 1802 1796 1790
4 1751 80 1717 1693
4 2529 1801 106 105
4 2515 1758 1759 1745
4 905 1619 68 1673
4 904 1668 67 1611
4 2445 607 2459 2470
4 2778 915 990 943
4 2387 1183 2388 1218
4 2522 2746 1344 1372
4 2491 2677 549 548
4 2681 1251 2569 1168
4 2672 2711 1690 1601
4 2628 505 506 1117
4 2624 2711 2672 168
4 2672 1690 894 1601
4 2542 717 716 2681
4 2445 2471 2466 2470
4 2600 1861 1867 1868
4 1523 1669 67 1558
4 66 1611 1625 1641
4 67 68 1645 1631
4 2445 696 695 607
4 1663 1523 1656 1521
4 67 1558 1645 68
4 2459 695 782 694
4 1530 1531 1575 1657
4 1530 1658 1528 1529
4 2576 429 342 430
4 2551 770 858 769
4 2550 2584 1498 1360
4 2784 268 357 356
4 2631 869 781 782
4 30 1686 1825 112
4 1603 1650 892 1587
4 1583 1835 1823 110
4 2727 2529 2414 2690
4 1776 1777 2756 2635
4 2546 1585 1586 172
4 2736 1435 2506 1447
4 2545 937 999 172
4 897 1581 1723 898
4 2515 1730 1602 1718
4 2776 2590 2612 334
4 2373 1397 885 1428
4 100 2413 99 1793
4 2371 2745 2410 2384
4 2674 773 772 684
4 38 37 1510 1841
4 913 1731 1637 33
4 535 2481 536 1161
4 2606 2513 2503 2502
4 2600 703 790 702
4 312 313 2399 401
4 2499 1098 2785 2615
4 2533 106 2570 1779
4 2652 759 671 760
4 2395 482 1108 1296
4 1672 1649 1569 1682
4 1569 1517 56 1672
4 57 1596 1584 56
4 2481 2684 2606 2605
4 2641 981 2772 965
4 2424 948 1057 1078
4 2784 1235 444 1096
4 2471 1356 2591 1394
4 719 720 631 2754
4 2459 694 607 695
4 2698 448 447 359
4 139 1810 932 1814
4 973 139 932 1814
4 2472 1738 1742 1385
4 2431 487 1288 1109
4 2701 44 1821 1829
4 212 300 2740 2786
4 2580 1401 1409 1389
4 2625 2634 2656 2675
4 2436 1135 2437 1318
4 2588 776 775 687
4 883 1624 1639 1622
4 2371 2372 2744 2384
4 2787 881 1632 1626
4 2788 2787 2573 2703
4 63 1753 92 885
4 2371 2744 2584 2385
4 2619 1852 2617 1850
4 2784 269 180 2724
4 2641 978 2614 2693
4 2772 2617 135 940
4 2641 178 2774 2733
4 2482 2406 2712 2405
4 908 1633 909 1698
4 1678 1565 1666 1662
4 1527 1643 1664 1678
4 1661 1658 1513 1568
4 1643 60 1677 1666
4 2779 2672 2515 167
4 57 1644 1680 1526
4 2467 2519 2666 1735
4 57 1591 168 167
4 1513 1680 58 1526
4 169 1589 1590 58
4 57 58 168 1578
4 2515 166 1597 1747
4 2585 2789 2524 2594
4 2538 1845 143 1848
4 2569 2379 2489 1207
4 1663 1533 1667 1557
4 2672 1592 2711 1601
4 2490 2644 2729 2643
4 2649 1074 1072 1062
4 61 1599 891 1587
4 2474 2473 2393 382
4 2767 2665 2438 2675
4 2496 2485 2790 2769
4 2767 2630 2665 2675
4 2544 2700 1711 1692
4 717 804 805 2542
4 1557 1663 1532 1670
4 2392 1039 231 954
4 690 2675 778 2656
4 2453 481 394 482
4 2661 2759 2587 2629
4 767 2552 679 766
4 1764 0 89 56
4 1762 1730 1745 78
4 1764 1754 1604 70
4 2388 1332 1285 1220
4 2520 1005 1003 988
4 1293 2396 1223 1107
4 2453 481 1195 1192
4 899 31 1605 1732
4 899 1605 1696 1732
4 2455 1787 1785 1778
4 2436 2588 2589 687
4 2456 2591 2580 2533
4 2458 869 1336 1507
4 99 1766 8 972
4 1802 941 1799 1790
4 2656 2767 2675 2630
4 1640 880 1620 879
4 650 562 2548 2647
4 749 2443 2791 2429
4 2492 1630 880 881
4 2574 1487 1484 1483
4 2607 1691 2492 1716
4 842 1342 2440 1377
4 2739 1307 1270 1114
4 2432 2418 2375 2417
4 2772 2614 987 966
4 2541 2754 2763 1340
4 2386 1218 2388 1324
4 2710 2388 1285 1220
4 2787 1612 1633 1698
4 2767 2630 2631 2665
4 2580 1336 1409 1508
4 2686 2750 2423 1071
4 1511 1653 1566 1567
4 1760 1739 977 983
4 2467 991 166 1736
4 261 29 26 1796
4 1799 99 8 972
4 2747 2423 1077 1066
4 2744 2550 2671 2752
4 1677 890 891 1599
4 1677 60 890 1599
4 2733 2619 440 2695
4 2492 1362 2428 881
4 1742 1385 1738 94
4 2470 607 1234 1128
4 2716 1165 1302 1134
4 2772 136 135 1846
4 2512 1869 141 1199
4 2508 2537 2509 2692
4 2564 2790 2616 2579
4 2619 1844 1855 1850
4 2414 1795 2666 1801
4 2436 2589 1135 599
4 2459 605 1130 606
4 2596 836 835 747
4 199 287 2792 2424
4 1190 2597 2622 2648
4 2381 190 278 277
4 69 1619 879 1615
4 69 68 879 1619
4 69 1615 879 878
4 2602 2473 2621 2603
4 2515 1762 1745 1759
4 166 167 1606 1584
4 1527 1664 59 1513
4 1553 1556 1662 1541
4 2402 1330 2781 1185
4 1553 1556 1565 1662
4 602 2675 1244 1133
4 2634 2373 2457 2456
4 2756 1786 2635 1777
4 180 179 268 2784
4 2767 2438 2665 1315
4 971 2720 2554 976
4 838 750 2429 751
4 2398 399 486 398
4 2515 2672 1728 1718
4 2392 954 229 918
4 2458 2656 869 1507
4 346 257 345 2783
4 2690 1123 522 1198
4 2675 778 777 689
4 2793 2629 2628 2422
4 2519 1795 19 18
4 416 2553 2422 327
4 2767 1314 1131 1163
4 2767 604 1163 1131
4 2767 2631 604 1131
4 2626 2794 2795 2775
4 332 2558 244 243
4 2772 2617 1846 135
4 2767 602 1163 603
4 2402 2603 2393 1216
4 2572 1481 2441 1478
4 877 1775 1788 1382
4 102 1364 1784 1382
4 102 16 1784 1364
4 1382 1784 1788 2455
4 2582 1435 1464 1455
4 1646 37 1840 114
4 2732 935 999 996
4 1683 61 1650 1535
4 2641 982 2724 974
4 2631 2630 2632 2665
4 2699 2796 1096 1239
4 2523 2758 2506 1341
4 830 2592 829 1379
4 2486 2761 555 556
4 2473 295 382 294
4 2699 1097 446 447
4 2511 1869 1156 1860
4 2740 213 300 212
4 2670 2797 2773 2782
4 2430 1193 2454 2395
4 1475 2507 2572 1377
4 2631 2458 2630 2656
4 2726 523 436 524
4 1680 1529 1528 1658
4 1528 1680 1513 1526
4 1528 1513 1658 1568
4 1528 1658 1555 1568
4 2494 2798 2433 939
4 2665 2465 1120 2691
4 2627 508 1166 507
4 1776 1777 1787 2756
4 913 1637 1731 1719
4 1731 33 121 1834
4 1731 1637 33 1834
4 1762 5 72 1602
4 6 900 1636 1687
4 2448 1486 1344 1489
4 2631 605 1131 1240
4 2758 2506 1341 1411
4 2459 2632 2470 1234
4 2411 744 656 2377
4 616 528 2511 2653
4 2556 2587 2557 2586
4 575 2429 1153 574
4 2799 1703 2780 1704
4 2522 852 1344 851
4 2780 2462 2721 1727
4 2718 1370 1500 1499
4 2529 1803 1801 1794
4 2459 1240 2631 2632
4 2632 1234 1300 1298
4 2783 2413 2690 259
4 2783 990 2778 2673
4 1660 1577 1511 1652
4 1767 13 1647 1516
4 1647 1546 1559 1544
4 1623 883 884 64
4 882 883 1639 1622
4 65 1653 1511 1652
4 65 1519 1566 1653
4 1672 1684 886 1604
4 1649 1684 1672 56
4 326 2751 325 413
4 1564 1517 1543 1671
4 1569 1682 1649 1671
4 2767 1315 1242 1314
4 2632 1130 1300 1234
4 1619 879 1618 1620
4 1619 879 1620 68
4 1620 68 1631 1619
4 2391 1323 2638 1180
4 2436 1135 600 599
4 2648 565 2412 653
4 2496 2424 2485 2769
4 2767 604 2631 692
4 255 343 2778 2576
4 2737 393 2453 305
4 2727 1796 261 1790
4 1789 437 1798 1797
4 2637 2731 2734 595
4 1583 1835 62 173
4 1784 1364 16 96
4 2585 2800 2594 2391
4 2671 2571 2797 2746
4 2588 777 688 689
4 2612 924 1000 1009
4 2496 2639 2380 2769
4 1646 1574 1515 36
4 2500 363 451 2499
4 2419 1277 2420 1179
4 2798 2757 2711 169
4 2490 2642 2644 2643
4 2555 1263 1305 1304
4 2724 181 964 2723
4 2765 500 2738 2751
4 1596 886 1672 887
4 57 1672 1596 56
4 4 1604 1684 1754
4 2507 663 751 2429
4 2419 2420 2386 1282
4 1637 1818 878 1617
4 1818 1617 123 878
4 1824 1635 69 1615
4 1824 1818 123 878
4 124 1617 1818 1637
4 2514 1405 2502 132
4 2596 658 571 659
4 2499 363 450 362
4 2601 1050 2616 2544
4 2674 860 2637 772
4 65 1566 1511 1653
4 65 1610 883 1622
4 2743 2739 1212 1323
4 2784 2796 1235 1096
4 2619 1849 1844 1850
4 1733 1720 2531 2410
4 2727 437 348 349
4 2727 347 260 348
4 2393 1216 2603 1308
4 2604 1432 1369 1453
4 2610 1247 1165 538
4 2591 1740 1761 97
4 1364 16 1765 1391
4 1364 1765 16 96
4 102 1784 1775 1382
4 2756 1774 1780 613
4 2758 815 816 1341
4 2476 2801 2802 2732
4 2500 276 189 277
4 2729 2677 547 1173
4 2404 2487 2486 2761
4 2496 194 2639 1045
4 2531 2570 1751 17
4 1646 113 1840 36
4 1838 38 1676 115
4 1826 3 1635 69
4 1648 1838 1676 115
4 3 1561 1819 127
4 1646 1554 1574 1550
4 2631 2630 2458 2580
4 782 2631 869 2580
4 2457 1504 1506 1419
4 2721 1728 2515 2672
4 2480 2785 2709 2685
4 1546 1531 1545 1681
4 2387 578 1184 1183
4 1546 1545 1544 1681
4 313 2682 2399 401
4 1717 2570 1751 1693
4 2529 1801 2666 106
4 2690 347 434 346
4 1638 2410 885 884
4 2599 476 477 1106
4 2737 927 2747 2650
4 2457 1501 1504 1419
4 2450 2688 2407 2603
4 1530 1658 1657 1555
4 2457 2634 2458 2656
4 2380 457 370 458
4 2457 2373 2372 1419
4 2523 637 726 725
4 2523 2568 2758 551
4 1349 2443 2777 1449
4 2469 582 581 1181
4 20 10 1771 1509
4 20 1771 12 1509
4 2421 239 326 238
4 2434 310 2431 309
4 2634 2456 2457 2458
4 2550 1494 2552 1496
4 2768 2799 2416 2655
4 2444 297 210 298
4 1851 1850 1842 262
4 1093 2619 2512 440
4 2617 1853 1843 1852
4 139 1810 140 932
4 1547 1531 1546 1681
4 406 2419 2535 2392
4 2436 2588 2634 2589
4 2572 2440 2441 1377
4 542 2569 2681 2754
4 307 308 219 2517
4 1569 1543 1517 1671
4 1542 11 10 1509
4 2466 1231 2636 1126
4 2467 1758 2519 1735
4 2436 2634 2588 2675
4 2459 2580 2471 2533
4 1647 1544 12 1671
4 2436 2589 2633 2437
4 2409 819 1376 818
4 62 1820 1563 2
4 2803 2785 2725 2716
4 2539 2802 2760 2616
4 2480 2685 2766 2785
4 1569 1671 1649 1542
4 57 1591 167 1584
4 2525 1023 1018 951
4 1547 1657 1511 1575
4 2793 1304 1259 1303
4 2720 1020 2525 976
4 1643 1677 60 890
4 1679 1664 58 59
4 705 2640 2514 2503
4 2619 1844 1159 1854
4 141 1869 46 1199
4 2410 1720 2384 1706
4 65 1621 1642 902
4 1647 1770 12 1552
4 2515 167 2672 1606
4 2515 1762 1736 1747
4 2759 242 1032 243
4 2599 478 2705 1293
4 166 56 1764 89
4 2779 2672 2721 2515
4 2588 688 776 687
4 1654 1656 1669 1512
4 2522 589 676 588
4 876 875 1383 2455
4 500 1114 2738 2585
4 2624 962 2711 168
4 2538 142 143 1845
4 2499 2785 1098 1246
4 2634 2436 2438 2675
4 2608 2505 2562 2559
4 2486 1182 2761 556
4 2473 297 2706 2444
4 2436 2437 2633 2438
4 1364 2455 1765 96
4 2619 1159 2512 1854
4 2651 1348 830 831
4 2501 2606 1451 1337
4 1810 932 966 140
4 2436 1135 2589 2437
4 2436 688 600 689
4 2413 99 972 1760
4 2515 1602 1582 1718
4 2683 798 1337 797
4 2683 709 797 708
4 2502 1403 1836 1405
4 2719 42 1806 1828
4 2590 420 332 421
4 2674 2734 2637 2589
4 2475 2801 2709 2383
4 2690 346 259 347
4 2674 861 773 862
4 979 1760 2413 972
4 2727 1796 1802 1797
4 2674 2718 2588 2589
4 2703 2799 2655 1701
4 2522 1344 852 1372
4 1566 1653 1539 1567
4 2571 2522 2390 2773
4 1547 1660 1657 1681
4 2747 927 1066 1085
4 2674 1346 861 862
4 2749 1061 2715 1088
4 2663 1045 1040 1044
4 2506 1412 2646 1399
4 2490 634 547 635
4 2474 2602 2473 207
4 2432 2433 2376 1043
4 2791 2704 2443 2768
4 2649 1072 2750 963
4 2662 248 337 336
4 790 1861 146 1363
4 2804 2450 2713 2578
4 2676 2644 2677 2568
4 2674 1346 2718 861
4 2435 925 1076 1070
4 2649 2750 2423 2748
4 2758 552 553 641
4 2461 2721 1717 1695
4 2720 2587 2661 2660
4 2668 2467 988 1027
4 2514 792 1393 1381
4 2640 617 529 618
4 2514 1354 1393 792
4 2658 1118 2775 510
4 2674 2718 2589 2744
4 2784 2774 443 1095
4 1424 2719 1415 1813
4 2674 2589 2637 2744
4 2524 1007 1018 1015
4 2652 2449 2389 2571
4 2375 226 930 1056
4 2674 2637 2718 2744
4 2409 730 817 729
4 2621 2622 1219 2598
4 2637 2795 2734 2731
4 2444 386 299 387
4 2402 1124 2393 2473
4 2788 1465 1471 1386
4 2610 538 1132 1247
4 1784 1364 96 2455
4 877 1775 1782 1781
4 2409 2761 2646 819
4 2637 2744 2795 2752
4 2486 1309 1335 1276
4 2524 2594 951 235
4 2571 2670 2805 2638
4 2419 492 2386 2374
4 2784 357 2699 445
4 2491 1373 812 813
4 2430 1108 2395 483
4 2686 1071 2423 1079
4 2465 2806 2520 2521
4 2779 2515 166 167
4 2637 2550 2584 2744
4 2450 1708 1711 1709
4 2637 2584 2718 2744
4 1591 1584 1606 167
4 57 1680 1571 1526
4 57 1644 1578 887
4 57 1596 1672 887
4 2493 681 768 680
4 748 749 2443 836
4 2483 734 647 735
4 2637 2752 2795 2731
4 2424 2497 284 285
4 2699 359 446 358
4 2619 263 350 262
4 1159 1844 47 144
4 2619 352 2617 2618
4 2465 517 1120 516
4 2464 2519 2462 2666
4 66 1668 903 1611
4 2581 1373 1341 1462
4 2630 2665 2570 2666
4 2371 2410 884 885
4 690 2767 2675 2656
4 1690 1725 895 1601
4 1695 1745 79 1758
4 2672 1582 894 1718
4 948 197 198 2424
4 2637 2551 2731 595
4 2454 1310 1288 1220
4 2534 320 233 321
4 2524 236 1018 1007
4 2557 2463 2461 2586
4 1609 1593 59 1579
4 1609 170 59 1593
4 2764 2661 2553 2751
4 1581 1689 897 1723
4 2597 2598 2622 2741
4 2799 2780 2771 1704
4 1224 2454 1222 1193
4 2415 2417 2762 2418
4 2519 106 1795 18
4 2783 2778 990 943
4 2785 1132 1204 1247
4 2763 810 2642 1474
4 2643 2804 2608 2735
4 2550 1494 2583 2552
4 2550 1360 1497 857
4 124 1818 1617 123
4 2640 617 618 706
4 2550 857 1497 1496
4 2502 1809 2719 1812
4 2785 1165 1247 1302
4 2790 1040 929 1030
4 2493 2637 2550 2551
4 2381 456 367 368
4 2802 2451 2544 2700
4 2607 1640 879 880
4 879 1615 1618 878
4 69 68 1619 1673
4 2492 1630 881 1626
4 879 1617 1627 878
4 879 1618 1617 878
4 879 1617 1618 1627
4 880 67 881 1641
4 2593 2610 2702 801
4 625 2766 624 2593
4 2550 2493 2552 2752
4 2550 2552 2671 2752
4 2744 2550 2584 2671
4 2397 2650 2807 2516
4 2467 166 991 960
4 2727 349 348 260
4 2550 1494 2584 2583
4 2674 773 686 774
4 973 138 139 1814
4 2791 1467 837 1468
4 2534 231 232 320
4 2727 261 941 1790
4 2413 260 2727 259
4 2583 1492 1490 1372
4 2698 2615 2498 2709
4 2519 1758 19 1735
4 2467 2666 2673 101
4 45 1837 966 140
4 2707 1689 2757 1594
4 2546 1595 2707 1608
4 2645 1471 1461 1470
4 2707 1598 1608 1581
4 2707 1581 1689 1594
4 2789 2594 1028 1025
4 2775 421 2590 422
4 2613 2566 2708 2565
4 2784 445 2699 1096
4 2674 1502 2718 1346
4 2625 1351 1503 864
4 2658 1118 510 511
4 2793 1303 2731 1258
4 2780 1705 1703 1727
4 1452 2567 1347 2694
4 2430 308 396 307
4 2734 595 1170 596
4 2645 2572 2788 1471
4 2499 2498 275 274
4 2500 363 276 364
4 2619 1855 1852 1850
4 2698 2699 359 447
4 1731 121 1815 1834
4 1809 1403 1836 1832
4 2513 2502 2719 134
4 2491 724 637 725
4 1771 1509 10 11
4 2645 1465 1461 1471
4 961 2783 2673 990
4 2635 1776 1777 105
4 2744 2384 2780 2745
4 2530 2752 2770 2746
4 2645 2788 1465 1471
4 2378 808 721 809
4 2460 462 375 463
4 2653 705 792 704
4 412 2751 413 325
4 1467 837 2443 2791
4 2777 2479 2477 1437
4 2787 1632 882 1639
4 2777 2401 2479 2443
4 2777 2401 2477 2479
4 2660 1026 1029 1035
4 2443 1467 2791 2645
4 2552 1345 856 1496
4 2415 2762 2805 2420
4 825 826 738 2567
4 2552 679 766 2746
4 2543 2614 2701 1805
4 2539 1021 2540 2383
4 2642 812 1373 1352
4 2639 2382 2381 2380
4 2645 2572 1471 1470
4 2517 219 306 218
4 2592 2412 2648 2808
4 836 2596 1349 2443
4 2673 1741 100 1760
4 2777 1465 1437 1449
4 2691 2659 2665 2464
4 2459 2471 2528 2533
4 2544 2546 2707 1050
4 2643 2564 2451 2804
4 2631 869 2580 2458
4 2558 2628 2759 243
4 2734 595 1255 1170
4 2686 953 1067 1075
4 2694 1347 1439 1378
4 1784 1364 1392 1382
4 1382 1784 2455 1392
4 2652 2753 2571 2638
4 2556 2667 1010 992
4 2718 2584 1370 1499
4 2600 702 1867 614
4 57 1517 1672 56
4 2580 783 870 782
4 2571 2805 2670 2773
4 2667 1010 992 975
4 2585 2391 498 1113
4 2718 1436 1495 1500
4 1842 1849 48 350
4 2680 289 202 290
4 2701 1848 43 44
4 2678 619 2510 531
4 2508 2653 2640 2537
4 2512 1228 1312 1093
4 2787 1699 1688 1698
4 521 2690 2526 1123
4 2576 2778 2657 343
4 2426 2479 2478 2595
4 2763 1477 1474 1472
4 2571 2670 2638 2753
4 2652 760 671 672
4 2734 2731 2795 1208
4 30 1825 1603 109
4 1839 1646 1515 36
4 62 61 1650 1587
4 1585 173 1586 172
4 2689 1307 1175 1212
4 2411 831 743 832
4 2765 1307 2770 2739
4 2493 1258 593 1140
4 2776 425 2659 513
4 2399 2418 2682 2495
4 2548 823 735 736
4 2701 1848 2692 43
4 1625 1641 1632 881
4 65 1642 66 1519
4 2548 1378 2809 2482
4 2409 817 730 818
4 2695 1094 1228 440
4 442 353 2733 354
4 2810 2518 2704 2416
4 2652 671 2753 583
4 12 11 1509 1771
4 1147 2652 2753 583
4 2378 545 1137 546
4 2523 2568 550 549
4 2565 1178 1214 1309
4 1635 1619 906 1673
4 905 1673 906 1619
4 905 68 1645 1673
4 2482 2811 2712 2406
4 2491 2644 2523 549
4 2378 1137 2489 2729
4 2378 2754 2489 544
4 1767 1647 13 76
4 2719 1827 2505 1828
4 2593 801 1369 800
4 2601 2484 2549 2749
4 2514 1393 1405 1381
4 2565 1176 1309 1214
4 2812 2623 2686 2423
4 385 384 472 2473
4 2531 1763 1634 885
4 2811 733 821 820
4 79 1758 1750 1717
4 2376 1042 1046 1043
4 1674 1647 1534 1576
4 2652 672 671 583
4 1546 1660 1647 1534
4 2531 1634 1763 1733
4 1826 32 1635 122
4 1826 1635 1685 69
4 2513 134 42 1865
4 2719 1813 1807 1827
4 1807 878 40 1424
4 61 1666 1677 60
4 1678 1553 1527 1565
4 1589 1579 889 59
4 1527 1661 1553 1678
4 1683 1554 1537 1535
4 2637 771 860 859
4 63 1 92 1753
4 2652 2390 2571 2389
4 63 1 1755 1687
4 1647 1516 1559 1576
4 66 903 1642 1621
4 2652 2743 2638 2571
4 1549 1648 1518 1570
4 1551 1646 1574 1550
4 2652 2638 2743 584
4 521 520 2657 433
4 2703 2799 2768 2655
4 2394 2452 1295 569
4 2751 237 238 326
4 2434 2430 308 309
4 2409 555 642 554
4 2599 478 389 390
4 2567 2694 2478 2809
4 2732 2693 2614 993
4 2614 2701 1805 137
4 2784 355 2774 267
4 1763 1733 7 82
4 2584 1370 1360 859
4 2532 2462 2744 2384
4 1746 1634 1629 85
4 2568 1172 549 1264
4 2772 1856 2538 137
4 585 2390 2743 2652
4 2549 2749 2424 1057
4 1643 1678 60 1666
4 2652 673 760 672
4 2511 1872 141 1869
4 2754 719 718 630
4 1773 23 701 1780
4 1773 1780 701 1781
4 2510 531 618 530
4 2758 815 728 816
4 2639 193 280 192
4 2798 170 2757 169
4 2504 1463 1402 1395
4 888 1578 1644 887
4 2434 2398 2810 2431
4 2646 819 2761 820
4 2402 1185 2403 1280
4 169 1589 1593 1590
4 1670 1518 1558 1532
4 1648 1518 1670 1667
4 905 1631 68 1619
4 67 1620 1631 1611
4 2505 1828 1815 1694
4 1648 1670 1518 1673
4 2547 2441 2468 1375
4 2643 2729 2564 2769
4 2669 2671 2385 2448
4 2439 1224 2454 1155
4 2802 2730 2451 2700
4 1762 5 1602 1730
4 2515 1762 1730 1745
4 2412 741 653 742
4 2516 925 220 219
4 2542 2609 2569 2716
4 2574 2547 2441 2670
4 2383 1021 1016 1006
4 2399 1110 2388 1220
4 1654 1669 1668 1512
4 2394 1331 2395 1224
4 2524 2751 2738 412
4 1525 1655 1520 1656
4 2455 1761 96 97
4 255 254 342 2576
4 2637 1370 2584 859
4 2668 2520 2778 2806
4 719 631 630 2754
4 2460 287 375 374
4 2473 953 208 207
4 2593 800 711 712
4 2381 453 2725 2500
4 2679 2613 291 379
4 2790 1040 1033 1036
4 2490 2642 2491 2644
4 1695 1758 79 1717
4 2531 1734 2570 17
4 2620 1042 2376 1037
4 2547 2449 2753 2670
4 2481 534 2684 1129
4 2480 1097 1243 1333
4 2693 2695 2724 2692
4 2474 294 2473 382
4 2467 991 1736 1743
4 2447 2568 2676 1322
4 2395 1108 1193 1224
4 2482 1427 2694 1420
4 2512 1854 141 1847
4 179 2774 2784 2724
4 2547 1375 2468 845
4 90 1749 1560 0
4 90 1768 1560 1749
4 2543 999 980 173
4 2648 2412 741 653
4 2402 2393 2603 2473
4 2690 2727 2413 2414
4 2466 699 786 698
4 2570 2519 2462 1717
4 2776 424 425 513
4 2556 2587 2558 2557
4 219 2737 2516 956
4 2625 866 865 777
4 339 338 426 2521
4 2690 2726 2636 1198
4 2547 2468 2753 845
4 2469 1181 581 1278
4 2699 181 2724 2723
4 2447 1176 1214 1104
4 287 288 200 2792
4 1717 2570 2519 1751
4 1542 1768 90 10
4 1569 1517 1672 1682
4 2547 2468 2469 2753
4 2779 167 970 985
4 1543 1509 1544 1671
4 1543 1544 1545 1671
4 2691 2659 2438 2665
4 2614 993 2693 978
4 2766 1132 2785 1247
4 2480 2785 2766 1204
4 2591 1406 1391 1416
4 2559 2582 2643 2608
4 823 2483 2548 735
4 2582 1455 1464 1388
4 2451 1711 1713 1709
4 2547 2469 2468 2441
4 2617 1850 1851 262
4 2511 526 1156 527
4 2538 1847 142 1845
4 2507 577 2440 665
4 2674 861 1370 860
4 785 872 873 2471
4 2531 1751 1757 17
4 2547 2753 2469 2670
4 2515 1695 1730 1718
4 2672 1718 894 1690
4 2547 2469 2441 2670
4 2566 1092 1275 468
4 207 294 2474 206
4 2758 641 553 554
4 2419 494 1277 1179
4 2489 1306 1137 1257
4 2758 2486 2487 2409
4 2793 2422 2628 505
4 1244 2438 2675 2767
4 1586 2546 172 1608
4 1594 1598 1600 170
4 65 883 882 1622
4 2547 846 2753 847
4 1678 60 1666 1565
4 1661 1568 1513 1540
4 1678 1553 1565 1662
4 1655 1657 1658 1555
4 1661 1527 1540 1513
4 2628 331 2627 419
4 2767 1163 604 603
4 2547 1343 1375 846
4 830 2592 1379 2651
4 1542 11 1768 10
4 2756 787 2455 699
4 2466 1231 2470 2636
4 2669 1487 2448 1488
4 2652 759 2753 671
4 2410 1638 1614 1624
4 882 1639 1625 1622
4 1547 1657 1575 1681
4 2711 168 962 1048
4 2624 2672 2771 2721
4 2687 171 2707 2757
4 2394 1194 1326 1331
4 2547 2449 2574 1483
4 2740 214 2747 302
4 1660 1653 1511 1657
4 2755 2573 2745 2670
4 2434 308 221 309
4 2415 2805 2670 2469
4 2699 357 270 358
4 983 1760 1739 1741
4 2783 942 943 990
4 2683 2604 1445 798
4 2680 1090 950 1088
4 2583 2448 2385 2671
4 2583 2746 2671 2552
4 2753 846 759 847
4 57 1680 1644 1682
4 2721 1728 2672 1726
4 2583 2746 2552 1372
4 2515 1728 1695 1718
4 2490 2677 2729 2644
4 330 243 242 2759
4 2780 2721 1705 1727
4 346 345 434 2690
4 1680 1528 1529 1526
4 2515 1602 1597 1582
4 2583 2385 2584 2671
4 2639 2382 2564 2790
4 2669 2574 1487 1484
4 2491 637 2523 725
4 2737 217 304 216
4 2475 936 2498 944
4 2583 2671 2550 2552
4 2583 1488 2448 1490
4 2783 256 2778 943
4 2723 2796 2685 2692
4 2491 2523 2644 2581
4 2570 2462 1693 1717
4 2604 1432 2504 1451
4 2505 1834 1731 1815
4 2561 1413 2505 1395
4 1648 1561 1570 1548
4 2641 978 2772 2614
4 2379 1254 1101 1209
4 2577 2578 2687 2688
4 2663 1044 1040 1047
4 2776 513 2659 512
4 2413 2727 1802 1793
4 2555 1304 1140 2530
4 716 2717 2542 2681
4 1649 1542 1671 1768
4 1542 1768 11 1671
4 1560 1749 1754 0
4 1560 1754 56 0
4 1560 1684 1754 1749
4 2734 1327 2437 1252
4 2469 1217 2420 1278
4 2674 862 775 863
4 2563 458 1260 1169
4 2699 271 358 270
4 2600 790 1868 702
4 357 2784 269 268
4 1785 98 2591 97
4 2690 435 2726 523
4 2466 699 2455 787
4 2472 2533 2531 1734
4 2511 614 1867 1866
4 1866 55 614 54
4 2653 2511 1125 528
4 2431 1109 485 486
4 2555 1115 1262 1305
4 788 787 875 2455
4 1742 1385 94 93
4 2599 2786 476 1106
4 2378 721 808 720
4 2640 2653 1125 528
4 1050 2545 2616 2544
4 2569 1251 2725 1207
4 2514 1387 1393 1354
4 2504 1395 1384 1418
4 2502 1809 1812 1832
4 2710 1289 575 1153
4 2652 673 2389 761
4 146 1870 1363 1861
4 41 146 1870 1363
4 2587 2759 2558 2629
4 1760 972 977 1766
4 88 991 1736 9
4 1668 1669 67 1512
4 1630 1632 881 1626
4 2669 2410 883 1491
4 1824 40 1818 878
4 2532 2570 2462 2384
4 2783 942 256 943
4 2440 666 577 578
4 2599 301 388 300
4 141 46 1854 1199
4 52 790 1861 146
4 2653 704 616 705
4 2719 2728 42 1828
4 2480 1241 1313 1333
4 2505 1834 1815 1827
4 589 678 2530 2746
4 2626 1256 1303 1117
4 1680 1664 1658 1513
4 2651 1454 2592 1379
4 2432 930 1054 1056
4 1761 1416 2472 2591
4 2467 1759 1735 1741
4 2483 735 822 734
4 1411 2409 2758 2487
4 2473 385 384 297
4 2716 1302 1205 1134
4 2504 2561 2728 2505
4 2581 2582 1450 1455
4 2787 1633 1612 1624
4 2787 1632 1612 1626
4 65 902 1642 1652
4 2522 2746 2448 1344
4 1837 2772 2614 1831
4 2614 987 932 984
4 2784 1235 2796 1095
4 2537 1873 2514 1864
4 1159 144 1854 1844
4 47 1849 1844 438
4 2595 2696 1702 2655
4 2804 2562 2608 2451
4 2684 1334 2796 1299
4 2460 287 2792 288
4 2774 266 179 267
4 2758 552 639 551
4 2499 2498 274 362
4 820 2646 2811 2761
4 66 1625 882 881
4 2395 482 1195 481
4 1609 170 60 59
4 171 60 1609 170
4 60 890 1599 1579
4 1643 1527 59 60
4 2735 2736 2582 2506
4 62 1675 1572 1563
4 1839 1675 1646 113
4 2563 1260 2536 1102
4 1839 1646 1675 1515
4 62 1650 1603 1587
4 2599 302 390 301
4 2785 1302 1204 1246
4 2381 280 368 279
4 2573 2799 2745 2782
4 2631 693 604 605
4 1359 2584 1493 2385
4 46 1156 1199 1869
4 2467 2515 1758 1759
4 2515 1597 1606 1582
4 2546 1605 1585 1833
4 2404 1335 2566 1308
4 2600 1874 132 1864
4 2600 132 2514 1864
4 1549 1538 1667 1550
4 1549 1557 1667 1538
4 2577 2696 2757 1724
4 2720 2587 2556 2586
4 1511 1575 1657 1567
4 1547 1575 1531 1681
4 2389 1485 1374 1486
4 1546 1660 1681 1647
4 1575 1657 1531 1681
4 63 1616 1753 885
4 2710 576 663 575
4 2645 2703 2788 2768
4 2439 572 660 571
4 2628 418 329 330
4 343 430 2576 342
4 2776 513 512 424
4 2601 2579 2577 2544
4 2708 2446 2484 2680
4 2701 1805 44 1829
4 2544 2707 1729 1712
4 2747 304 215 216
4 2698 448 359 360
4 2614 1805 1811 137
4 2734 595 2731 1255
4 2583 1344 2746 1372
4 1666 1565 1514 1556
4 1537 1683 1535 1573
4 2482 822 823 1440
4 1666 1514 1573 1665
4 2447 2488 2568 1144
4 2663 1065 196 923
4 2749 1051 1061 1088
4 2534 408 321 409
4 2656 866 779 867
4 37 36 1551 1840
4 1518 1667 1549 1557
4 2482 822 2811 2483
4 2725 1207 1251 1206
4 2429 575 2710 663
4 2601 1050 2707 1049
4 1697 907 1634 1733
4 1640 1627 879 1618
4 2581 1450 2582 1429
4 1612 910 1688 1626
4 2690 2727 2726 435
4 2726 436 523 435
4 2472 1407 2591 1416
4 2632 2526 1298 1237
4 2611 1009 2667 975
4 65 64 1610 1652
4 2477 2808 2478 2401
4 2435 1054 2495 1064
4 1542 11 1509 1671
4 2529 1801 2414 2666
4 2632 1240 1203 1300
4 2666 1801 1795 106
4 2657 2778 2664 2527
4 2760 2382 2379 2381
4 1648 1570 1676 1548
4 2398 223 310 222
4 1530 1659 1531 1657
4 2793 505 1116 504
4 2419 405 318 406
4 71 1597 1752 1747
4 2515 1730 1762 1602
4 2672 167 985 934
4 1846 2619 1855 1852
4 6 1636 1755 1687
4 63 1562 1674 1576
4 2433 2620 2376 1037
4 2793 1304 2555 1259
4 2599 1189 2598 1106
4 2522 2746 1372 853
4 2441 1482 1478 1481
4 2440 841 1377 2507
4 1411 817 2758 2409
4 2717 2716 2610 2609
4 2451 1711 2700 1713
4 2712 2425 2736 2405
4 2480 2766 2481 1161
4 67 1620 1611 1641
4 905 1645 68 1631
4 1670 1557 1518 1532
4 2503 794 707 795
4 2610 2785 2609 2716
4 940 1837 2772 966
4 504 2555 2793 2422
4 2452 2596 2377 569
4 1676 1510 38 1548
4 37 36 1857 1551
4 2811 821 733 822
4 226 315 227 2375
4 2663 2424 2549 2485
4 1530 1659 1529 1531
4 2728 1713 2451 2700
4 1522 1661 1525 1656
4 2374 316 403 315
4 2371 2745 2385 2410
4 2435 2807 2494 1053
4 2620 2534 1038 1028
4 1642 1621 903 902
4 2569 2489 2754 543
4 1826 1685 1635 32
4 2650 1086 927 1085
4 2621 1186 2473 472
4 2490 724 811 723
4 2681 2716 2717 2542
4 2600 2514 132 1381
4 2508 2695 2774 1232
4 2409 555 2486 2761
4 2756 1781 877 789
4 2471 2591 1350 1394
4 2635 1297 2726 1158
4 1363 132 41 1396
4 2683 2604 798 799
4 2600 791 792 1381
4 226 225 2375 930
4 2763 809 1474 1340
4 2500 363 364 451
4 2386 2419 2762 2420
4 2523 726 637 638
4 2522 676 589 677
4 1676 1510 1549 1550
4 1557 1663 1670 1667
4 1841 1676 37 1510
4 1655 1555 1658 1568
4 2735 2582 2714 2506
4 2743 584 1145 585
4 2413 100 99 1760
4 2529 106 1776 105
4 769 2493 768 2552
4 2467 983 2673 997
4 2699 2698 914 2723
4 1522 1661 1553 1540
4 2392 231 230 954
4 2496 283 284 372
4 429 2576 2465 2664
4 2588 2675 777 689
4 2539 1021 2383 1006
4 2784 269 2699 357
4 2618 176 933 177
4 1312 2695 1094 1228
4 2792 199 2424 1078
4 2639 281 194 282
4 2728 2700 2692 43
4 2505 1694 1731 1719
4 2784 443 2774 355
4 2532 2372 2373 2384
4 769 2550 858 2551
4 2627 508 509 1166
4 2390 673 586 674
4 2559 2581 2642 2643
4 879 1619 1618 1615
4 748 836 2596 747
4 2411 655 744 743
4 2404 2487 2761 2811
4 1549 1648 1667 1518
4 1635 1685 69 1673
4 2635 1794 2529 105
4 2474 205 204 952
4 793 705 2514 2503
4 1635 1685 906 32
4 2452 1154 1295 569
4 2745 2782 2780 2797
4 1623 883 1622 1624
4 2410 1634 1697 1614
4 2511 1311 1156 1199
4 2701 1805 137 44
4 1583 62 61 172
4 2707 1689 1581 1723
4 2457 1504 1501 1503
4 2767 2631 2656 692
4 2788 2703 2573 2768
4 2399 1187 2682 2388
4 2532 2384 2531 2570
4 2412 742 655 743
4 1661 1664 1678 1527
4 904 1631 67 1645
4 2505 1694 1722 1828
4 1585 1583 1823 110
4 2767 1203 1120 2665
4 2635 1783 1158 104
4 2767 2665 2631 2632
4 2612 247 334 246
4 2734 1252 2589 598
4 2714 2804 2568 2644
4 1588 60 61 1599
4 2474 294 382 293
4 2707 172 1608 171
4 2397 2650 2748 2807
4 2680 2792 2484 2749
4 2400 1223 1294 1188
4 2455 877 2756 1788
4 2559 1460 1480 1426
4 2563 2769 2729 2677
4 622 2481 534 2678
4 2480 1243 1204 1333
4 2582 1464 2425 2492
4 2600 1861 1363 1870
4 2640 2514 2653 705
4 2760 2616 2802 2382
4 2499 449 361 450
4 2445 696 783 695
4 514 515 427 2691
4 2436 600 601 689
4 2553 504 2555 1116
4 2421 916 2660 949
4 2532 2384 2373 2531
4 433 521 2690 2527
4 2465 340 429 428
4 2540 190 277 189
4 2647 2781 2622 562
4 2624 2711 2771 2672
4 2737 306 393 305
4 2468 2387 668 667
4 1823 125 1835 173
4 2456 2458 1508 1505
4 2791 837 749 838
4 2598 1325 2622 1286
4 2647 740 651 652
4 2394 1191 571 570
4 2599 302 2740 2747
4 207 2474 2602 920
4 2551 682 595 683
4 2743 1145 1274 1323
4 2641 933 2618 959
4 2411 744 655 656
4 1211 1171 2497 2676
4 2474 293 380 292
4 2568 2758 2488 2714
4 2530 589 2770 1265
4 2793 2731 2493 1258
4 2463 2752 2744 2780
4 1697 908 1614 907
4 2625 2675 2656 778
4 2574 1484 1478 1482
4 2550 2584 1494 1498
4 2424 1057 2749 1078
4 2669 2670 2449 2574
4 2411 1348 831 832
4 2440 579 667 578
4 2392 2376 2374 2762
4 2598 1284 1105 1219
4 2652 847 2753 759
4 2787 2410 1633 1624
4 62 1675 1686 1650
4 1666 1662 1565 1556
4 2686 2706 2602 953
4 2496 2639 2769 2790
4 2455 876 877 1382
4 24 701 23 1780
4 2617 1851 1843 174
4 2619 350 1850 262
4 2540 2500 1016 188
4 2540 365 2500 277
4 1819 69 1685 1648
4 1683 1665 1537 1554
4 2379 2725 454 1167
4 1646 37 1676 1550
4 2678 2683 2501 708
4 2552 679 680 767
4 2570 2462 2384 1693
4 594 2731 1139 2493
4 1610 901 902 1652
4 2736 2506 1399 1447
4 2567 826 827 1347
4 2749 1083 1051 1088
4 2520 1022 988 1003
4 1569 1649 56 1560
4 2723 982 989 914
4 2447 2676 2488 2713
4 2793 505 1259 1116
4 2620 1031 2554 1034
4 2491 636 549 637
4 2636 1297 1200 1198
4 2413 99 1802 1799
4 2413 957 972 941
4 433 432 520 2657
4 2467 1736 1759 1743
4 1761 1765 2455 96
4 2788 2755 2572 2573
4 2507 576 2710 577
4 882 1632 1625 1639
4 2483 2403 2548 647
4 2699 1096 446 1239
4 2512 1093 1312 1311
4 2525 2421 916 2660
4 2556 1010 2557 1001
4 2474 2393 2603 2566
4 224 2398 2399 2495
4 2564 2760 2725 2730
4 2683 710 623 711
4 2680 2484 2715 2749
4 2404 1335 2486 2565
4 2676 2568 2677 1264
4 2651 830 2592 2808
4 2776 2612 2662 248
4 2583 1492 1494 1493
4 1547 1657 1660 1511
4 2425 2482 1420 2736
4 2454 1292 2431 1109
4 409 2534 2594 321
4 421 2627 2775 2590
4 2716 1205 1251 1134
4 2767 604 691 603
4 2753 669 581 670
4 289 2792 2680 201
4 2508 2640 2653 1125
4 2499 2498 2709 2383
4 2619 1849 350 438
4 2637 1370 2718 2584
4 2581 1459 1455 1450
4 13 14 1772 1552
4 1006 2475 1004 936
4 2402 2406 2404 2403
4 2461 2519 2668 2467
4 2461 1758 2467 2515
4 2496 1044 194 1045
4 2678 1127 2509 1236
4 2754 1340 807 808
4 87 86 1739 977
4 2667 1009 1010 975
4 2546 172 2707 1050
4 2390 761 674 762
4 2793 2493 2555 1258
4 2459 2631 1240 605
4 2733 265 352 264
4 1551 1574 1646 36
4 2546 1605 1833 1732
4 2699 446 359 447
4 166 1736 9 1747
4 1764 1604 1584 70
4 1764 56 1754 0
4 1764 1754 56 1604
4 1752 166 89 9
4 1752 1584 166 1597
4 1764 1604 56 1584
4 1752 1764 166 1584
4 1751 80 2519 1717
4 6 1755 77 1687
4 1755 1636 83 1
4 1634 1746 1629 885
4 2732 989 2723 982
4 2682 2388 1187 1283
4 2700 2692 2701 2801
4 2728 2451 2730 2700
4 2467 1739 1743 1741
4 1661 1553 1678 1662
4 2672 1690 2711 1726
4 58 1513 59 1664
4 1564 1659 1682 1671
4 1684 1604 56 1754
4 323 2524 235 2594
4 2392 317 228 229
4 1478 2788 2755 2572
4 2645 1465 2777 1449
4 1551 1510 37 1550
4 2616 937 1050 1041
4 2784 444 445 1096
4 1826 1685 3 69
4 1637 878 1627 1617
4 904 67 1631 1611
4 1147 2753 1181 582
4 2572 2768 2573 2575
4 2743 2689 2390 586
4 472 385 2473 2621
4 59 169 1593 170
4 2558 244 917 947
4 2717 1368 802 803
4 2678 533 1162 1129
4 1788 1382 2455 877
4 2701 2693 2692 1848
4 1762 78 5 1730
4 2711 1592 1580 1601
4 2467 1739 986 1743
4 2707 1581 1595 1723
4 1589 59 58 169
4 2399 2388 1110 1187
4 2736 1420 1464 1435
4 2639 2380 280 281
4 2500 365 452 364
4 2505 1722 2728 1828
4 2756 613 701 612
4 1839 1515 1675 1563
4 2425 1408 1362 1469
4 2504 1384 2719 1434
4 2504 2505 2719 1384
4 2604 2606 1445 1451
4 1648 115 116 1819
4 2776 247 2612 248
4 2466 2635 2756 611
4 2628 506 419 507
4 1661 1664 1527 1513
4 1663 1665 1536 1662
4 2394 2704 2395 2397
4 2456 2373 2457 1419
4 2489 1138 544 543
4 2619 351 352 440
4 940 1837 135 2772
4 2746 2797 2770 2773
4 2738 2764 2661 2722
4 2380 1169 457 458
4 286 197 285 2424
4 2383 2803 2709 2499
4 2439 571 660 659
4 575 2429 2710 1153
4 1533 1667 1557 1538
4 2578 2602 2715 2686
4 2611 975 1022 1019
4 2493 768 681 769
4 2771 2800 2442 2722
4 2526 1200 1298 1233
4 2508 1095 2796 1301
4 2496 2497 2424 2769
4 462 374 2424 2460
4 2675 1133 2436 2438
4 1842 1850 1849 350
4 2699 358 271 359
4 1613 911 1714 1691
4 2456 2457 1505 1419
4 1531 1657 1659 1681
4 2474 2566 380 381
4 169 2757 1600 170
4 2646 2482 2712 2736
4 1820 62 1563 1675
4 2454 1224 1222 1155
4 2649 963 1063 1072
4 2795 2463 2794 2587
4 2477 2651 2478 2808
4 2611 2662 2521 2659
4 2718 2372 2584 1359
4 2456 1404 1407 1425
4 2767 691 604 692
4 2756 1780 1786 1781
4 2583 1489 2448 1344
4 2469 1150 1217 1278
4 2391 2535 496 1112
4 2775 1118 1319 1327
4 2409 1412 818 1376
4 2734 1208 2795 1327
4 2508 1125 1312 1230
4 2439 2429 749 661
4 2787 1688 1612 1698
4 2614 993 978 984
4 2438 1248 1317 1133
4 252 251 339 2465
4 100 2673 101 1741
4 2584 1494 1498 1493
4 2455 1787 1776 1785
4 2455 1356 874 1383
4 2690 2529 2636 2726
4 2519 1750 1751 18
4 2553 415 502 414
4 497 409 2585 410
4 2631 604 1131 605
4 2737 2516 956 1086
4 2583 2552 1492 1372
4 2596 657 570 658
4 2796 1096 1239 1299
4 1293 2396 1107 2705
4 2741 2621 2598 2622
4 2786 388 387 299
4 2396 2453 1195 1192
4 2753 583 670 582
4 2536 1102 458 459
4 1672 1649 56 1569
4 2453 394 2517 482
4 2504 2728 2561 2605
4 1857 35 1551 36
4 2724 974 964 928
4 2641 933 178 177
4 1769 1671 1509 11
4 684 2674 2637 772
4 168 1590 1591 1578
4 1580 895 1725 1601
4 1580 896 1725 895
4 2757 1594 2711 1600
4 2467 986 997 960
4 57 167 56 1584
4 2544 2543 2701 1729
4 1837 2772 966 2614
4 1583 173 62 172
4 2393 383 470 382
4 2460 376 463 375
4 2621 472 385 473
4 1556 1666 1662 1665
4 1589 1590 58 1578
4 1666 1565 60 1514
4 1528 1680 1658 1513
4 57 1672 1644 887
4 2637 2551 771 859
4 2767 1314 1203 1131
4 2484 2460 2446 2708
4 2475 944 2698 914
4 2763 2490 2378 2729
4 1592 168 1607 1590
4 2420 1217 1179 1328
4 2707 1712 1696 1729
4 1583 62 1587 61
4 2585 1270 2739 1113
4 2624 2586 2672 2721
4 332 2558 243 2627
4 20 1552 12 1772
4 972 1799 2413 941
4 14 20 1772 1552
4 2617 264 352 263
4 2511 1156 1869 1199
4 361 2615 2499 2498
4 1844 1159 47 438
4 2512 1311 1312 1226
4 2619 2538 1846 1847
4 1767 1647 1674 1516
4 2664 517 430 518
4 2635 2466 2455 2528
4 1683 1666 1573 1665
4 2511 2512 1226 1311
4 2514 1864 132 133
4 1556 1536 1662 1541
4 1665 1536 1556 1514
4 2380 370 457 369
4 62 1650 1683 1675
4 1589 1579 59 1593
4 1556 1666 1665 1514
4 2577 2578 2688 2450
4 2767 2656 691 692
4 2524 236 323 235
4 1647 1534 1559 1546
4 2467 986 991 1743
4 521 2526 2690 2527
4 2546 1586 1585 1595
4 808 720 719 2754
4 1527 1661 1540 1553
4 2788 2573 2787 2755
4 65 66 1642 1621
4 1623 884 883 1624
4 2466 2528 2471 2455
4 1660 1577 64 1534
4 2734 1170 1208 1136
4 2733 2619 352 440
4 2447 1322 1103 1269
4 2772 965 981 987
4 2704 2518 2397 2655
4 1646 1840 113 114
4 1820 62 1675 1686
4 2614 978 987 984
4 61 1677 891 1599
4 797 708 2501 2683
4 2543 2545 999 173
4 625 2766 2593 2610
4 2542 805 806 1371
4 2657 1122 2526 1237
4 2457 1419 1506 1505
4 2455 1392 1406 1383
4 2546 1585 173 1833
4 2758 2486 2488 2487
4 2638 2753 2469 1181
4 2466 611 698 610
4 247 2776 334 335
4 2466 610 1126 611
4 2715 1089 1091 952
4 2559 2561 1460 1426
4 2466 609 610 698
4 2727 1797 1804 1791
4 1158 1157 25 1783
4 2436 687 2589 599
4 2588 1503 1501 1502
4 2775 421 422 510
4 2619 351 440 439
4 2619 350 1849 1850
4 2774 267 354 266
4 891 892 1650 1587
4 1646 1538 1554 1550
4 2577 2450 1708 1711
4 2474 920 205 952
4 2466 611 1126 1229
4 1625 65 1621 66
4 2689 589 1143 1265
4 2576 254 915 255
4 2634 2372 2457 2373
4 2566 1275 1092 1308
4 2565 1178 1309 2486
4 2473 382 295 383
4 2456 1409 1414 1508
4 2507 841 840 752
4 2652 2743 585 584
4 1833 1721 117 1816
4 1721 1692 118 1829
4 2725 1205 1249 1206
4 2604 1369 2702 1453
4 2601 2707 2687 1049
4 2559 2643 2562 2608
4 262 50 1851 174
4 2787 2703 2428 1700
4 2434 310 2398 2431
4 1660 1511 1653 1652
4 768 680 2552 2493
4 2563 2497 2769 2677
4 2466 2636 2470 2528
4 2698 448 2615 447
4 2745 2780 2799 1703
4 2649 1087 2750 1072
4 2466 2470 2471 2528
4 2523 2506 2581 1341
4 2627 509 420 421
4 2534 321 408 320
4 2480 1243 2615 1098
4 2632 2664 2528 2527
4 2571 2449 2670 2753
4 2533 1785 1776 1779
4 187 2498 936 186
4 2647 2622 563 562
4 314 225 2682 2375
4 2690 346 345 2783
4 2465 251 2521 1008
4 12 1509 1544 1552
4 2386 1282 2420 1217
4 1544 1681 1545 1671
4 2462 1717 2721 1727
4 2657 433 432 345
4 1609 59 60 1579
4 1586 173 1583 172
4 31 1833 1605 1732
4 1588 172 61 171
4 2502 1415 2719 1809
4 986 1739 87 1743
4 86 972 1766 977
4 2410 1634 1733 1697
4 2534 233 320 232
4 2558 2629 2557 2587
4 2751 2553 414 326
4 2732 989 982 993
4 323 2524 2594 2585
4 2399 2810 1288 1220
4 2496 2536 370 371
4 2402 2473 2621 1186
4 2630 2570 2665 2462
4 983 1760 1741 2673
4 2488 2676 2804 2713
4 436 2726 525 2727
4 2612 2557 2590 2775
4 1809 1403 129 1836
4 38 37 1858 1510
4 2558 244 2590 332
4 1564 1682 1517 1671
4 2716 1165 2785 1302
4 2498 273 362 361
4 2674 775 862 774
4 2499 361 2498 362
4 2387 580 2469 668
4 2492 1388 1464 1469
4 2543 1830 2614 1805
4 2732 2723 2693 982
4 2772 2538 1856 1846
4 521 2526 2527 2657
4 2552 2746 854 1372
4 2457 2718 1501 1436
4 2576 341 254 342
4 2556 992 1001 1029
4 2425 1362 2426 2492
4 2371 884 1428 885
4 1654 1519 66 1642
4 2678 1162 2684 1129
4 2610 2716 715 627
4 198 197 286 2424
4 2545 1024 999 937
4 2532 2630 2570 2533
4 2776 336 335 247
4 2765 2770 2738 2739
4 2601 2687 2577 2715
4 2720 2661 2587 2722
4 2647 651 563 652
4 2430 1108 483 484
4 2507 663 2710 576
4 2619 2512 1847 1854
4 2510 2501 2606 2503
4 172 2545 937 1050
4 1551 1646 1840 36
4 2577 2450 2696 1708
4 2783 2414 2527 2690
4 57 1672 1517 1682
4 1602 1730 5 893
4 2777 1449 1437 1349
4 1036 2601 2616 2549
4 2647 2648 740 652
4 2577 2687 2578 2715
4 2502 1403 1405 1410
4 2758 1341 816 1411
4 2411 2808 2412 830
4 2538 2512 2619 2695
4 2717 2610 2716 715
4 2662 337 248 249
4 2532 2462 2633 2744
4 2470 1128 1234 1298
4 2795 2629 2752 2587
4 2771 2721 2672 1726
4 971 2720 2624 2554
4 2493 681 2551 769
4 2630 2634 2665 2675
4 2532 2570 2531 2533
4 1542 1560 90 1768
4 1680 1529 1658 1659
4 2515 1606 2672 1582
4 2698 2480 2699 447
4 2712 2405 2406 2407
4 2421 240 2422 328
4 2402 1280 1216 1281
4 2420 1277 1112 1215
4 2393 1308 2566 1092
4 2600 1868 1867 702
4 2600 1867 2511 614
4 2600 702 615 703
4 2394 1191 1194 1224
4 2391 496 2535 408
4 2630 2665 2633 2462
4 2668 997 2673 1005
4 2771 1704 1705 1726
4 63 1753 1616 1636
4 63 1 1753 1636
4 1767 1748 1674 76
4 1755 1 1748 1687
4 207 2474 920 206
4 2754 632 631 543
4 2758 816 728 817
4 2466 2470 1231 609
4 2532 2633 2630 2634
4 879 2505 878 1627
4 2498 185 936 186
4 2617 1843 1853 958
4 2678 621 709 620
4 2772 1846 2617 2618
4 2630 2634 2633 2665
4 2402 1124 1330 1281
4 2457 1501 2588 1503
4 2771 1705 2721 1726
4 2727 2414 1803 1793
4 425 2776 336 424
4 2505 1719 1637 1627
4 738 737 825 2567
4 1824 122 1635 1615
4 2466 609 1126 610
4 2743 2391 2739 1323
4 2703 2768 2704 2655
4 2433 2771 2624 2697
4 1583 1603 62 1835
4 2582 1388 1458 1444
4 2373 1428 1419 1358
4 2498 2615 273 361
4 2676 1264 2677 1320
4 2781 1149 1185 1219
4 2548 2647 2781 2809
4 2679 379 292 380
4 2568 552 551 1144
4 2381 191 190 946
4 2502 1415 1809 1403
4 2740 301 213 302
4 2784 443 444 1095
4 2724 180 179 928
4 2698 271 360 359
4 2491 549 2523 637
4 2641 178 933 969
4 2810 2494 2435 2518
4 2528 2533 2455 1776
4 2388 1183 1184 1324
4 2637 2551 595 683
4 2373 1428 2372 1419
4 2528 1776 2529 106
4 2388 1332 1220 1187
4 2672 167 2779 985
4 754 753 2440 666
4 2466 785 697 786
4 2373 1397 1428 1358
4 2502 1812 2719 133
4 2502 133 132 1832
4 2610 1165 539 538
4 1417 2373 1358 1397
4 2716 1165 1134 539
4 1722 1694 120 1828
4 2617 2618 264 176
4 2617 1853 940 958
4 2614 1810 966 1837
4 2511 1226 1156 1311
4 622 2481 2678 2683
4 132 1381 1396 1363
4 2373 1397 2472 2531
4 2444 474 1105 473
4 2737 305 218 306
4 2492 2428 1714 1626
4 2543 973 2614 1814
4 1592 1591 1606 167
4 2746 765 766 854
4 1120 2665 1238 2664
4 2740 213 214 302
4 297 209 296 2473
4 940 2772 981 966
4 62 1825 1686 1820
4 1646 1574 1572 1515
4 2679 203 950 1089
4 1646 1676 37 114
4 2508 2653 2511 1125
4 2456 1505 1414 1419
4 63 64 1616 884
4 2771 2780 2721 1705
4 247 2776 2612 334
4 434 433 2690 345
4 2497 285 372 284
4 2393 2473 383 382
4 1839 113 1646 36
4 2618 959 933 176
4 2549 2485 2484 2579
4 2674 862 863 1502
4 1647 1544 1559 1552
4 2515 1582 2672 1718
4 2701 44 137 1848
4 2619 1846 1855 1847
4 2596 834 835 1349
4 2500 275 188 276
4 2767 1131 1203 1240
4 2635 2636 2528 2529
4 2619 1844 1849 438
4 2480 2685 2481 2766
4 2371 2373 2384 2531
4 1660 1651 1674 1534
4 1655 1567 1657 1555
4 1651 1628 64 901
4 1647 1681 1546 1544
4 2431 1292 1193 485
4 2594 919 951 234
4 2639 2380 281 282
4 2380 456 369 457
4 187 2498 275 2500
4 913 1627 1637 1719
4 2617 174 1843 958
4 1302 2725 2785 2716
4 2508 1094 2695 1232
4 2701 43 1821 44
4 2774 179 266 178
4 2786 299 300 388
4 2508 2512 2537 2695
4 748 2439 749 661
4 2599 2747 2705 302
4 2740 213 1066 214
4 2435 1053 1076 1069
4 2439 2443 2429 2704
4 1649 1560 1684 56
4 1684 1749 73 1754
4 2788 1471 1478 1473
4 2425 2427 2492 2428
4 2426 1400 1408 1430
4 2774 354 2733 266
4 2378 2763 809 810
4 1424 2719 1384 1415
4 2601 2616 2549 2579
4 1841 38 1676 1510
4 1302 2725 1249 1099
4 1648 69 1518 1570
4 2371 2744 2372 2584
4 2381 278 365 277
4 2404 2566 2603 1308
4 61 891 1650 1587
4 2564 2382 2760 2802
4 61 891 1677 1650
4 1683 1573 61 1535
4 46 147 1156 1869
4 2491 813 2523 1373
4 2785 1204 1302 1247
4 2582 1429 1450 1444
4 2654 2397 2748 2655
4 2597 1221 2598 1106
4 2447 2460 2676 2713
4 2506 1412 1399 1447
4 2607 1627 1640 1613
4 2386 2469 2387 1217
4 2467 1735 101 1741
4 2611 1019 1009 975
4 2550 1497 1494 1496
4 2505 1413 2607 879
4 2481 1129 1202 1241
4 2505 1413 879 1395
4 1397 1756 1742 2472
4 589 678 590 2530
4 843 842 1342 2440
4 1542 1509 1543 1671
4 2391 409 496 408
4 2455 1364 1406 1392
4 2532 2630 2458 2634
4 1397 1756 1737 1742
4 2504 2728 2605 2513
4 2505 878 1807 1424
4 2777 834 1349 1380
4 2692 143 43 1848
4 913 912 1627 1719
4 2502 1421 1434 1410
4 1530 1659 1658 1529
4 2422 417 504 416
4 2635 2726 2636 2529
4 1519 1655 1520 1539
4 67 1669 1645 1558
4 462 2497 1174 2676
4 2475 2698 2723 914
4 2737 2650 2516 1086
4 2601 2579 2549 2484
4 2790 1033 2616 1036
4 2726 1804 1794 104
4 2669 2449 2670 2448
4 2589 599 686 598
4 1530 1658 1659 1657
4 1334 2684 2796 1301
4 2541 1340 1477 1441
4 2596 2443 2439 2394
4 2480 1097 1313 1239
4 287 2792 2424 2460
4 111 1605 31 1833
4 118 119 1821 1692
4 2619 1847 1855 1854
4 2515 1695 1758 1745
4 308 219 2517 220
4 2799 1701 1703 1704
4 2391 1323 1180 1273
4 433 521 2527 2657
4 2611 1019 2520 1012
4 1495 2718 1500 1499
4 2597 2598 1189 1106
4 2448 1489 1488 1486
4 1738 1765 1391 1761
4 2466 2455 2471 874
4 2594 321 2534 233
4 2668 2806 2778 2666
4 2526 1298 1200 1231
4 259 346 2783 258
4 62 1835 1825 2
4 2496 371 2497 2536
4 77 1674 1748 76
4 77 1755 1748 1687
4 1753 84 1746 1629
4 2504 2561 2505 1395
4 2693 993 982 978
4 2457 2372 2634 2718
4 2741 2595 2401 2397
4 1791 2726 1800 1804
4 2653 704 703 615
4 2653 704 615 616
4 2774 2733 442 1094
4 2649 2750 2798 963
4 2375 314 315 2682
4 2396 1223 2400 1293
4 57 1578 1596 887
4 2397 2748 2655 2807
4 2689 2770 589 1265
4 2403 2781 560 1185
4 2585 1270 1113 499
4 1824 69 878 1615
4 2784 267 268 356
4 1807 2505 1424 2719
4 2421 2660 2661 2759
4 1646 1572 1675 1515
4 843 754 2440 755
4 1278 1328 2638 1181
4 319 2534 231 2392
4 2797 2780 2722 2782
4 1522 1553 1661 1662
4 2398 398 2431 310
4 2378 632 2754 544
4 630 2754 542 2681
4 2640 2653 2514 2537
4 2605 2728 2560 2730
4 1679 888 58 1644
4 2711 1690 1710 1726
4 2690 434 347 435
4 2588 864 863 775
4 1739 977 1766 1760
4 2566 469 1092 468
4 2735 2582 2608 2643
4 830 2411 2651 831
4 2788 2479 1465 1386
4 2482 1440 1427 1338
4 2425 2492 2426 2428
4 2623 211 210 926
4 2411 1348 2651 831
4 2809 2647 2622 2408
4 2805 2420 2638 2469
4 2536 1102 1260 458
4 1511 1657 1653 1567
4 1780 613 1774 24
4 2756 1788 877 1781
4 2741 2599 2786 2740
4 2452 568 1154 569
4 2459 2580 782 783
4 2711 1725 1690 1601
4 2482 2405 2425 2694
4 2568 549 2644 1264
4 2767 603 691 690
4 2519 1750 19 1758
4 526 55 1866 1860
4 2490 2729 547 546
4 2730 2729 2754 2489
4 2472 1385 1742 1397
4 2467 991 986 960
4 2662 2521 337 249
4 2734 2437 2589 1252
4 2396 1192 1195 1326
4 2543 2701 1721 1829
4 2543 2546 1721 1729
4 2549 2424 2484 2485
4 2396 1154 1326 1295
4 2523 815 2758 1341
4 2379 454 455 1167
4 2378 1261 546 1137
4 2580 1409 1336 1389
4 2520 1019 1022 1003
4 2516 2397 2518 2807
4 2764 2739 2770 2773
4 2554 971 976 1034
4 2626 2775 2627 2794
4 2672 1606 1592 1582
4 1807 2505 1818 878
4 878 2505 1834 1637
4 2726 1158 1227 1197
4 2705 303 2747 304
4 2460 1103 463 464
4 126 1515 1839 1563
4 877 1782 789 1781
4 2756 1786 1780 1774
4 103 1774 1157 613
4 2635 104 1794 105
4 2635 613 1157 1774
4 2468 669 2469 757
4 1121 518 2657 519
4 1663 1532 1533 1557
4 209 1082 2706 2623
4 2393 1279 1216 1308
4 2456 2373 1419 1358
4 1859 1867 1868 702
4 2692 2723 2693 2801
4 2508 1094 1232 1201
4 2456 2458 2532 2630
4 2459 693 2631 605
4 2793 505 2628 1117
4 2511 615 616 2653
4 2600 2511 1867 1873
4 2640 529 616 528
4 1663 1669 1523 1532
4 2540 189 2500 188
4 2747 2423 2748 2650
4 2625 1506 2457 1504
4 2660 1035 2759 949
4 2700 1822 1722 1821
4 74 1749 1649 1768
4 77 1748 1674 1687
4 1824 69 3 128
4 2501 1337 1421 1366
4 2772 987 981 966
4 2563 1101 2379 2380
4 1731 1815 121 1694
4 2733 2618 2619 2695
4 2561 1453 2702 1457
4 2641 2733 2774 2695
4 2458 1508 1505 1336
4 1602 1582 1718 893
4 2402 2406 2403 2781
4 2375 2495 225 2682
4 63 1674 1687 1651
4 1647 1576 1559 1534
4 2570 18 1751 17
4 2682 2418 2375 2495
4 374 2460 287 2424
4 2497 461 462 1174
4 2548 2403 560 559
4 290 2446 2613 2680
4 123 878 1617 1615
4 2505 1627 2607 1719
4 2763 2729 2754 2643
4 2583 2385 1488 1490
4 2470 2526 2636 1231
4 2413 2727 260 957
4 2726 1197 525 1791
4 2754 631 542 543
4 1523 1669 1558 1532
4 1640 1620 1618 879
4 1635 906 1685 1673
4 2475 1006 2476 2383
4 2563 2564 2769 2380
4 2711 1580 1725 1601
4 2396 2400 2705 1293
4 2715 1091 1089 1090
4 2682 490 1283 1187
4 2391 2638 2805 2420
4 2505 1713 2562 2728
4 2593 2605 2702 2766
4 2513 42 2728 43
4 874 2466 787 786
4 1614 1629 1638 885
4 4 1604 1754 70
4 12 1509 1769 1671
4 1560 1684 56 1754
4 2765 501 1266 1114
4 1523 67 1669 1512
4 2425 2482 2694 1420
4 2620 2800 2442 2771
4 2401 2596 2443 2777
4 2388 1324 1184 1332
4 2388 1218 1183 1324
4 2759 241 1032 242
4 2472 1355 1738 1385
4 972 979 1760 977
4 2690 2727 435 347
4 2741 2598 2621 2812
4 2701 1692 1721 1829
4 806 2541 2542 1371
4 2602 1067 953 920
4 2620 1042 1037 1031
4 2743 2805 2391 2638
4 2810 2710 2454 1220
4 314 315 226 2375
4 2523 2568 551 550
4 2433 962 1037 1043
4 1569 1517 1682 1671
4 1807 2505 1827 1818
4 61 1666 1514 1573
4 375 374 462 2460
4 2396 2452 1154 1295
4 2678 708 2510 620
4 2619 350 263 351
4 2402 1330 1280 1281
4 2676 1321 1267 1322
4 2600 1363 790 1381
4 2440 2387 579 578
4 2541 1460 2561 1442
4 2792 200 199 1078
4 2681 716 2716 628
4 2623 1082 2706 1075
4 2411 567 2412 2452
4 2747 1077 2423 2650
4 2577 2544 2451 1711
4 2701 1721 1692 1729
4 440 441 2733 1094
4 2475 2476 2801 2383
4 2450 2688 2603 2578
4 2541 2560 2763 2754
4 2648 563 1152 564
4 1807 878 1818 40
4 2607 1413 1357 879
4 31 117 1833 1732
4 2383 2803 2499 2500
4 2711 2433 2697 2798
4 2593 2481 2604 2605
4 2604 1445 1432 1451
4 1468 1470 1353 2791
4 2539 2802 2616 2545
4 2813 752 839 751
4 1647 1671 12 75
4 2505 1719 1731 1637
4 1824 878 123 1615
4 130 1403 1809 1415
4 2539 999 1024 1013
4 2512 1854 1159 1199
4 2502 1812 133 1832
4 441 442 353 2733
4 2394 1194 1331 1224
4 2593 2605 2604 2702
4 2503 1421 1365 1366
4 2461 2515 2721 1695
4 2746 678 677 589
4 1676 37 1510 1550
4 2546 1595 1585 1605
4 2456 2531 2472 2533
4 2486 555 1146 556
4 2707 1598 2757 171
4 2599 388 301 389
4 24 701 1780 613
4 2803 2725 2499 2500
4 830 2411 743 2412
4 602 690 2767 2675
4 2526 2636 1200 1123
4 2727 941 2413 1802
4 2628 329 418 417
4 2457 2634 2588 2718
4 2414 1793 100 1792
4 2552 855 768 856
4 576 664 2507 663
4 1654 1520 1519 1655
4 2589 774 687 775
4 1491 2669 1488 1361
4 2577 2757 2707 1712
4 2543 980 999 935
4 2614 987 966 932
4 1592 1591 168 1590
4 1531 1659 1545 1681
4 63 1534 1651 64
4 2576 254 341 253
4 130 129 1809 1403
4 1648 1561 1838 1819
4 2719 1827 1806 1812
4 1740 1761 2472 2591
4 1397 1737 93 1385
4 2531 1756 1763 885
4 2580 1336 2458 869
4 2705 390 303 391
4 2682 2374 491 403
4 2585 2800 2789 2594
4 17 2533 2570 1779
4 1660 64 1651 1534
4 1634 2410 2531 885
4 2413 260 259 957
4 602 601 2675 1133
4 2584 1498 1495 1493
4 2459 694 782 693
4 2746 2552 679 2530
4 422 2776 2590 2775
4 2810 2418 2495 2417
4 1530 1657 1575 1567
4 2467 2515 1759 1736
4 2633 2437 2795 2463
4 2389 2390 1344 850
4 588 2522 2689 675
4 2767 1163 1244 1315
4 1748 63 1562 1674
4 2551 770 683 771
4 2625 777 778 866
4 2438 1316 1244 1133
4 4 886 1684 1604
4 1739 983 2467 986
4 2562 1716 2608 1713
4 2763 810 1474 809
4 1411 817 2409 818
4 2559 1429 2642 2581
4 705 2503 794 2640
4 2600 2653 2511 1873
4 1753 83 1616 1636
4 63 1636 1755 1
4 2374 2375 918 228
4 2754 543 2489 544
4 2690 522 523 1198
4 2612 2557 1010 995
4 2466 1231 1126 609
4 1382 876 1392 2455
4 2445 2470 609 608
4 2580 869 782 870
4 2576 2664 2657 2778
4 2635 2466 2528 2636
4 2783 2414 2690 2413
4 2660 1026 1035 949
4 2723 964 982 914
4 2540 277 2500 189
4 2546 1696 1605 1732
4 2758 817 728 729
4 2474 2679 204 292
4 2490 1352 810 811
4 2776 335 422 334
4 2668 1005 2520 988
4 753 841 842 2440
4 2454 1310 1292 1109
4 2439 2394 2704 2454
4 707 2501 2510 2503
4 2447 2565 2613 2708
4 1808 138 980 1814
4 2727 1797 1791 525
4 2727 261 260 957
4 2727 941 957 2413
4 2743 2689 1175 1212
4 2521 251 339 338
4 2526 2529 2528 2636
4 504 2555 1116 2793
4 2597 1152 1190 1325
4 2774 354 267 355
4 2514 2653 705 792
4 2737 2453 393 394
4 2725 1206 1251 1205
4 2687 2707 171 1049
4 2498 184 944 185
4 2680 2679 2708 2613
4 1530 1657 1567 1555
4 2594 233 2534 919
4 2641 178 969 928
4 2411 656 655 567
4 290 2446 2680 289
4 2804 2608 2562 2643
4 2596 2394 571 570
4 2612 2775 2659 2557
4 2410 1697 1720 1706
4 1648 69 1570 1561
4 2641 965 2772 978
4 2601 1061 2749 1051
4 2510 530 1160 1127
4 2457 1419 2372 1436
4 2734 686 2674 685
4 2775 1166 509 1253
4 769 2493 2552 2550
4 1678 1527 60 1565
4 2767 602 1244 1163
4 1592 168 1591 167
4 100 2413 2414 2673
4 166 1764 56 1584
4 1156 55 1860 147
4 1766 1760 972 99
4 2455 876 875 788
4 2610 2785 2766 2609
4 1648 1676 1570 1549
4 880 68 67 1620
4 1670 1667 1518 1557
4 525 1791 1798 1797
4 1158 25 1800 104
4 86 1766 1739 977
4 2740 2623 1073 212
4 2414 101 1795 1792
4 2656 780 867 779
4 1680 1659 1571 1529
4 2539 2382 2540 1030
4 2711 1580 1592 1607
4 2486 1309 2565 1335
4 425 514 426 2521
4 2483 822 735 823
4 2707 1594 2757 1598
4 2680 1088 921 1083
4 2700 1821 1722 1692
4 2750 1072 1087 963
4 2585 498 497 410
4 2567 827 1452 1347
4 2588 777 865 776
4 2433 2771 2554 2624
4 2538 143 2692 1848
4 441 1094 442 2733
4 972 1799 99 2413
4 2731 594 1139 595
4 2463 2780 2744 2462
4 2436 1133 601 600
4 2554 962 2624 971
4 2501 1451 2502 1421
4 2781 1149 561 1185
4 166 1606 1597 1584
4 20 12 1552 1509
4 2399 2398 487 1288
4 1654 1520 1656 1512
4 2380 282 369 281
4 2711 1607 1592 168
4 2667 2586 2557 2461
4 2576 2778 915 1005
4 2710 575 1151 576
4 2523 638 549 550
4 2683 1445 2604 2606
4 62 1825 1835 1603
4 2615 360 361 449
4 2645 1461 1465 1449
4 2663 2496 2424 2485
4 2513 134 1871 133
4 263 2619 352 2617
4 2511 1867 1872 1866
4 2493 593 1139 594
4 2385 1488 1490 1493
4 1680 1529 1571 1526
4 2727 437 1789 1797
4 2508 2537 2640 2509
4 422 2590 2776 334
4 1647 1552 12 1544
4 1686 892 1603 1650
4 1676 1549 1667 1550
4 1630 881 1632 1641
4 2380 1101 456 457
4 1391 2455 1364 1406
4 2636 1200 1123 1198
4 2690 2413 2727 259
4 2413 2414 2727 1793
4 1661 1513 1658 1664
4 1514 1536 1573 1665
4 1665 1536 1662 1556
4 2775 509 1118 1253
4 2756 1787 1786 1777
4 877 1788 1775 1781
4 2700 2701 1821 1692
4 2701 1829 1821 1692
4 2698 2615 448 360
4 1679 58 1664 1644
4 2599 2740 2742 2747
4 2662 336 337 425
4 2414 1803 1793 1792
4 1833 1585 111 1605
4 2542 2754 2569 2560
4 2426 2428 1398 1386
4 2472 1416 1355 1407
4 2638 1215 1112 1180
4 12 1544 1509 1671
4 2414 1801 1803 1792
4 2787 882 881 1398
4 2787 1473 882 1386
4 2810 2518 2454 2704
4 2656 778 691 779
4 2455 1356 1383 1390
4 525 1197 27 1791
4 177 2641 933 2618
4 2508 1230 2640 1125
4 2559 2505 2561 1413
4 2596 658 745 657
4 1843 174 1851 50
4 2503 794 2510 707
4 2490 636 635 547
4 2541 2763 2559 1477
4 2482 1378 2694 1439
4 2793 2422 2555 2629
4 2777 1465 2479 1437
4 1634 7 1763 1733
4 2539 2540 2760 2383
4 2751 1015 2525 916
4 2392 318 231 319
4 1412 2646 1376 2409
4 2787 2755 883 1473
4 2682 491 402 403
4 2430 395 2517 307
4 212 300 2786 211
4 2508 1201 1232 1301
4 262 50 49 1851
4 1627 912 1691 1719
4 2412 1294 2452 567
4 2529 1794 1801 105
4 2508 1301 1160 1201
4 2705 392 2453 480
4 2490 811 724 812
4 2674 1370 2637 860
4 2502 1836 132 1405
4 2508 1232 1095 1301
4 2593 712 801 800
4 2399 2418 2416 2388
4 1663 1656 1523 1669
4 2656 2767 2630 2631
4 1158 1783 25 104
4 2600 1874 1873 1867
4 2508 1232 2774 1095
4 702 54 53 1859
4 2692 2508 2695 2796
4 422 2776 2775 510
4 2625 777 2588 2675
4 1663 1670 1669 1532
4 1663 1536 1541 1662
4 2613 1177 2565 1176
4 2596 1349 2443 2777
4 1646 1538 1667 1665
4 2756 612 1196 613
4 103 24 1774 613
4 1859 614 1867 702
4 2508 2774 2796 1095
4 1301 2509 2508 1127
4 2553 414 327 415
4 2482 2712 2736 2405
4 2678 2510 2501 2606
4 2505 1815 1731 1694
4 2746 765 677 766
4 2711 1600 1607 169
4 2596 657 2377 569
4 2429 1153 2454 2710
4 67 1631 1620 68
4 684 2734 596 595
4 2433 2697 2624 2711
4 2392 406 319 407
4 2508 1160 1230 1201
4 1697 1633 908 1698
4 1302 2725 1099 2785
4 2505 2607 1716 1719
4 2727 260 347 259
4 2445 607 2470 608
4 65 1642 1519 1653
4 1655 1657 1567 1653
4 1458 2582 2492 1388
4 1839 1675 1820 1563
4 2372 2633 2718 2744
4 344 256 2778 2783
4 1679 59 1643 1664
4 2389 2390 2448 1344
4 2720 2624 1002 971
4 2508 2510 1160 1127
4 2678 2510 619 620
4 2774 355 442 354
4 2619 1093 1159 438
4 2684 1299 1162 1236
4 2508 1160 2640 1230
4 2619 1093 2512 1159
4 2508 2640 2510 2509
4 1643 60 59 1579
4 2471 873 874 1356
4 2756 611 2635 1196
4 436 2726 524 525
4 2508 1160 2510 2640
4 2499 274 363 362
4 2717 1339 1442 1457
4 2615 449 448 360
4 288 375 376 2460
4 2496 283 370 282
4 62 125 1835 2
4 2618 264 176 177
4 2784 355 267 356
4 2391 2420 2805 2535
4 2439 571 1191 1155
4 2740 1073 2623 2423
4 1794 2635 2529 2726
4 57 58 1644 1526
4 2617 1853 1846 135
4 2641 2724 928 974
4 385 2621 473 2444
4 1522 1525 1661 1540
4 2689 2739 2770 1307
4 830 2411 2808 2651
4 2590 421 332 333
4 2377 832 745 833
4 2440 1285 2388 1184
4 2717 1368 1339 1457
4 1637 1818 1834 878
4 65 1625 1621 1622
4 2763 808 809 1340
4 2697 2655 2799 1704
4 2707 1608 1595 1581
4 1595 1696 899 1605
4 2473 1186 471 472
4 1647 12 1770 75
4 2430 395 307 396
4 2756 1774 2635 1786
4 2678 2501 2683 2606
4 2510 618 531 619
4 2510 708 619 620
4 2678 1127 1236 532
4 2600 1870 132 1874
4 2498 274 187 275
4 2635 2529 1776 105
4 2723 2724 2796 2692
4 2519 1758 1695 1717
4 789 1773 701 1781
4 522 433 521 2690
4 132 1405 1396 1381
4 2717 2716 716 715
4 2491 2644 2642 2581
4 2510 706 619 707
4 882 881 1625 1632
4 2493 593 2551 681
4 2510 708 707 619
4 2663 1068 2424 1065
4 2679 2566 2613 379
4 2475 2801 2476 2732
4 2470 2526 1231 1298
4 2783 346 257 258
4 2690 2727 347 259
4 26 1790 261 1796
4 686 2589 598 2734
4 2776 423 510 422
4 2409 2486 555 554
4 2533 98 1785 1779
4 2547 2449 1483 1343
4 2751 325 237 326
4 789 701 1773 22
4 2510 708 2501 707
4 2527 2666 2528 2529
4 941 2413 1802 1799
4 2489 1257 1209 1306
4 2615 360 272 361
4 2565 1177 1309 1176
4 1511 64 1652 1577
4 2743 584 2638 1274
4 1864 2537 133 2514
4 2676 2568 1321 1322
4 2390 675 674 586
4 74 1671 1769 11
4 2510 2503 2509 2537
4 2651 1422 1430 1379
4 2792 201 289 200
4 65 1610 902 1652
4 2510 2509 2640 2537
4 259 2783 2413 931
4 2787 1714 1626 1688
4 2619 440 2695 2512
4 1618 1615 1617 878
4 2468 755 668 756
4 1654 1668 66 1512
4 1519 1653 1655 1539
4 1438 2651 2426 1430
4 2602 2474 952 920
4 74 1768 1649 1671
4 2683 709 622 710
4 2756 700 787 699
4 2626 1256 1117 507
4 2633 2795 2437 2589
4 2783 258 257 931
4 2658 511 512 1164
4 2445 2470 2466 609
4 2631 692 781 780
4 12 1769 75 1671
4 2700 43 1822 1821
4 2652 1343 2547 847
4 2449 2652 1343 2547
4 2371 2373 2531 885
4 2594 2534 1028 919
4 2711 1607 1600 1580
4 2683 710 797 709
4 1165 2610 2716 2785
4 181 269 2699 2724
4 1651 1636 1628 900
4 1634 1746 885 1763
4 2511 2512 1311 1199
4 2683 622 709 621
4 2684 2796 1239 1299
4 2495 225 930 2375
4 2481 2606 2604 2605
4 1616 884 1638 885
4 1040 1047 1036 2549
4 118 1821 1829 1692
4 1721 118 1816 1829
4 2761 645 2811 733
4 2531 1693 1720 81
4 1530 1528 1658 1555
4 2813 2429 2791 2507
4 2683 2604 2481 2606
4 2681 628 541 629
4 2429 1291 2454 1153
4 2550 1498 1497 1360
4 2733 440 1094 2695
4 2683 623 710 622
4 2534 408 2535 320
4 2727 1789 1796 1797
4 2682 402 314 403
4 1588 171 61 60
4 4 1684 73 1754
4 2379 1207 1254 1209
4 2593 2766 2481 2605
4 2627 508 420 509
4 2508 1230 1312 1201
4 2420 1277 1215 1328
4 2399 487 1110 1288
4 2469 2753 582 1181
4 2793 2555 2493 2752
4 1752 89 166 1764
4 1752 1597 166 1747
4 2751 1007 1015 916
4 2727 349 261 1796
4 74 1768 1671 11
4 8 1766 86 972
4 2759 949 241 240
4 689 690 2675 778
4 2430 2454 1193 2431
4 1767 1674 1647 76
4 2683 797 710 798
4 2740 2423 2747 1066
4 1789 1798 437 28
4 2682 489 490 1187
4 1551 1574 36 1515
4 441 353 440 2733
4 1588 61 1587 1599
4 2735 2736 2712 2425
4 2600 790 1861 1868
4 183 2699 271 2698
4 2514 1354 792 793
4 894 1690 895 1601
4 2481 2678 2606 2684
4 2556 1032 2558 2759
4 2635 2636 1297 1229
4 2593 713 625 2610
4 179 2641 178 2774
4 1156 55 526 1860
4 2511 1125 528 527
4 2692 143 1865 43
4 880 68 1620 879
4 2563 1306 1261 1137
4 2497 2536 371 459
4 2700 2701 2692 43
4 1744 1763 82 1733
4 2547 2441 1482 1483
4 1486 2389 1344 1374
4 1697 907 1614 1634
4 2515 1762 1597 1602
4 2467 166 2515 1736
4 2517 219 2516 220
4 2522 2448 2390 1344
4 107 261 1790 941
4 1602 1718 1730 893
4 2775 1327 1166 1253
4 2618 264 177 2733
4 1733 1744 2531 1720
4 2764 2587 2722 2780
4 2593 2610 2766 2702
4 1697 1633 1614 908
4 1767 1562 1674 1748
4 1610 901 64 1628
4 2593 624 713 712
4 2778 943 256 255
4 2552 856 769 2550
4 63 1651 1687 1636
4 2619 351 438 350
4 541 2716 2681 1251
4 1588 1609 60 1579
4 2379 455 1101 1254
4 2766 2481 624 2593
4 2756 612 699 611
4 2528 2570 106 2666
4 2756 701 1780 1781
4 2637 2551 683 771
4 2411 655 2412 567
4 1647 1681 1544 1671
4 2725 1100 453 454
4 2730 2729 2560 2754
4 2667 2464 2461 2463
4 2569 2716 2725 1251
4 2440 579 2387 667
4 1649 1560 1542 1768
4 2398 223 222 955
4 2508 1127 1160 1301
4 45 966 1837 940
4 55 1866 614 526
4 1093 2619 440 439
4 2783 961 2413 931
4 1788 1775 1784 1382
4 2466 785 2471 697
4 2507 753 841 752
4 1760 983 979 2413
4 2434 221 308 220
4 2402 1330 1124 1186
4 2721 1728 1705 1717
4 2472 1385 1397 1407
4 2787 1699 2573 1700
4 2593 623 624 712
4 2698 272 2615 360
4 2717 1368 2702 802
4 2561 1402 1453 1457
4 2523 725 814 813
4 806 718 2754 807
4 2435 2516 2518 2807
4 2550 1494 1497 1498
4 2725 1302 1249 1205
4 2599 478 1189 477
4 2469 668 580 669
4 1614 1634 1629 885
4 2434 2435 1064 955
4 2528 2570 2533 106
4 2674 685 684 2734
4 437 1789 29 349
4 2591 1391 1761 1416
4 2415 2386 2388 2418
4 2593 713 801 712
4 2521 425 337 426
4 525 1798 437 1797
4 525 27 1798 1791
4 2404 2712 2603 2578
4 2627 2775 2590 2794
4 1739 983 986 977
4 2656 779 692 780
4 2593 713 2610 801
4 1784 1364 2455 1392
4 789 1782 1773 1781
4 2766 537 1161 1132
4 2811 2403 2483 646
4 2380 370 282 2496
4 2563 1102 1211 1210
4 2641 2733 2695 2618
4 2379 2489 1207 1209
4 2582 1464 2492 1388
4 541 540 628 2716
4 2558 243 2759 1032
4 961 2783 990 942
4 2610 713 802 801
4 2678 619 531 620
4 2711 1600 1594 1580
4 2787 1612 1639 1624
4 2461 2586 2587 2721
4 2641 933 959 965
4 2501 796 1366 795
4 794 2510 706 2640
4 2501 1366 2503 795
4 1586 1587 1588 61
4 1808 980 138 34
4 180 179 2784 2724
4 2426 2428 1362 1398
4 344 2657 2783 2778
4 2570 106 2519 18
4 788 2455 876 877
4 1773 22 701 23
4 2523 813 814 1373
4 1676 1549 1510 1548
4 2641 959 981 965
4 1519 1539 1566 1653
4 1165 2610 2785 1247
4 1589 1593 59 169
4 2672 894 1582 1601
4 500 412 2751 413
4 2391 2805 2800 2535
4 2646 1423 1399 1376
4 2759 2422 949 240
4 28 525 27 1798
4 2628 419 2627 507
4 2519 80 1751 1750
4 2526 2690 2527 2529
4 2787 1633 2410 1698
4 2445 609 696 608
4 2501 1366 796 1337
4 2404 1276 1335 1308
4 380 2474 2679 2566
4 2501 1421 2503 1366
4 2581 2644 2643 2714
4 2378 634 2490 722
4 2712 2713 2714 2450
4 289 2792 2446 2680
4 1746 1763 1634 85
4 2392 2535 406 407
4 2558 243 1032 917
4 430 2576 2657 343
4 2505 1827 1818 1834
4 2469 580 581 669
4 2505 2608 2562 1716
4 2687 1059 1071 1052
4 61 1677 1666 1650
4 1585 1817 1823 173
4 2501 795 707 796
4 2604 2605 2504 2702
4 2632 1298 1300 1237
4 2554 1031 1037 1034
4 2656 1505 1506 1367
4 2687 1061 938 1052
4 2811 646 645 557
4 2465 2521 2691 2806
4 2711 1594 1689 1725
4 71 1584 1752 1597
4 1651 901 64 1652
4 2376 918 1046 1042
4 2635 1157 1158 1783
4 2674 2718 2637 1370
4 745 2596 834 746
4 2783 942 961 931
4 1785 98 2533 2591
4 500 412 2585 2738
4 2481 2678 2683 2606
4 2718 861 1346 1370
4 2624 2672 2586 934
4 2561 1402 1442 1460
4 1679 58 1589 59
4 2501 796 707 708
4 2576 1011 253 1008
4 2652 760 673 761
4 2707 1712 1723 1696
4 2429 662 575 663
4 2510 530 2640 1160
4 1655 1539 1567 1555
4 2793 2493 2731 2752
4 2455 1778 97 96
4 2541 2754 2542 2560
4 2591 1740 97 98
4 789 22 1773 1782
4 2600 790 703 791
4 2784 444 1235 1095
4 2589 687 774 686
4 2765 2553 2555 1115
4 2759 241 242 330
4 2649 1063 2807 1069
4 2543 1721 1833 1816
4 13 12 1770 1552
4 2541 2542 2561 2560
4 1744 82 1720 1733
4 2756 1196 2635 613
4 2570 106 2666 2519
4 2385 1359 1448 1493
4 2620 2417 2800 2771
4 2466 699 2756 2455
4 2541 2561 2559 2560
4 2478 2567 2809 2647
4 2378 1261 2729 546
4 2625 2588 777 865
4 2507 2813 752 840
4 1156 1869 147 1860
4 12 11 1769 1509
4 2568 1268 1144 551
4 2446 464 465 1104
4 2698 271 272 360
4 2775 1118 509 510
4 65 1621 1610 1622
4 2765 2553 2764 2555
4 2730 2643 2560 2729
4 361 2615 449 2499
4 2490 547 2729 2677
4 2469 1278 581 1150
4 2696 1707 2697 1710
4 2663 2496 2790 1045
4 2446 378 2613 466
4 2541 1340 2763 1477
4 2538 1848 2693 137
4 1533 1665 1667 1538
4 2641 178 2733 177
4 2501 1451 1421 1337
4 2558 2590 244 947
4 2466 874 785 786
4 2637 771 772 860
4 2727 525 437 1797
4 2691 514 515 1119
4 451 452 2500 2499
4 2495 2434 2435 1064
4 166 2779 970 2467
4 1651 1628 901 900
4 132 1836 1396 1405
4 2505 2607 2608 1716
4 1648 1518 69 1673
4 2580 2591 1401 1350
4 2705 303 304 392
4 2473 471 1186 1124
4 2724 928 964 180
4 2424 1068 1057 948
4 61 1514 1666 60
4 2501 1451 2606 2502
4 2492 1613 1630 1626
4 679 680 2493 2552
4 2480 1333 1204 1161
4 1722 2505 2728 1713
4 2634 2372 2373 2532
4 13 12 1552 1772
4 2523 551 638 550
4 414 502 2751 413
4 2632 2526 2470 1298
4 173 2545 999 172
4 2758 641 554 2409
4 2721 1695 2515 1728
4 2573 2416 2768 2799
4 2721 1705 1728 1726
4 2601 1061 1051 938
4 1545 1681 1659 1671
4 2469 582 2753 581
4 2640 1160 529 1230
4 2522 2689 2770 589
4 1596 1604 1672 886
4 2386 2374 2418 2762
4 2757 2697 2711 1710
4 169 2798 1048 2711
4 2734 2437 2795 2589
4 806 2754 2541 807
4 2717 1368 803 1339
4 2538 2695 2619 2618
4 2424 2676 2460 2485
4 6 83 1755 1636
4 2406 2603 2407 2621
4 2619 1159 1844 438
4 2723 2692 2693 2724
4 2543 1816 1830 1829
4 2599 2742 2400 1293
4 2707 171 1049 1050
4 2717 2609 2610 2702
4 1359 1495 2718 1436
4 2480 2785 1204 1098
4 2620 1039 2392 954
4 1651 1687 1636 900
4 225 313 314 2682
4 2607 1458 880 879
4 2717 803 804 1339
4 2446 1104 2447 1269
4 61 60 1677 1599
4 2711 1607 168 169
4 2674 860 772 861
4 2480 1204 2766 1161
4 2511 2508 2512 2537
4 2610 2766 2702 2609
4 2511 1873 1872 1867
4 2610 625 626 714
4 1646 1554 1572 1574
4 2610 714 626 715
4 297 210 209 2706
4 1643 1678 1527 60
4 2491 549 2677 2644
4 2511 527 614 526
4 1660 1674 1647 1534
4 2512 1226 1312 1125
4 2750 1059 2757 963
4 2526 2690 2529 2636
4 2640 616 529 617
4 2717 2561 1457 1442
4 2430 483 2517 395
4 1846 2619 1852 2617
4 1742 1397 1385 1737
4 2751 916 238 1007
4 2474 2679 2715 952
4 2409 2487 2646 2761
4 421 2627 509 2775
4 2390 762 674 763
4 2610 713 625 714
4 2637 2731 2551 2493
4 2637 683 772 771
4 2460 1269 1103 464
4 2414 100 101 1792
4 1663 1656 1662 1541
4 2635 2636 2726 1297
4 2637 2674 684 2734
4 13 14 1552 1516
4 2744 2780 2384 2462
4 2574 1484 1482 1483
4 1613 1714 911 1626
4 1756 885 1746 1763
4 2678 709 2683 708
4 2647 740 2592 739
4 2538 2619 2512 1847
4 1655 1567 1539 1653
4 2461 2462 2780 2463
4 2758 640 727 639
4 2720 2525 2442 976
4 2665 2465 2806 2664
4 2664 2778 2666 2527
4 1521 1663 1524 1541
4 2630 2533 2528 2570
4 2499 2725 2785 1099
4 2621 1186 472 473
4 2602 2578 2715 2708
4 2434 955 2398 222
4 2567 736 824 2548
4 2497 1211 2677 1102
4 2476 2732 2802 2545
4 313 2399 224 312
4 2533 2570 1734 17
4 2610 625 537 626
4 2398 223 955 1064
4 2376 918 1042 954
4 624 535 2481 536
4 2409 2761 2486 2487
4 2787 1639 883 1624
4 21 1775 877 1382
4 21 102 1775 1382
4 21 877 1775 1782
4 2409 643 730 642
4 2432 1053 2435 2494
4 2649 2423 1077 2650
4 2725 1251 2716 1205
4 2448 1490 1488 1489
4 1791 2726 1804 2727
4 2492 1691 1714 1715
4 2542 717 804 716
4 2490 2677 2491 548
4 2729 1261 1173 546
4 179 2641 2774 2724
4 2402 1284 2621 1219
4 2561 1402 1460 1426
4 1569 1542 1649 1560
4 2641 2614 2772 2693
4 269 2699 2724 2784
4 2409 729 642 730
4 45 1853 145 940
4 1837 1810 966 140
4 124 1637 1818 1834
4 124 33 1637 1834
4 30 1825 1686 1603
4 1686 1820 1825 112
4 1686 1675 1820 112
4 30 1603 1686 892
4 2660 1029 2759 1035
4 2409 730 643 731
4 80 1693 1751 81
4 2409 643 2761 731
4 2512 1228 1093 440
4 914 2699 2723 181
4 2571 2797 2746 2773
4 2387 1218 1217 1150
4 1343 2652 2389 848
4 783 2580 872 2445
4 2399 1187 1110 489
4 2707 171 1608 1598
4 2409 731 818 730
4 2601 2616 2579 2544
4 2409 2761 819 731
4 2610 2766 2785 1247
4 2502 1403 1809 1832
4 2424 2749 2792 1078
4 2511 526 614 1866
4 2490 724 635 636
4 2473 294 207 295
4 2499 361 362 450
4 2666 101 2519 1795
4 2656 692 779 691
4 690 691 2656 778
4 2420 1217 1282 1179
4 2490 2491 636 548
4 2607 879 1357 1458
4 2681 716 629 717
4 738 826 739 2567
4 107 1799 941 1790
4 2409 1412 1411 818
4 107 941 1799 8
4 2582 1455 1388 1444
4 2791 1468 1470 2645
4 2741 2621 2407 2812
4 2446 465 1176 1104
4 2719 1809 1813 1812
4 2786 2623 212 211
4 2452 569 656 568
4 1378 824 823 2548
4 749 838 750 2429
4 2496 370 283 371
4 2409 642 555 643
4 209 296 2473 208
4 2594 1025 951 919
4 2399 2682 225 2495
4 2646 2811 2761 2487
4 2635 2529 2528 1776
4 2529 1803 2414 1801
4 2657 345 344 2783
4 877 788 2455 2756
4 970 2467 2779 1027
4 2413 1793 1802 99
4 977 1760 983 979
4 1663 1523 1524 1532
4 1670 1532 1558 1669
4 2646 2736 2712 2487
4 973 1814 980 138
4 2436 1248 2438 1133
4 2646 2712 2811 2487
4 2646 1338 1423 1376
4 2432 2375 1056 1046
4 2620 1028 1031 1034
4 510 2658 2776 2775
4 2612 1010 1000 995
4 1695 78 79 1745
4 1695 78 1745 1730
4 52 790 702 1868
4 52 1861 790 1868
4 2377 745 834 833
4 1742 1385 93 1737
4 1396 41 129 1836
4 1396 1836 129 1403
4 1396 1836 1403 1405
4 2639 280 193 281
4 2475 2498 2698 944
4 2483 2548 735 647
4 1704 2655 1701 1707
4 2388 1332 1184 1285
4 2646 2736 2506 1399
4 2620 2392 2376 954
4 2721 1717 1695 1728
4 894 1718 1582 893
4 2461 2462 2721 2780
4 1640 2492 1613 1630
4 2599 1293 1329 1189
4 1838 38 39 1548
4 1838 39 127 1548
4 1838 1819 1561 127
4 1838 127 1561 1548
4 2635 1196 1158 1157
4 2727 261 957 941
4 2636 1126 1200 1229
4 2646 2811 2482 821
4 2735 2492 1715 2608
4 2702 2609 2766 2605
4 2735 2492 2425 2427
4 2569 1138 2489 543
4 2512 1159 1311 1199
4 2500 189 276 188
4 2511 1866 1872 1860
4 2499 450 1098 449
4 2502 132 1836 1832
4 1683 1554 1646 1665
4 2735 2425 2405 2427
4 1683 1675 1646 1572
4 1554 1683 1646 1572
4 2735 2582 2643 2714
4 62 1535 1683 1650
4 2599 2740 302 301
4 319 2534 2392 2535
4 2764 2773 2770 2797
4 2434 925 955 221
4 2581 1462 1459 1450
4 1648 1819 1838 115
4 1648 116 1685 1819
4 1670 1558 1518 68
4 1670 68 1518 1673
4 1670 1558 1645 1669
4 1670 68 1645 1558
4 1670 1645 68 1673
4 2492 1714 2428 1715
4 2735 1709 2427 2450
4 2735 2608 1709 2450
4 2541 1442 2561 2542
4 2492 881 2428 1626
4 1613 911 1691 912
4 1613 1691 1627 912
4 2785 1204 1098 1246
4 2600 615 702 614
4 1824 3 1635 122
4 1635 69 1619 1673
4 3 69 1685 1819
4 3 1561 69 1819
4 2664 2806 2665 2666
4 65 1610 1621 902
4 1654 66 1668 1642
4 1668 1645 67 1669
4 2485 2564 2804 2579
4 1085 1077 2747 2650
4 2474 205 292 204
4 2419 405 406 494
4 2482 822 1338 821
4 2737 956 927 1086
4 2649 2807 2516 1069
4 1710 2696 1724 2757
4 1461 1467 2645 1468
4 2742 2748 2397 2650
4 2453 481 2395 1195
4 2432 2495 2418 2417
4 2735 2492 2427 1715
4 2735 2427 2405 2450
4 2576 342 429 341
4 2522 2689 589 588
4 766 2746 854 2552
4 2371 2384 2744 2745
4 2682 1111 1283 490
4 2678 534 533 1129
4 2569 542 1138 543
4 2381 2725 453 454
4 2727 349 1789 437
4 2759 241 2422 240
4 2664 517 1120 2465
4 2774 442 355 443
4 2540 365 2381 2500
4 2508 1125 2512 1312
4 2538 1856 1848 137
4 2508 1312 1094 1201
4 2548 737 736 649
4 1120 2465 515 2691
4 2477 1437 1431 1380
4 2421 916 2751 2525
4 2635 1774 1783 1786
4 2477 1431 1437 1400
4 95 1391 1738 1765
4 95 16 1391 1765
4 1635 1619 69 1615
4 1824 878 69 128
4 1824 69 1635 3
4 2726 1804 104 1800
4 2726 525 1197 524
4 1551 1510 51 37
4 2435 2518 2494 2807
4 2535 2419 2762 2392
4 2625 1367 1506 866
4 2582 2506 1435 1455
4 2813 839 752 840
4 2552 679 2530 2493
4 2547 846 1375 845
4 2477 1437 2479 1400
4 53 1868 52 702
4 53 1859 1868 702
4 2680 1090 1089 950
4 2796 1299 1235 1096
4 2749 1057 1051 1083
4 2645 2443 1467 1449
4 2503 1365 1387 1354
4 2436 688 2588 687
4 2625 2588 865 864
4 2611 2662 2612 924
4 1581 1689 1594 897
4 1689 1725 1594 896
4 1689 1594 897 896
4 2478 2477 2479 2426
4 1835 1603 1825 109
4 769 2550 857 858
4 2720 2525 2660 2661
4 2537 133 2514 2502
4 1807 1424 40 131
4 2600 2514 1873 1864
4 2514 132 2502 133
4 2777 1380 2477 2377
4 2419 318 2392 406
4 2392 2534 231 1039
4 2483 2548 2403 2406
4 2412 830 741 742
4 2392 918 2374 2376
4 2469 581 2753 669
4 2497 2424 373 285
4 2765 500 501 1114
4 1452 2592 2567 2478
4 322 2585 2594 409
4 2627 243 332 331
4 1121 518 2664 2657
4 2625 2656 1367 866
4 702 54 1859 614
4 2459 782 695 783
4 2414 1795 1801 1792
4 2527 2783 345 2657
4 259 346 2690 2783
4 2737 306 2517 394
4 2434 2435 955 1070
4 753 842 754 2440
4 2701 137 2693 1848
4 2538 1847 2512 142
4 1767 13 1516 14
4 1767 1516 91 14
4 1767 91 1562 1748
4 1767 1562 91 1516
4 2534 2391 408 409
4 228 918 2374 2392
4 2477 2426 1400 2479
4 1722 1821 1822 119
4 1722 1821 119 1692
4 2398 310 223 311
4 1400 1431 2651 2477
4 2522 677 764 676
4 2456 1508 1414 1505
4 2776 510 423 511
4 2477 1431 1348 1380
4 1752 70 1764 1584
4 1826 1635 3 122
4 1826 3 1685 1819
4 1826 1685 116 1819
4 1826 32 116 1685
4 183 182 270 2699
4 2614 932 1810 1814
4 2678 2684 534 1129
4 2772 136 1856 137
4 45 1837 135 940
4 825 1347 2567 1378
4 2482 823 1378 1443
4 2803 2766 2785 2609
4 2502 1415 1410 1434
4 2482 2548 2483 2809
4 2635 1157 1783 1774
4 595 684 2734 2637
4 2637 860 1370 859
4 2439 2704 2394 2443
4 2375 315 228 2374
4 2749 1057 921 1078
4 2741 2397 2742 2748
4 2639 929 946 1030
4 1813 1424 1807 131
4 1813 1415 1424 131
4 2513 134 2719 42
4 2482 2809 2483 2406
4 263 2619 351 352
4 2772 987 2614 978
4 430 2576 2664 2657
4 1794 2635 2726 104
4 2656 1507 1505 1367
4 2767 1315 2665 1242
4 66 903 1621 1611
4 1654 1656 1520 1655
4 66 903 1668 1642
4 65 882 1625 1622
4 2614 966 1810 932
4 2772 1856 136 1846
4 2772 981 2617 940
4 2614 1810 1837 1831
4 2730 2562 2643 2451
4 2678 1236 1162 532
4 2499 452 2725 1099
4 2475 914 989 998
4 2419 1282 492 1179
4 2631 780 781 869
4 751 664 2507 752
4 2398 224 311 223
4 656 2411 2377 2452
4 2539 2476 2760 2802
4 2607 1458 2492 880
4 2676 1321 1264 1320
4 2474 292 205 293
4 2559 2562 2561 2505
4 2691 2438 2659 1119
4 2691 2438 1119 1242
4 2482 2483 2811 2406
4 2388 1187 1283 1332
4 2753 581 582 670
4 2599 2786 2740 300
4 2507 663 2429 2710
4 2378 545 632 544
4 2653 703 704 792
4 2784 443 355 444
4 1663 1533 1532 1524
4 1663 1533 1524 1536
4 1663 1665 1533 1536
4 1663 1667 1533 1665
4 1753 84 1616 83
4 1753 1629 1616 84
4 1753 1616 1629 885
4 2432 2435 1053 1054
4 601 689 690 2675
4 2630 2656 2458 2634
4 2646 1427 2736 1423
4 2512 141 1854 1199
4 2600 2511 615 614
4 2504 2719 2502 1434
4 616 2640 705 617
4 2678 621 2683 709
4 2600 1874 1861 1870
4 2600 1381 132 1363
4 2632 1237 1300 1121
4 1383 875 874 2455
4 2756 613 2635 1774
4 2459 1240 1130 605
4 451 452 364 2500
4 2727 1796 1789 349
4 2581 1373 814 1341
4 187 2498 2500 2383
4 62 1603 1686 1825
4 62 1686 1603 1650
4 62 1835 125 173
4 1583 109 1835 110
4 1612 1698 909 1633
4 1612 909 1698 1688
4 1612 1688 910 909
4 2471 2591 2580 1350
4 2756 2455 1787 1776
4 2759 1035 241 949
4 2482 2405 2694 2809
4 2674 772 773 861
4 2776 425 2662 2659
4 2440 578 667 666
4 2439 573 2429 661
4 2456 1417 2373 1358
4 2589 598 1135 599
4 2493 1139 593 1258
4 2507 665 753 664
4 2781 560 1185 561
4 2743 2739 2391 2805
4 2710 1220 1151 1289
4 2552 854 767 855
4 2377 569 657 656
4 1220 2710 2388 2416
4 2482 2694 1427 1439
4 2444 1105 2621 1284
4 2725 453 1100 452
4 2393 1308 1092 1279
4 2649 1086 2650 1062
4 2511 1872 1869 1860
4 2622 1286 2781 1219
4 2543 2701 2545 2544
4 1808 173 980 34
4 1808 1817 173 34
4 2445 609 2466 697
4 2630 2459 2632 2528
4 132 41 1396 1836
4 1363 132 1870 41
4 2458 1336 1505 1507
4 2482 1443 1427 1440
4 2583 1490 1489 1372
4 2671 2571 2746 2448
4 2378 2489 1137 544
4 2491 1373 2642 812
4 2467 1735 2666 101
4 739 738 2567 651
4 2731 2551 594 595
4 2519 19 1750 18
4 1589 58 888 1578
4 2403 1308 1216 1148
4 2567 739 651 2647
4 2759 329 241 330
4 2511 1156 526 1860
4 2691 515 1120 1242
4 703 2600 792 2653
4 2637 2734 2795 2589
4 1236 2509 2684 1301
4 2785 1302 1246 1099
4 2610 715 626 627
4 2784 357 445 356
4 1857 1551 35 51
4 1857 37 1551 51
4 2732 993 996 989
4 2541 1433 2542 1371
4 959 2772 2617 2618
4 2615 361 272 273
4 2733 178 266 177
4 2567 650 738 737
4 2678 1127 2510 2509
4 2539 2383 2476 1006
4 2699 445 358 446
4 2559 1472 1429 1477
4 2641 978 2693 982
4 959 2772 981 2617
4 2784 268 267 179
4 2724 982 964 974
4 26 1790 107 261
4 656 2377 569 2452
4 2623 1073 212 926
4 2524 2789 2525 951
4 2566 1335 1275 1308
4 1077 1085 1074 2649
4 2567 824 1378 2548
4 2570 18 2519 1751
4 2674 686 2589 774
4 2421 238 2751 916
4 340 2465 252 339
4 1839 1515 35 36
4 824 825 2567 1378
4 737 2567 650 2548
4 130 1809 1813 1415
4 130 1415 1813 131
4 592 679 2493 2530
4 2664 517 1238 1120
4 2586 985 2779 992
4 2678 1236 2684 1162
4 2522 2746 2770 2773
4 2721 1727 1717 1705
4 2572 1470 1475 1476
4 2507 1475 2813 840
4 2395 1108 1224 1296
4 2601 1061 2687 2715
4 2447 1213 1214 1272
4 2424 199 198 948
4 2588 775 776 864
4 307 308 2517 2430
4 427 2521 2691 2465
4 2462 1727 1693 1717
4 1789 437 29 28
4 941 1802 2727 1790
4 1789 1796 29 349
4 2468 2440 843 1342
4 2571 2746 2522 2773
4 2798 1058 170 169
4 2541 807 2754 1340
4 2389 762 849 761
4 2436 2438 1248 1318
4 985 2586 2779 2672
4 2553 502 415 503
4 2696 1724 1707 1710
4 2680 2715 1090 1088
4 2583 2671 2584 2550
4 2412 1188 566 565
4 2392 319 406 318
4 2431 1109 1292 485
4 2620 2554 2417 2771
4 2517 306 219 307
4 2411 744 2377 832
4 2810 2416 2417 2518
4 2411 2808 2377 2452
4 2547 846 847 1343
4 2399 2810 2398 2431
4 2390 674 761 673
4 2494 1053 1063 939
4 15 1753 1746 885
4 15 1746 1737 885
4 15 1737 1397 885
4 2731 1303 1139 1258
4 313 314 2682 401
4 2411 2412 2808 2452
4 2410 1634 1614 885
4 2592 741 828 740
4 2503 2502 1387 1421
4 2381 368 367 279
4 2727 437 525 436
4 2537 1873 1862 1863
4 2379 1207 2725 1167
4 2613 2566 1177 467
4 2501 1337 796 797
4 2606 1337 1445 1451
4 2699 358 445 357
4 2641 959 2772 981
4 2712 2407 2406 2603
4 2717 2542 2561 1442
4 2790 1033 1040 1030
4 2373 1397 2531 885
4 2759 2421 949 2422
4 2475 2709 2498 2383
4 2568 552 2758 551
4 2541 1441 1371 1340
4 2491 637 724 636
4 2411 744 832 743
4 2508 1312 2695 1094
4 2717 716 803 715
4 2474 382 381 293
4 2415 2782 2417 2799
4 2377 745 832 744
4 2477 2411 2377 832
4 2572 2573 2755 2574
4 1610 64 901 1652
4 65 1642 1653 1652
4 1623 1638 1616 884
4 1623 1638 884 1624
4 2613 379 2566 467
4 2763 2729 2378 2754
4 2412 1188 2597 2400
4 1585 1823 1583 173
4 1823 173 1817 34
4 1583 173 1823 1835
4 1661 1655 1658 1568
4 2599 2598 2786 1106
4 1679 1589 889 59
4 1679 1589 58 888
4 1679 889 1589 888
4 1525 1661 1540 1568
4 1525 1655 1661 1568
4 1525 1539 1520 1655
4 1525 1539 1655 1555
4 1525 1555 1655 1568
4 2511 614 527 615
4 2470 2636 2526 2528
4 1824 40 878 128
4 1824 123 122 1615
4 650 651 563 2647
4 2705 391 392 480
4 2435 925 2516 1076
4 2405 2595 2478 2408
4 1648 69 1685 1673
4 2511 526 1866 1860
4 92 1753 15 885
4 63 1674 1534 1576
4 63 1748 1562 1
4 63 1687 1748 1
4 904 1645 905 1631
4 1654 66 1519 1512
4 66 1668 67 1512
4 1654 1519 1520 1512
4 66 67 1668 1611
4 66 67 1611 1641
4 66 881 67 1641
4 66 1625 1611 1621
4 126 1839 1820 1563
4 126 1820 2 1563
4 2441 1482 2574 1478
4 2720 994 1002 934
4 2412 1188 2452 1294
4 2628 330 243 331
4 225 314 226 2375
4 2446 2680 2792 2484
4 2446 2708 2447 2613
4 2393 470 383 471
4 2486 2758 2488 553
4 2474 380 293 381
4 2592 827 739 828
4 1610 64 1623 1628
4 1610 1622 1623 883
4 1610 883 1623 64
4 2513 2502 134 133
4 2804 2676 2769 2485
4 2412 653 654 742
4 2399 224 312 2398
4 2508 2511 2512 1125
4 2557 2587 2629 2794
4 2639 194 929 1045
4 2496 282 2639 194
4 2600 2511 2653 615
4 2592 2412 2808 830
4 2792 289 2446 288
4 2559 2582 2581 2643
4 2425 2694 2405 2478
4 2535 408 319 320
4 2589 686 599 687
4 65 1652 1511 64
4 65 1610 64 883
4 719 718 807 2754
4 2576 341 2465 253
4 1654 1653 1519 1642
4 1654 1655 1519 1653
4 2665 1238 1203 1120
4 1585 1817 111 110
4 1583 1587 62 1603
4 2625 2588 2634 2675
4 2750 1059 2687 2757
4 2543 999 2732 935
4 2377 834 1380 833
4 2426 2478 2427 2595
4 48 1849 438 350
4 1849 48 438 47
4 2472 2533 1734 98
4 1355 1416 1738 1391
4 1355 1738 1385 94
4 2456 2531 2373 2472
4 2503 794 1365 1354
4 2439 660 573 661
4 2606 2502 2504 2513
4 2497 372 285 373
4 2563 1306 1101 1169
4 2735 2608 2582 2492
4 2496 284 195 196
4 2512 1159 1093 1311
4 2733 352 2619 2618
4 2727 1803 1802 1793
4 2440 755 666 667
4 2727 260 261 349
4 2374 2376 2375 2762
4 2772 987 978 965
4 2733 353 440 352
4 2641 982 2693 2724
4 2772 135 1831 1837
4 2492 1714 1613 1626
4 1640 1620 880 1630
4 1640 2492 1630 880
4 2611 2662 924 945
4 2422 504 417 505
4 2586 985 992 934
4 2576 253 915 254
4 2430 397 2431 485
4 2626 1117 2628 507
4 2596 571 2439 659
4 2788 2573 2572 2768
4 585 586 2390 673
4 2473 384 296 297
4 2402 1330 1186 1284
4 2786 2623 2740 212
4 2388 1220 1110 1187
4 2434 955 925 1070
4 2440 2710 2388 1285
4 2447 2676 1103 1322
4 2452 1154 568 567
4 2649 2516 1086 1069
4 2729 1210 2677 1173
4 2430 396 309 397
4 1680 1664 58 1644
4 1513 1680 1664 58
4 1680 1644 58 1526
4 1680 1682 1571 1659
4 57 1517 1571 1682
4 2646 1399 1412 1376
4 2607 1613 2492 1691
4 2523 639 726 638
4 97 2455 1761 2591
4 1596 1584 56 1604
4 1596 56 1672 1604
4 63 884 1616 885
4 63 64 1651 1628
4 63 1628 1651 1636
4 63 1616 1628 1636
4 63 1616 64 1628
4 108 1158 25 1800
4 108 1197 1158 1800
4 108 1197 1800 1791
4 2531 1757 1751 1693
4 2657 2632 2526 2527
4 2646 1427 2482 2736
4 2515 1736 166 1747
4 1449 1461 1467 2645
4 2556 1001 2558 917
4 2711 1580 1594 1725
4 2711 1710 1690 1725
4 877 1782 22 789
4 1782 877 22 21
4 1522 1656 1541 1662
4 1522 1541 1553 1662
4 1522 1656 1525 1520
4 1522 1656 1520 1521
4 1522 1656 1521 1541
4 261 29 1796 349
4 71 1752 1584 70
4 49 1842 350 262
4 49 1851 1842 262
4 57 58 1578 1644
4 57 1591 1596 1578
4 1586 61 1588 172
4 61 1586 1587 1583
4 1586 2546 1608 1595
4 1586 1588 1608 172
4 61 1586 1583 172
4 2647 740 739 651
4 2399 1288 1110 1220
4 2607 1640 1627 879
4 2626 2627 2775 1166
4 2599 1293 2400 1329
4 1359 1495 2584 2718
4 2499 451 452 1099
4 1585 1817 173 1833
4 172 2545 1050 2546
4 1585 1583 1586 173
4 2686 2715 2687 1052
4 2391 496 409 497
4 2669 1487 1361 1484
4 1491 2669 2385 1488
4 2460 1103 1267 462
4 2496 2424 284 196
4 2409 555 2761 643
4 1251 1134 541 2716
4 2711 1725 1689 1710
4 2711 1048 169 168
4 2672 168 1592 167
4 2554 1034 962 971
4 2720 994 2660 1020
4 2672 1726 1728 1690
4 2672 167 1014 168
4 2672 934 1014 167
4 2672 1690 1728 1718
4 2664 2666 2778 2806
4 2467 988 1027 960
4 2421 326 239 327
4 2779 992 985 975
4 2465 427 2521 339
4 2467 960 997 988
4 970 2467 1027 960
4 2779 985 970 975
4 2779 1027 1022 975
4 2779 970 1027 975
4 2465 429 517 428
4 2673 2666 2414 101
4 100 2673 2414 101
4 2520 1005 1011 1003
4 2783 2527 2414 2673
4 1120 2465 516 515
4 2673 990 983 961
4 2520 1003 1011 1008
4 2576 2520 2778 1005
4 2673 997 983 990
4 2673 997 990 1005
4 2727 348 435 347
4 2726 2727 436 435
4 2756 611 1196 612
4 2529 1803 2726 2727
4 255 344 256 2778
4 2727 1802 1803 1797
4 2727 436 348 437
4 2727 1803 1804 1797
4 2727 435 348 436
4 2726 1804 2727 1803
4 2726 1804 1803 1794
4 2726 524 1227 1198
4 2726 1227 1297 1198
4 2726 523 524 1198
4 2521 425 514 2659
4 2635 2528 2455 1776
4 2529 1803 2727 2414
4 2635 1297 1196 1229
4 2727 2529 2690 2726
4 2636 1200 1297 1229
4 2526 1200 1233 1123
4 2658 513 1245 1164
4 2662 249 924 945
4 515 2465 427 2691
4 251 339 2465 2521
4 1120 2665 2664 2465
4 2521 251 1012 1008
4 2668 988 2520 1022
4 2612 2611 2659 2662
4 2521 337 338 426
4 2661 2759 2660 2587
4 2465 252 251 1008
4 2465 2520 1008 2521
4 2521 251 945 1012
4 2521 945 250 249
4 2521 338 337 249
4 514 426 2521 427
4 2521 945 251 250
4 2521 250 338 249
4 2521 251 338 250
4 2438 1317 2658 1164
4 425 2659 513 514
4 2659 514 1119 513
4 2438 1244 1316 1315
4 2438 2658 1317 1318
4 2767 2632 1240 1203
4 2551 771 858 770
4 775 2588 2674 863
4 2438 1245 1317 1164
4 2659 1119 1245 513
4 2776 512 2658 511
4 2658 512 513 1164
4 2776 423 512 511
4 2776 2659 2658 512
4 2658 512 2659 513
4 2658 1317 1318 1164
4 2437 1135 1319 1318
4 425 2776 2662 336
4 2438 1318 1317 1248
4 2793 2555 1304 1258
4 1255 2734 1170 1208
4 2389 850 1374 849
4 2734 1327 2795 2437
4 2589 1135 598 1252
4 2612 924 2662 248
4 2437 1252 1319 1135
4 2759 329 2628 2422
4 2793 1259 2555 1116
4 2372 2744 2718 2584
4 787 875 2455 874
4 2533 1776 106 1779
4 2437 1327 1319 1252
4 2612 2667 1009 1010
4 2734 1136 1208 1327
4 2436 600 688 599
4 2594 322 409 321
4 2620 1028 2789 2594
4 2386 1324 1283 1111
4 2638 1215 1147 1181
4 2429 663 750 662
4 2558 2627 2794 2629
4 2390 674 675 763
4 2580 1389 1336 870
4 2556 1032 2759 1029
4 2535 408 496 407
4 2620 2762 2392 2535
4 2745 2780 2782 2799
4 2746 853 765 854
4 2734 1327 1252 1136
4 2652 2547 2753 847
4 2574 1473 1478 1484
4 2793 505 504 2422
4 2765 1266 501 1115
4 2626 2795 2731 1208
4 2493 593 680 592
4 2626 2775 1327 1166
4 2626 2775 2795 1327
4 2628 505 2422 417
4 2556 2557 2667 2586
4 1140 2493 1258 2555
4 2793 1259 505 1117
4 2553 503 416 504
4 2552 856 768 769
4 2558 917 244 243
4 2556 2586 2667 992
4 2738 2525 2789 2661
4 330 243 2759 2628
4 2535 2420 494 1112
4 2596 570 657 569
4 2420 1112 1277 494
4 2440 1285 1184 577
4 2750 1059 1087 1071
4 2517 482 395 483
4 2710 576 1151 577
4 657 2377 656 744
4 2454 1109 2431 1288
4 659 2596 748 2439
4 2416 2399 2388 1220
4 2705 303 390 302
4 2648 2400 2412 2597
4 1704 2655 2799 1701
4 2655 1702 1701 1707
4 2697 2799 2771 1704
4 2697 1707 2655 1704
4 2697 1710 1707 1704
4 2396 2705 2400 2742
4 304 2737 216 2747
4 2697 1704 2771 1726
4 2697 1710 1704 1726
4 2707 1594 1598 1581
4 2697 2771 2711 1726
4 2697 2711 1710 1726
4 225 313 2399 224
4 2432 1054 1053 1043
4 2432 2417 2376 2433
4 1085 1077 1066 2747
4 2434 222 310 221
4 2810 2495 2494 2417
4 2434 2495 2810 2398
4 2495 1060 930 224
4 2495 1054 930 1060
4 2434 221 955 222
4 2495 223 1060 224
4 2495 1054 1060 1064
4 2375 2762 2376 2417
4 2495 1064 1060 223
4 2535 494 495 1112
4 497 409 2391 2585
4 2534 319 231 320
4 2419 492 2374 404
4 2809 2478 2647 2408
4 2494 2433 1053 939
4 2419 2392 317 228
4 2547 1482 2441 1375
4 2682 403 314 315
4 2417 2771 2697 2799
4 2433 2711 2624 962
4 2807 1053 1069 1063
4 2607 1640 2492 1613
4 2686 1052 1075 1067
4 2654 2688 2577 2687
4 2651 830 1422 1379
4 2434 2516 925 220
4 2516 956 925 219
4 2648 565 652 564
4 2601 2484 2715 2578
4 2599 390 389 301
4 2432 2417 2375 2376
4 2649 1074 1087 1072
4 2516 1086 1084 956
4 2516 1084 925 956
4 2435 2807 1053 1069
4 2516 1069 1084 1086
4 2516 1076 925 1084
4 2516 1084 1069 1076
4 2705 480 1192 1107
4 2737 219 2517 218
4 2649 2423 1074 1077
4 2577 2579 2450 2451
4 2432 2494 2417 2433
4 2546 2707 172 1608
4 2433 2624 2554 962
4 2711 2433 2798 1048
4 1452 2567 2694 2478
4 2737 2747 927 216
4 2376 1037 1042 1043
4 2810 2704 2454 2416
4 2706 953 209 208
4 2601 2577 2484 2578
4 2435 1070 1054 1064
4 2649 1062 1063 1069
4 2563 458 2536 1260
4 2601 2577 2687 2707
4 2812 2686 2706 2688
4 2494 1053 2807 1063
4 2399 2682 489 401
4 2399 2398 312 400
4 2454 2430 2518 2431
4 2398 487 399 400
4 2443 748 836 2596
4 2430 484 397 485
4 2434 310 309 221
4 2430 483 395 484
4 749 2791 838 2429
4 225 930 224 2495
4 2399 401 489 400
4 2454 2395 2704 2518
4 1342 2468 2440 2441
4 2434 2398 310 222
4 2435 2516 2807 1069
4 837 1468 1353 2791
4 2432 2376 1046 1043
4 2810 2416 2454 2710
4 1220 2710 2416 2810
4 2567 1378 2694 2809
4 2737 2517 2453 394
4 2517 307 395 306
4 2517 395 482 394
4 2394 2704 2454 2395
4 2453 2650 2747 2742
4 2737 927 2650 1086
4 2453 481 1192 480
4 2705 480 2453 1192
4 2517 395 394 306
4 2453 393 480 392
4 2740 1073 213 212
4 2431 397 309 398
4 2431 485 397 486
4 2431 487 1109 486
4 2398 486 2431 398
4 2416 2399 1220 2810
4 2398 2431 486 487
4 2398 311 398 310
4 2431 397 398 486
4 2399 2418 2810 2416
4 2395 1224 1331 1296
4 2395 1331 1195 1296
4 2396 2453 2742 2397
4 2394 1326 2396 1331
4 2396 2401 2400 2452
4 2394 1295 2396 1326
4 2648 2412 2400 2808
4 2394 2395 2454 1224
4 1331 2396 1195 1326
4 2596 2394 570 569
4 2777 834 2596 1349
4 2396 1225 1223 1107
4 2682 2374 403 315
4 2440 577 1184 578
4 2399 487 400 488
4 2387 1217 2469 1150
4 2415 2670 2575 2469
4 2710 1289 1151 575
4 2398 2495 223 1064
4 2399 1288 2810 2431
4 2813 838 751 839
4 2386 2387 1218 1217
4 2439 748 749 2443
4 2507 576 577 665
4 2494 1063 2798 939
4 1289 2454 1220 1310
4 2419 2392 228 2374
4 2746 2671 2448 2583
4 2720 2586 2721 2587
4 2682 225 313 2399
4 2374 315 228 316
4 2585 1270 499 1114
4 2669 1361 2574 1484
4 2469 1150 581 580
4 2652 584 672 583
4 2743 2805 2773 2739
4 2387 1184 2388 1183
4 2652 672 585 673
4 2789 2594 1025 951
4 2387 579 1183 1150
4 1112 2391 2638 1180
4 2638 2469 2420 1278
4 2574 2547 2670 2449
4 2468 1375 2441 1342
4 2440 843 755 2468
4 2689 2773 2770 2739
4 2638 1215 1181 1328
4 1147 2753 2638 1181
4 2585 2800 2391 2739
4 2594 321 234 322
4 2392 2376 954 918
4 228 316 317 2419
4 228 918 2392 229
4 2535 496 495 407
4 2535 494 407 495
4 2535 407 319 408
4 2386 1324 2388 1283
4 2419 1282 2386 492
4 2419 405 316 317
4 2535 407 494 406
4 2419 494 2420 1277
4 2805 2469 2638 2670
4 2645 2443 2479 2703
4 755 666 754 2440
4 680 592 679 2493
4 2652 759 760 848
4 2583 1490 1492 1493
4 2551 858 771 859
4 2782 2417 2800 2762
4 1278 1328 2420 2638
4 2638 2420 1215 1328
4 2782 2771 2800 2417
4 2782 2771 2417 2799
4 2652 848 847 759
4 2389 762 2390 850
4 2782 2771 2799 2780
4 2738 2661 2789 2722
4 2738 2770 2764 2739
4 2624 2711 2697 2771
4 2624 1014 2672 934
4 2494 2807 2798 1063
4 2525 1025 1023 951
4 2722 2771 2782 2780
4 2722 2721 2771 2780
4 2722 2721 2780 2587
4 2522 677 2746 765
4 1265 2689 2770 1307
4 2739 1307 1212 1270
4 2739 1113 1270 1212
4 2387 580 667 579
4 2553 1116 1262 503
4 2652 585 672 584
4 2743 1175 1271 1212
4 2530 592 591 1140
4 2522 2770 2746 589
4 2764 2773 2722 2739
4 1449 1467 1349 2443
4 2669 2574 2449 1487
4 2743 1274 2638 1323
4 2500 276 365 364
4 2757 1598 1594 170
4 2757 171 1598 170
4 2750 1087 1059 963
4 2649 2650 1085 1062
4 2757 1689 2711 1594
4 2757 1710 2711 1689
4 2757 1710 1689 1724
4 2757 1689 1712 1724
4 2757 1059 171 170
4 2757 963 1059 170
4 2707 1712 2757 1689
4 2707 1712 1689 1723
4 2707 1050 172 171
4 2701 2692 2693 2801
4 2499 2500 2725 452
4 2546 173 1585 172
4 2546 1696 1595 1605
4 2546 1696 2707 1595
4 2546 1721 1696 1732
4 2546 2707 1696 1729
4 173 2545 172 2546
4 2546 1696 1721 1729
4 2640 616 2653 528
4 2512 141 142 1847
4 2474 293 205 294
4 1312 2695 1228 2512
4 187 2498 2383 936
4 2617 958 940 967
4 2617 2618 176 959
4 2617 176 175 959
4 2617 1853 1852 1846
4 2617 175 264 263
4 2617 262 175 263
4 2617 175 174 958
4 981 2617 967 959
4 2617 959 175 967
4 2617 175 958 967
4 2619 2618 2617 1846
4 2619 438 351 439
4 2619 1093 438 439
4 2614 1831 1811 1810
4 2480 2685 2699 2796
4 2732 993 2614 984
4 2543 1721 1816 1829
4 2543 1721 2546 1833
4 2543 1721 2701 1729
4 1805 2543 1829 2701
4 984 2543 980 973
4 2614 1814 973 932
4 2614 932 973 984
4 2543 173 1808 1817
4 984 2543 973 2614
4 2614 1811 1830 1814
4 285 374 2424 373
4 2476 996 2732 999
4 2680 921 2749 1083
4 2811 558 646 557
4 2460 462 463 1103
4 2663 2790 2496 2485
4 2396 2453 2705 2742
4 1692 2544 2701 1729
4 2700 1722 1713 1692
4 2602 2474 2603 2708
4 2700 1692 1713 1711
4 2544 2700 2451 1711
4 1692 2544 2700 2701
4 2544 2543 1729 2546
4 2544 2707 2546 1729
4 1805 2543 1830 1829
4 2476 996 999 1013
4 2679 950 203 202
4 2549 2749 2484 2424
4 2539 1013 1021 1006
4 2732 996 993 935
4 984 2732 935 2543
4 2543 980 973 1814
4 2543 1833 1830 1816
4 2500 277 365 276
4 2732 2693 2723 2801
4 2802 2579 2616 2544
4 2564 2379 2760 2382
4 2543 173 1817 1833
4 2566 1177 1275 1335
4 2566 468 381 469
4 2381 279 191 280
4 2549 1051 1057 1036
4 2559 2560 2562 2643
4 2735 2582 2425 2492
4 1105 2444 2598 2786
4 2450 1702 1708 1709
4 290 2679 202 2680
4 456 2379 2381 455
4 2402 2404 2603 1216
4 2599 1189 478 1293
4 2754 632 720 631
4 2506 1459 1341 1411
4 2383 187 936 1017
4 182 181 269 2699
4 2564 2382 2802 2616
4 2639 946 2382 1030
4 2790 2616 1033 1030
4 188 187 2500 2383
4 2383 1016 187 1017
4 2500 2383 1016 188
4 2496 284 283 195
4 2803 2728 2605 2730
4 2383 187 1016 188
4 2539 2616 2382 2790
4 2540 2381 365 277
4 2480 1097 2615 1243
4 1472 2763 1477 2559
4 2593 801 2702 1369
4 2615 447 448 1097
4 2480 1239 2684 2796
4 2490 2491 724 636
4 2480 2796 2684 2685
4 2615 449 1098 448
4 2615 448 1243 1097
4 2480 2615 2785 1098
4 2615 448 1098 1243
4 2504 2728 2513 2719
4 2379 1101 455 456
4 623 535 622 2481
4 2639 929 2790 1045
4 191 2639 280 192
4 2379 1254 1207 1167
4 2725 2500 453 452
4 2639 2790 929 1030
4 2539 2760 2540 2382
4 2497 1211 1102 1171
4 1472 2763 2559 2642
4 2610 1132 2766 1247
4 2803 2730 2802 2700
4 2559 2642 2763 2643
4 2683 711 798 710
4 2717 2702 1368 1457
4 2379 2380 1101 456
4 2496 2639 2790 1045
4 287 286 374 2424
4 2490 2491 2677 2644
4 2610 802 714 715
4 2676 1174 1321 1320
4 456 2379 2380 2381
4 2378 546 2490 634
4 810 722 2378 2490
4 2541 1477 2559 1480
4 2714 2804 2488 2568
4 806 2754 2542 2541
4 2523 2644 2568 549
4 2409 2646 1376 819
4 2763 1474 2642 1472
4 2677 1141 549 548
4 2677 1264 2568 2644
4 2563 2729 1261 1210
4 2563 2380 2536 458
4 2489 544 1138 1257
4 2681 2569 542 1168
4 2447 1214 1213 1104
4 288 2460 287 375
4 2491 2581 2642 1373
4 2489 1138 1209 1257
4 2677 1141 1320 1264
4 2496 282 195 283
4 2677 2644 549 1264
4 2677 549 1141 1264
4 2378 2729 1261 1137
4 2378 808 2754 720
4 2381 190 191 279
4 2380 369 456 368
4 2639 2382 2790 1030
4 2380 368 281 369
4 191 2639 2381 280
4 2381 453 2500 365
4 2639 2380 2381 280
4 2381 366 453 365
4 2563 2497 2677 1102
4 2717 802 715 803
4 2380 281 368 280
4 2540 1016 922 188
4 1272 2447 1213 1144
4 2486 553 2488 1178
4 2736 1399 1435 1447
4 2566 1275 1177 468
4 2598 1286 2622 1219
4 2613 2566 2565 1177
4 2549 2790 1036 1040
4 2809 2622 2406 2408
4 2572 2791 2507 2813
4 2565 2566 1335 1177
4 2473 295 208 296
4 2486 1182 556 1276
4 2397 2655 2518 2807
4 810 722 809 2378
4 2549 1057 1068 1047
4 2484 2460 2792 2446
4 2488 552 2568 1144
4 2483 2403 647 646
4 2482 823 2483 2548
4 2473 2444 2621 385
4 2596 747 834 746
4 2781 1185 1330 1219
4 2444 2623 211 210
4 2474 382 2393 381
4 2567 2647 2548 2809
4 2444 1284 2621 473
4 2758 641 729 640
4 2407 2688 2812 2621
4 2613 1177 1176 467
4 562 650 563 2647
4 2713 2804 2579 2485
4 2622 1190 563 562
4 2482 1338 822 1440
4 2444 2623 2786 211
4 2393 383 2473 471
4 824 736 823 2548
4 2646 1376 819 820
4 2444 299 2786 387
4 825 737 824 2567
4 1431 1348 1422 2651
4 2708 2446 2680 2613
4 2402 2622 2781 1219
4 2566 468 1177 467
4 2566 381 468 380
4 2474 381 2393 2566
4 2404 2488 2713 2565
4 554 2486 2758 2409
4 2566 467 380 468
4 2679 2566 379 380
4 2740 1066 213 1073
4 2566 380 467 379
4 1411 2409 2487 1412
4 2581 2644 2714 2506
4 2523 2581 2506 2644
4 2758 1411 816 817
4 2486 553 1178 554
4 2447 1214 2488 1272
4 2680 2749 1088 1083
4 2548 648 735 647
4 2488 2758 2568 552
4 1214 2488 1178 2565
4 2523 814 2581 1373
4 210 2623 2706 2444
4 2446 464 1104 1269
4 2412 743 830 742
4 2541 1480 2559 1460
4 1352 2490 2642 812
4 2563 2379 1101 1209
4 2444 211 2786 299
4 2404 1308 2603 1216
4 2708 2603 2565 2566
4 2578 2404 2708 2603
4 1144 2447 1213 1322
4 2613 466 379 467
4 2679 292 379 291
4 1269 2446 464 2460
4 2446 1176 465 466
4 2446 465 378 466
4 2613 378 291 379
4 2679 203 290 202
4 290 378 2613 2446
4 2446 2447 2708 2460
4 2613 291 378 290
4 290 378 2446 377
4 2715 1091 1061 1052
4 2715 1061 1090 1088
4 2715 1091 1090 1061
4 2563 2769 2497 2536
4 2563 2489 2379 1209
4 2549 1051 2749 1057
4 2540 922 189 188
4 2663 1068 1065 923
4 2577 2579 2484 2578
4 2423 1071 1087 1079
4 2798 1058 1048 939
4 2696 2655 2807 2697
4 2696 2655 1707 1702
4 2696 1707 1708 1702
4 2601 2715 2484 2749
4 2577 2654 2450 2688
4 2741 2400 2397 2401
4 2696 1708 1707 1724
4 2596 834 747 835
4 2696 2450 1702 1708
4 2577 2451 2450 1711
4 2599 476 2786 388
4 2740 2423 1066 1073
4 2602 2578 2708 2603
4 2423 1081 1087 1074
4 2444 2473 2621 2706
4 2686 1067 1091 1052
4 2687 2715 1061 1052
4 2748 2807 2696 2655
4 2740 2786 2741 2812
4 2602 2688 2578 2603
4 2686 2687 2654 2750
4 2577 2757 1712 1724
4 2706 209 953 1082
4 209 1082 2623 1080
4 2686 1067 2602 1091
4 2601 2715 2577 2578
4 2602 2621 2706 2688
4 2706 1082 953 1075
4 2649 2807 2650 2516
4 2474 2603 2708 2566
4 2602 953 2473 207
4 2602 2621 2688 2603
4 2407 2688 2621 2603
4 2649 1085 1074 1062
4 656 567 2452 568
4 2560 2643 2754 2729
4 2602 2706 2621 2473
4 2601 2544 2577 2707
4 1281 1124 1279 2393
4 2473 296 383 295
4 2787 2410 1699 1698
4 2736 1420 2425 1464
4 2473 471 384 472
4 2393 469 2566 381
4 2473 383 296 384
4 2473 384 471 383
4 2599 2742 2705 2747
4 387 474 2786 2444
4 2621 1284 1186 473
4 1190 2597 2648 1152
4 2598 2621 1284 1219
4 2686 2687 2715 2578
4 2602 2706 2473 953
4 2402 2404 2406 2603
4 2741 2812 2654 2748
4 2473 2706 209 208
4 2394 2396 2395 1331
4 2654 2748 2423 2750
4 2402 1124 2473 1186
4 656 567 2411 2452
4 2592 1438 2478 1452
4 2750 2577 2696 2757
4 2423 1071 2750 1087
4 2423 1077 1066 1073
4 2761 732 819 731
4 2548 648 561 649
4 2402 1280 1330 1185
4 563 652 2648 2647
4 2482 2405 2736 2425
4 2812 2706 2621 2688
4 2397 2518 2395 2517
4 2654 2595 2696 2407
4 2741 2401 2595 2408
4 2425 1408 2426 1362
4 2786 211 300 299
4 387 474 475 2786
4 2737 218 2517 306
4 2686 2423 2654 2812
4 2705 1293 2400 2742
4 2737 927 217 216
4 2705 391 303 392
4 2597 1329 2599 2400
4 2705 2747 303 302
4 2396 2705 1192 1107
4 622 535 534 2481
4 2404 2713 2488 2714
4 2491 2523 2581 1373
4 2490 2491 2642 812
4 2490 636 547 548
4 1272 2447 1144 2488
4 2523 549 638 637
4 2378 2763 810 2490
4 2523 2758 639 551
4 2582 2607 1357 1444
4 2409 642 729 641
4 2378 721 634 722
4 2402 2603 2406 2621
4 2377 833 1380 832
4 2651 1348 1422 830
4 2444 386 473 385
4 2648 2622 1190 563
4 2647 2648 2592 740
4 2402 2603 2621 2473
4 2426 2428 2479 2595
4 2595 2696 2407 2450
4 736 824 737 2567
4 2592 740 828 739
4 2404 2403 1308 1216
4 2645 2443 2777 2479
4 2651 1454 1379 1430
4 2648 1190 1152 563
4 1347 2567 1378 2694
4 2787 1699 2755 2573
4 1378 2809 2482 2694
4 1347 2567 826 825
4 1438 2592 2651 1454
4 2595 1702 2696 2450
4 2788 2755 2787 1473
4 2402 2406 2622 2621
4 2402 2781 2622 2406
4 2477 2377 2411 2808
4 2777 2377 834 1380
4 2651 2411 2808 2477
4 836 837 749 2443
4 1468 2791 1467 2645
4 823 1378 2548 2482
4 1353 838 2791 2813
4 820 2646 821 2811
4 2492 1613 1714 1691
4 2401 2452 2377 2808
4 2741 2786 2598 2812
4 2597 1189 1221 1106
4 554 2486 553 2758
4 2488 553 552 1144
4 2402 2781 1330 1219
4 650 738 651 2567
4 2787 881 882 1632
4 2444 2621 2812 2706
4 2468 756 843 755
4 2741 2408 2400 2401
4 2595 2655 2401 2397
4 1378 2567 2548 2809
4 563 652 564 2648
4 2488 553 2758 552
4 562 2548 561 649
4 650 2567 2647 2548
4 2603 2712 2450 2578
4 2478 2808 2408 2401
4 2482 1427 1443 1439
4 2478 2425 2426 2427
4 2581 1459 2506 1455
4 2492 1388 880 1458
4 2741 2740 2748 2742
4 2400 2401 2408 2808
4 2400 2452 2401 2808
4 2396 2742 2400 2397
4 2741 2654 2397 2748
4 2599 388 2786 300
4 2597 1152 1290 565
4 2597 1190 2622 1325
4 2400 1188 1329 1223
4 2400 1329 1293 1223
4 2427 1702 2450 1709
4 2788 1471 1473 1386
4 2595 1701 2655 1702
4 2595 1700 1701 1702
4 2427 1715 1702 1709
4 2622 2407 2406 2408
4 2598 1284 2621 1105
4 2781 1286 1149 1219
4 2781 1149 562 561
4 2548 561 2781 562
4 2648 2597 2412 565
4 2622 2406 2407 2621
4 2622 1286 1190 562
4 2622 2781 1286 562
4 2444 1105 2598 2621
4 2781 1286 562 1149
4 650 737 2548 649
4 2597 1189 1329 1221
4 2444 298 385 297
4 2598 1106 1221 1325
4 2622 1190 1286 1325
4 2741 2621 2622 2407
4 2599 2786 2598 2741
4 2444 385 298 386
4 2741 2408 2597 2400
4 2425 1362 2492 1469
4 2681 542 541 1168
4 2694 1452 1438 1456
4 1400 1431 1430 2651
4 2401 2596 2777 2377
4 2425 2694 2426 1408
4 2548 560 647 559
4 1715 1709 2735 2608
4 2482 1378 1439 1443
4 2514 1405 1393 1387
4 2694 1347 1456 1439
4 2728 1822 2700 43
4 2758 639 552 640
4 433 2527 2690 345
4 2427 2405 2450 2407
4 2427 2595 2405 2407
4 2427 2450 2595 2407
4 2427 1702 2595 2450
4 2428 1700 2427 1715
4 2427 2595 1702 1700
4 2427 1702 1715 1700
4 2428 1362 1398 881
4 2427 2478 2405 2595
4 2428 1714 1700 1715
4 2787 2755 2410 883
4 2425 2426 2694 2478
4 2787 883 882 1473
4 2428 2595 2427 1700
4 2608 1716 1715 1709
4 2608 2451 1713 1709
4 2608 1713 1716 1709
4 2425 1420 1408 1469
4 2607 1613 1691 1627
4 2505 1716 1713 1694
4 2581 1450 1429 1466
4 2607 1458 1357 1444
4 2492 2608 1716 1715
4 2492 1716 1691 1715
4 2492 2428 2427 1715
4 1715 1709 2427 2735
4 2506 1455 1459 1447
4 2681 2716 2569 1251
4 2578 2404 2713 2708
4 2523 2506 2758 2644
4 2506 1447 1459 1411
4 2506 1411 1412 1447
4 2582 1458 2607 1444
4 2761 819 732 820
4 2403 560 559 1185
4 2646 2482 1338 821
4 2404 1276 2486 1335
4 2488 1272 553 1144
4 562 2548 2647 2781
4 2811 558 2403 646
4 2811 1182 2403 557
4 2811 733 820 2761
4 2761 733 820 732
4 2404 2713 2708 2565
4 2404 2487 2811 2712
4 2735 2714 2736 2506
4 2735 2714 2804 2450
4 2735 2804 2608 2450
4 2735 2582 2736 2425
4 2804 2644 2643 2769
4 2804 2676 2485 2713
4 2713 2804 2578 2579
4 2804 2643 2562 2451
4 1352 2490 812 811
4 2608 2505 2559 2607
4 1302 2725 2716 1205
4 2502 1410 1415 1403
4 2561 1457 1442 1402
4 2681 629 716 628
4 2683 2604 2593 2481
4 2804 2450 2579 2451
4 2758 728 815 727
4 2758 552 641 640
4 2758 728 640 729
4 2758 727 640 728
4 2758 2506 2714 2644
4 2758 2487 2714 2506
4 2568 551 550 1172
4 2568 1264 1321 1172
4 2804 2676 2568 2644
4 1144 2447 1322 2568
4 2676 1321 2568 1264
4 2447 1213 1322 1269
4 2568 2758 2714 2644
4 2568 1172 1268 551
4 2568 1172 1321 1322
4 2568 1268 1172 1322
4 2568 1144 1268 1322
4 1214 2488 1272 1178
4 2488 2714 2758 2487
4 2482 2811 822 821
4 2811 2406 2483 2403
4 2676 1267 1174 462
4 2446 2613 1176 466
4 2677 548 1173 1141
4 2677 1211 1320 1141
4 2447 1176 2565 1214
4 1211 1171 2676 1320
4 2729 1261 1210 1173
4 2729 547 546 1173
4 2563 1261 2729 1137
4 2563 1102 2677 1211
4 2677 1141 1173 1211
4 2677 1173 1210 1211
4 2729 2677 2769 2644
4 2729 2769 2643 2644
4 2563 1260 1102 1210
4 631 630 2754 542
4 2378 1137 545 544
4 2569 1251 1207 1168
4 806 2541 1371 807
4 2803 2785 2499 2725
4 2569 1138 542 1168
4 2754 632 543 544
4 2489 1209 1138 1207
4 2681 541 1251 1168
4 2610 802 715 2717
4 2803 2725 2569 2716
4 2717 804 2542 1339
4 2717 2702 2610 802
4 1138 2569 1207 1168
4 2379 455 1254 1167
4 2541 1460 1442 1433
4 2563 2677 2729 1210
4 2610 802 2702 801
4 2444 299 386 298
4 2610 626 537 538
4 2505 1818 878 1834
4 2702 801 1368 1369
4 2561 1413 1402 1426
4 2717 2702 2561 2609
4 2504 1418 1463 1395
4 716 2717 804 2542
4 1402 2504 2561 1453
4 2505 1637 1731 1834
4 2542 805 718 806
4 2678 531 1127 532
4 2804 2579 2450 2578
4 2684 1162 1299 1129
4 2540 946 1021 1030
4 2444 473 386 474
4 2539 2616 2790 1030
4 2639 193 192 929
4 2719 1828 2505 2728
4 2539 999 2545 1024
4 1134 541 2716 540
4 2716 1134 540 539
4 2610 1132 538 537
4 808 719 807 2754
4 2593 1369 799 800
4 2610 539 2716 627
4 2716 715 628 716
4 2716 540 627 539
4 2716 628 715 627
4 2716 627 540 628
4 2678 2501 2510 708
4 2719 1806 42 134
4 2684 1239 1202 1299
4 2511 2508 2537 2653
4 2481 1129 2684 1202
4 799 2593 711 2683
4 2503 2502 2514 1387
4 2728 42 1822 43
4 1722 2505 1713 1694
4 2728 2700 1822 1722
4 2444 387 474 386
4 2728 42 1828 1822
4 2728 1828 1722 1822
4 2728 1713 2700 1722
4 2505 1716 1694 1719
4 2562 1713 2608 2451
4 2562 2560 2728 2730
4 2562 2730 2728 2451
4 1105 2444 2786 474
4 2730 2562 2560 2643
4 2564 2802 2760 2730
4 2561 1402 1413 1395
4 2607 2492 1640 880
4 2505 1815 1828 1827
4 2607 1691 1716 1719
4 2502 1421 1451 1434
4 2607 1627 1691 1719
4 879 2505 1627 2607
4 1637 878 2505 1627
4 2607 1716 2492 2608
4 2561 2609 2605 2560
4 2504 2502 1451 1434
4 2719 1827 1828 1806
4 2719 1415 1813 1809
4 2719 1812 1813 1827
4 2502 1836 1403 1832
4 1424 2719 2505 1384
4 2505 1384 878 1424
4 2444 2812 2623 2706
4 2505 1395 879 878
4 2504 1418 1384 1434
4 2505 1384 1395 878
4 1807 2505 2719 1827
4 2719 1384 1415 1434
4 2537 1871 1873 1864
4 2600 792 2514 1381
4 2719 134 1812 1806
4 2502 2719 134 133
4 799 2593 2683 2604
4 2502 1387 1421 1410
4 2502 1387 1410 1405
4 2503 1354 2514 793
4 2684 1202 1129 1299
4 132 1405 1381 2514
4 2503 1354 793 794
4 794 2510 2640 2503
4 2509 2796 1301 2508
4 2784 2796 2774 1095
4 2511 1869 2512 1199
4 2508 2695 2796 2774
4 2537 2513 133 2502
4 2504 1402 2561 1395
4 2513 42 2719 2728
4 2513 2728 2692 43
4 2513 2692 1865 43
4 2605 2560 2609 2730
4 2803 2383 2760 2500
4 1161 2480 1333 1241
4 2803 2725 2760 2730
4 2728 2685 2700 2803
4 1301 1236 2509 1127
4 2513 2685 2728 2605
4 2683 2606 1337 1445
4 2538 2537 142 2512
4 2537 2538 143 2692
4 2537 143 142 1862
4 2537 142 2512 1863
4 2537 1862 142 1863
4 2537 1865 2692 143
4 2537 1865 143 1862
4 2537 133 2513 1871
4 1864 2537 1871 133
4 2537 1871 2513 1865
4 2537 1871 1865 1862
4 2537 1873 1871 1862
4 2537 1865 2513 2692
4 2511 2512 141 1863
4 2511 141 1872 1863
4 2600 1873 1874 1864
4 2511 1863 1872 1873
4 2511 1226 2512 1125
4 2511 1226 1125 527
4 2511 527 1156 1226
4 2537 1863 2512 2511
4 2444 2812 2786 2623
4 2444 2621 2598 2812
4 2444 2598 2786 2812
4 2686 1052 2687 1071
4 2686 2687 2750 1071
4 2686 2688 2602 2706
4 2686 2623 2706 1075
4 2686 1075 1052 1071
4 2686 2706 953 1075
4 2649 2798 2750 2807
4 2649 1072 1063 1062
4 2649 1063 2798 2807
4 2649 2807 2748 2650
4 2649 2807 2750 2748
4 2410 2745 2755 1699
4 2652 2547 2449 2753
4 2507 1377 1475 840
4 2745 1727 2780 1703
4 2745 1727 1703 1706
4 678 2530 2746 679
4 2573 2574 2575 2670
4 2745 1706 1703 1699
4 2601 1051 1041 938
4 2601 1041 1050 938
4 2601 2749 2549 1051
4 433 2527 345 2657
4 2601 1041 1051 1036
4 2601 1051 2549 1036
4 2782 2573 2799 2415
4 2805 2782 2670 2773
4 2753 582 1147 583
4 2415 2469 2575 2387
4 837 1353 838 2791
4 2773 2722 2739 2800
4 2773 2782 2722 2800
4 2415 2416 2573 2799
4 2689 1143 1175 1307
4 2652 2390 2743 2571
4 1343 2652 848 847
4 502 413 501 2751
4 2773 2797 2722 2782
4 2738 500 412 2751
4 2390 2389 2652 673
4 1265 2689 1307 1143
4 2765 1307 1305 1265
4 2530 589 2746 2770
4 2550 858 2551 859
4 2553 416 503 415
4 2689 2739 1307 1212
4 2751 2765 2553 2764
4 2530 590 589 1142
4 2530 1142 591 590
4 2585 323 411 322
4 2530 1263 1304 1140
4 2522 676 763 675
4 2390 762 763 851
4 2652 2449 2571 2753
4 2389 849 762 850
4 2745 2782 2797 2670
4 2449 2574 1483 1487
4 2390 850 762 851
4 1486 2389 2448 1344
4 1147 2652 2638 2753
4 2390 851 1344 850
4 2743 2739 2689 1212
4 2389 2448 1485 1486
4 2468 1375 844 845
4 2583 1490 2448 1489
4 854 767 766 2552
4 2550 1360 858 859
4 2746 1372 853 854
4 2387 1150 580 579
4 2583 1488 2385 2448
4 2552 1345 854 855
4 1359 2584 1495 1493
4 2583 2385 1490 1493
4 2663 1047 1068 923
4 2663 1047 2549 1068
4 2448 1488 1487 1486
4 2656 1367 866 867
4 2448 1487 1485 1486
4 2638 2469 1278 1181
4 2777 1437 2477 1380
4 2371 2671 2385 2745
4 2439 571 2394 1191
4 2415 2575 2573 2416
4 2547 1483 1375 1343
4 2507 2710 2768 2416
4 2449 2652 2389 1343
4 2787 1612 1632 1639
4 2788 1471 2572 1478
4 2787 1714 2428 1626
4 2787 2573 2703 1700
4 2440 2572 2441 2575
4 2755 1478 2574 1473
4 2663 923 1044 1047
4 2410 1720 2531 2384
4 2572 1481 1478 1476
4 2440 2572 2575 2507
4 2753 845 757 846
4 2753 759 846 758
4 2753 758 671 759
4 2753 670 583 671
4 2753 670 757 669
4 2753 846 757 758
4 2753 671 758 670
4 2753 757 670 758
4 2415 2417 2416 2799
4 2454 1222 1193 1292
4 2429 1153 574 573
4 2386 1218 1282 1217
4 2387 1150 2469 580
4 2419 493 492 404
4 2387 1150 1183 1218
4 2448 2522 2390 2571
4 2782 2573 2415 2670
4 2391 2800 2805 2739
4 2585 411 324 412
4 2638 1215 2420 1112
4 2638 1215 1180 1323
4 2638 2670 2469 2753
4 2415 2573 2575 2670
4 2638 1274 1147 1215
4 2638 1274 584 1147
4 2743 2773 2689 2739
4 2743 584 1274 1145
4 2743 1212 1271 1323
4 2638 1323 1274 1215
4 2386 2420 2469 1217
4 2572 2791 2813 1470
4 2429 573 1291 1153
4 837 749 2443 2791
4 2441 2469 2575 2670
4 2596 748 2439 2443
4 2704 2395 2397 2518
4 2663 1068 2549 2424
4 2573 2575 2768 2416
4 2585 2739 2391 1113
4 2547 2574 2441 1483
4 2396 1195 2453 2395
4 2468 668 755 667
4 2473 297 209 2706
4 2415 2387 2386 2469
4 2415 2469 2386 2420
4 2415 2805 2469 2420
4 667 2440 755 2468
4 2495 2434 1064 2398
4 2507 665 664 576
4 2440 577 2710 1285
4 2449 1483 1485 1487
4 2479 1400 1465 1386
4 2415 2388 2386 2387
4 2386 491 492 1111
4 2507 840 841 1377
4 2518 2416 2417 2799
4 2518 2416 2799 2655
4 2645 2703 2768 2443
4 2810 2494 2518 2417
4 1289 2454 2710 1220
4 2454 1193 2431 1292
4 2704 2416 2518 2655
4 2572 2507 2768 2575
4 2791 1353 2813 1470
4 2439 661 748 660
4 2429 2704 2768 2416
4 2454 1222 1291 1155
4 2439 2429 573 1291
4 2439 2394 2454 1224
4 2439 2454 2429 1291
4 838 2813 751 2429
4 2663 196 1044 923
4 2454 1289 2710 1153
4 2454 1310 1289 1153
4 2454 1310 1291 1222
4 2454 1291 1310 1153
4 2703 2397 2401 2655
4 2703 2768 2443 2704
4 2768 2416 2704 2655
4 2787 883 2410 1624
4 2703 2401 2595 2655
4 1478 2788 1473 2755
4 2452 2596 569 2394
4 2596 745 2377 657
4 2777 2477 2401 2377
4 2477 1348 2411 832
4 2645 2479 2788 2703
4 2429 749 2443 2439
4 750 749 2429 661
4 2703 2704 2397 2655
4 2507 2429 751 2813
4 2440 2387 578 1184
4 2572 1470 2813 1475
4 2645 2572 2791 2768
4 2645 1465 2788 2479
4 2645 2777 1465 2479
4 664 663 751 2507
4 2663 196 2496 1044
4 1449 2645 2443 2777
4 2787 1398 2428 1386
4 2669 2745 2385 2671
4 2573 2745 2670 2782
4 2477 1380 1348 832
4 2703 2655 2595 1701
4 2703 2595 2428 1700
4 2703 2595 1700 1701
4 2573 1701 2703 1700
4 2573 1699 1701 1700
4 2573 2799 1701 1703
4 2573 1701 1699 1703
4 1475 2507 2813 2572
4 2573 2745 2799 1703
4 2573 1699 2745 1703
4 2573 2768 2703 2799
4 2573 2799 2703 1701
4 2755 2574 2573 2670
4 2645 2768 2791 2443
4 2787 882 883 1639
4 2787 2428 881 1626
4 2755 2574 1361 1473
4 2755 1361 883 1473
4 2787 881 2428 1398
4 2755 2745 2573 1699
4 2572 2768 2507 2791
4 98 2591 2472 2533
4 2580 2458 1336 1508
4 2787 1699 2410 2755
4 2384 1727 2745 1706
4 2384 1693 1727 1706
4 2384 2780 2745 1727
4 2384 2462 2780 1727
4 2589 2437 1135 1252
4 2632 2528 2526 2527
4 2384 1706 1720 1693
4 2455 1383 1406 1390
4 2384 1693 2462 1727
4 2551 683 770 682
4 2493 593 594 2551
4 2551 595 682 594
4 679 766 2746 678
4 2551 681 682 770
4 2551 593 594 682
4 2551 682 681 593
4 2765 1305 2770 1265
4 2549 2790 1040 2663
4 2731 1139 2493 1258
4 2553 503 1262 1115
4 2552 768 855 767
4 2550 1496 2552 856
4 2764 2752 2587 2780
4 2764 2797 2752 2780
4 2669 2745 2671 2670
4 2752 2770 2746 2797
4 2680 2792 2749 921
4 2680 921 1088 950
4 2764 2722 2773 2797
4 2764 2722 2797 2780
4 2731 1256 1208 1303
4 2627 420 2590 421
4 2674 2589 775 774
4 2671 2752 2746 2797
4 2680 950 201 921
4 2667 2461 2557 2463
4 2738 2525 2524 2789
4 2795 2794 2629 2587
4 2731 1303 1208 1255
4 2731 1255 1139 1303
4 2731 1139 1255 595
4 2493 2637 2752 2550
4 1255 2734 1208 2731
4 2637 595 684 683
4 594 2731 2493 2551
4 2588 776 688 777
4 2734 686 685 597
4 2371 2384 2410 2531
4 2674 686 773 685
4 2631 693 781 692
4 2465 516 515 428
4 2674 861 2718 1370
4 2588 776 865 864
4 2674 684 685 773
4 2718 2372 1359 1436
4 2438 2665 1315 1242
4 2438 2675 1133 1244
4 2680 201 2792 921
4 2445 2459 607 695
4 2438 2658 1245 1164
4 2634 2436 2633 2438
4 2438 2437 2658 1318
4 601 2675 1133 2436
4 2767 2665 2632 1203
4 1120 1242 2767 2665
4 2459 606 1130 607
4 2634 2456 2458 2532
4 2436 688 687 599
4 2438 1315 1119 1242
4 2767 2631 1131 1240
4 2436 1248 1135 1318
4 2438 1245 2659 1119
4 1406 1391 2455 2591
4 2570 2666 2462 2519
4 2570 1779 18 17
4 17 2533 1779 98
4 2630 2656 2634 2675
4 2680 1088 2749 2715
4 2466 697 698 786
4 874 785 2471 2466
4 690 2767 603 602
4 2466 2635 611 1229
4 2636 1200 1126 1231
4 2459 2471 2470 2528
4 2470 1128 609 608
4 2635 1158 2726 104
4 2459 1130 2632 1234
4 1089 2680 2679 2715
4 2690 2636 1123 1198
4 2690 523 2726 1198
4 2756 789 877 788
4 2528 106 2529 2666
4 2632 2664 2657 1237
4 2466 2455 2756 2635
4 2635 105 1777 104
4 2635 1783 104 1786
4 2680 201 950 202
4 2756 1780 701 613
4 2635 104 1777 1786
4 2591 2455 1785 97
4 2591 1356 2455 1390
4 2591 1356 1390 1394
4 2591 1401 1350 1394
4 2456 2458 1409 1508
4 2580 1409 2458 1508
4 2472 1407 1355 1385
4 2591 2455 1406 1390
4 2591 1406 1416 1390
4 2591 1401 1394 1390
4 2591 1404 1409 1401
4 2591 1416 1407 1404
4 2591 1390 1404 1401
4 2591 1416 1404 1390
4 2531 1757 1693 81
4 2531 1744 1757 81
4 2531 1720 1744 81
4 1733 1744 1763 2531
4 2531 1756 1744 1763
4 2531 1693 2384 1720
4 2531 1757 1756 1734
4 2531 1757 1744 1756
4 1417 2373 1397 2472
4 2472 2531 1397 1756
4 2472 1734 2531 1756
4 2472 1734 1756 1740
4 98 2591 1740 2472
4 2472 1397 1417 1407
4 2472 1740 1742 1738
4 2472 1756 1742 1740
4 2410 883 1491 884
4 2410 883 884 1624
4 2410 1706 2384 2745
4 2410 1706 2745 1699
4 2410 1706 1699 1698
4 1638 2410 1614 885
4 1633 1697 2410 1698
4 2410 1697 1706 1698
4 1633 1697 1614 2410
4 2734 597 598 686
4 2463 2587 2752 2780
4 2780 2587 2721 2461
4 2611 2464 2667 2659
4 2720 2442 2661 2722
4 2586 992 994 934
4 2461 1717 2462 2519
4 2586 2721 2779 2672
4 985 2586 2672 934
4 2467 1743 1759 1741
4 2413 979 972 957
4 2413 957 259 968
4 2413 983 2673 1760
4 2413 2673 983 961
4 2413 983 979 961
4 2413 931 961 968
4 2413 259 931 968
4 100 2413 2673 1760
4 2413 961 979 968
4 2413 979 957 968
4 2690 435 522 434
4 2783 257 344 256
4 257 345 2783 344
4 2527 2529 2690 2414
4 2527 2666 2529 2414
4 2680 950 2679 202
4 433 522 434 2690
4 2526 521 1123 1233
4 2657 343 344 432
4 2657 519 520 1122
4 2527 2414 2673 2666
4 521 2526 520 1122
4 521 522 2690 1123
4 432 2657 345 344
4 2526 520 1122 2657
4 2691 2665 2806 2464
4 2526 1237 1122 1298
4 2527 2783 2690 345
4 2526 1298 1122 1233
4 2563 2536 2380 2769
4 2668 997 1005 988
4 2576 915 1011 1005
4 427 428 340 2465
4 2691 2659 514 1119
4 2633 2665 2438 2437
4 2461 2462 1717 2721
4 2668 2666 2778 2673
4 2767 1244 2438 1315
4 2438 1245 1119 1316
4 2665 2659 2463 2464
4 2630 2528 2632 2665
4 2456 2591 2472 1407
4 2691 1119 515 1242
4 2665 2806 2464 2666
4 2465 428 517 516
4 2668 988 1022 1027
4 2563 2729 2489 1137
4 2668 1022 2779 1027
4 2668 2467 997 988
4 1022 2667 2611 2520
4 2563 2489 1306 1137
4 2668 997 2467 2673
4 2667 2461 2668 2779
4 2611 924 1009 945
4 2668 2778 2520 1005
4 2668 2779 2467 1027
4 2576 915 2778 255
4 2778 2673 990 1005
4 2778 990 915 1005
4 429 2576 2664 430
4 2778 255 915 943
4 2657 519 1122 1237
4 2668 2673 2778 1005
4 2778 2666 2527 2673
4 2668 2467 2666 2673
4 2668 2464 2520 2806
4 2668 2467 2519 2666
4 2668 2519 2464 2666
4 2668 2806 2666 2464
4 2461 1758 2515 1695
4 2461 2519 1695 1717
4 2461 2519 2467 1758
4 2557 2794 2463 2587
4 2558 2629 2759 2628
4 2795 2752 2463 2587
4 2775 1319 2437 1327
4 2463 2633 2437 2665
4 2633 2462 2665 2464
4 2461 2467 2668 2779
4 2461 2467 2779 2515
4 2461 2462 2464 2519
4 2461 2586 2721 2779
4 2463 2667 2659 2557
4 2461 2464 2668 2519
4 2463 2667 2464 2659
4 2461 2515 2779 2721
4 2556 917 1032 1029
4 2558 2629 2628 2627
4 2557 2587 2463 2586
4 2557 995 1001 1010
4 2612 995 1000 246
4 2612 247 924 248
4 2667 2586 2461 2779
4 2667 992 2586 2779
4 2667 992 2779 975
4 2611 2612 2667 1009
4 2563 2729 2379 2489
4 1022 2668 2667 2520
4 2667 975 2779 1022
4 1022 2667 975 2611
4 1022 2668 2779 2667
4 2611 1022 2520 1019
4 2612 2590 995 246
4 2662 248 924 249
4 2563 1260 1306 1169
4 2612 334 2590 246
4 2611 2520 2521 1012
4 2558 2794 2557 2629
4 2775 510 509 421
4 2776 335 336 424
4 2563 1260 1210 1306
4 2775 2463 2557 2794
4 2775 2437 2463 2794
4 2463 2775 2557 2659
4 2564 2563 2769 2729
4 2658 1250 1118 511
4 2658 1319 2775 1118
4 2658 1250 1319 1118
4 2658 1318 2437 1319
4 2658 1318 1319 1250
4 2658 1318 1250 1164
4 2658 1250 511 1164
4 2658 2437 2775 1319
4 2658 2659 2775 2437
4 2496 194 1044 195
4 2590 246 947 995
4 2590 2794 2775 2557
4 2590 332 244 333
4 2590 334 333 245
4 2590 245 246 334
4 2556 2587 2660 2759
4 2590 947 246 245
4 2590 333 244 245
4 2590 244 947 245
4 2496 195 282 194
4 2627 419 508 507
4 2587 2759 2556 2558
4 243 2628 331 2627
4 2627 419 420 508
4 2627 332 2590 420
4 2627 331 332 420
4 2628 2422 329 417
4 2627 331 420 419
4 2422 416 329 417
4 2759 2628 329 330
4 243 2628 2627 2558
4 2421 2525 2751 2661
4 416 2553 327 415
4 2422 329 416 328
4 2422 328 241 329
4 2558 2590 947 995
4 2421 2661 2422 2759
4 2422 327 328 416
4 2422 241 328 240
4 2764 2661 2751 2738
4 2628 418 331 419
4 2628 331 418 330
4 2628 418 506 417
4 2628 419 506 418
4 2553 327 414 326
4 2421 239 238 916
4 2759 2422 2628 2629
4 2759 1032 241 1035
4 2660 1020 949 916
4 2620 1031 1039 954
4 2556 1010 1001 992
4 2421 327 240 328
4 2759 1029 1032 1035
4 2789 1028 2442 1025
4 2771 2800 2722 2782
4 2421 326 2751 238
4 2660 949 1020 1026
4 2660 1026 994 1029
4 2661 2422 2759 2629
4 2553 1116 2555 1262
4 2660 1026 1020 994
4 2433 2798 1048 939
4 2624 971 962 168
4 2496 196 195 1044
4 2624 168 2672 1014
4 2624 168 1014 971
4 2720 2442 2554 976
4 2624 971 1014 1002
4 2376 2433 1037 1043
4 2496 2536 2497 2769
4 2585 324 411 323
4 2554 1034 1037 962
4 2433 962 2554 1037
4 169 2798 1058 1048
4 2798 2757 170 963
4 2798 170 1058 963
4 2798 1058 1063 963
4 2810 2454 2431 1288
4 2798 1063 1058 939
4 2798 2696 2807 2697
4 2798 2757 2696 2697
4 2798 2711 2757 2697
4 2433 1053 939 1043
4 2433 939 1048 1043
4 2433 2417 2554 2771
4 2433 2697 2417 2771
4 2620 1037 2554 1031
4 2620 2762 2535 2800
4 2594 233 919 234
4 2639 2564 2380 2769
4 1042 2620 2376 954
4 1042 2620 954 1031
4 2433 2620 1037 2554
4 2620 2442 2554 2771
4 2375 2418 2762 2417
4 2375 918 227 1055
4 2375 1056 1046 1055
4 2375 227 226 1055
4 2375 1055 226 1056
4 2432 2495 2375 2418
4 2432 1053 2494 2433
4 2432 2375 930 1056
4 2799 2494 2518 2655
4 2494 2807 2518 2655
4 2494 2799 2417 2697
4 2799 2494 2417 2518
4 2494 2799 2697 2655
4 2494 2697 2433 2798
4 2494 2697 2798 2807
4 2494 2697 2807 2655
4 2494 2417 2433 2697
4 2435 1070 1053 1054
4 2435 1053 1070 1076
4 2434 2810 2495 2435
4 2810 2454 1288 1220
4 2435 1070 1064 955
4 2810 2417 2416 2418
4 2432 930 2375 2495
4 2639 2564 2769 2790
4 2430 1193 2395 1108
4 2430 1193 1108 484
4 2430 485 2431 1193
4 2430 485 1193 484
4 2430 397 484 396
4 2430 395 396 484
4 2454 2430 2395 2518
4 2430 2395 2518 2517
4 2639 194 281 193
4 2430 483 2395 2517
4 2398 486 399 487
4 2399 2388 2682 2418
4 2399 2398 1288 2431
4 2398 399 312 400
4 2399 224 2495 225
4 2398 311 224 312
4 2398 398 311 399
4 2398 312 399 311
4 2810 2435 2494 2495
4 2434 1064 2398 955
4 2639 929 194 193
4 2810 2454 2518 2431
4 2517 2434 308 220
4 2419 404 316 405
4 2415 2762 2386 2418
4 2419 2392 318 317
4 2415 2387 2575 2388
4 2374 403 316 404
4 2374 404 491 403
4 2386 491 2374 492
4 2419 318 405 317
4 2374 491 404 492
4 2374 2762 2375 2418
4 2682 490 491 1111
4 2682 401 314 402
4 2399 489 2682 1187
4 2682 490 489 401
4 2682 2418 2374 2375
4 2682 402 491 490
4 2682 402 490 401
4 2386 492 1282 1111
4 2386 2682 2388 2418
4 2386 2374 2682 2418
4 2386 491 2682 2374
4 2386 2682 491 1111
4 2386 2388 2682 1283
4 2386 1283 2682 1111
4 2386 1111 1282 1218
4 2663 2549 2790 2579
4 2805 2800 2773 2739
4 2805 2535 2420 2762
4 2805 2800 2535 2762
4 2805 2782 2773 2800
4 2805 2762 2782 2800
4 2585 498 2391 497
4 2391 497 498 1113
4 2391 1113 2739 1323
4 2391 1273 1113 1323
4 2391 497 1180 496
4 2391 497 1113 1273
4 2391 497 1273 1180
4 2534 2535 2391 2800
4 2594 2800 2534 2391
4 2392 319 2535 407
4 2534 1038 231 1039
4 2639 282 2496 2380
4 2534 232 919 233
4 2534 231 1038 232
4 2594 1028 1025 919
4 2594 234 321 233
4 2620 1038 2534 1039
4 2534 919 232 1038
4 2534 919 1038 1028
4 2594 235 323 234
4 2720 1002 976 971
4 2764 2422 2661 2629
4 2594 234 951 235
4 501 2751 413 500
4 2620 1038 1031 1028
4 2392 231 318 230
4 2392 229 230 318
4 2765 501 502 1115
4 325 412 2751 2524
4 2720 934 2624 2586
4 2524 2594 2789 951
4 2555 1304 1258 1140
4 2751 1007 238 237
4 1015 2751 2525 2524
4 2720 2624 2442 2771
4 2720 2771 2722 2721
4 2720 994 1020 976
4 2720 1002 994 976
4 2720 2442 2525 2661
4 2720 2624 934 1002
4 2720 2586 994 934
4 2720 2660 2525 1020
4 2720 2554 2442 2624
4 2442 2624 2554 2771
4 2525 1020 2660 916
4 2525 2442 976 1025
4 2525 976 1023 1025
4 2789 1025 2525 951
4 2661 2789 2442 2525
4 2525 1015 1018 1023
4 2525 1015 1020 916
4 2720 2771 2442 2722
4 2525 976 1020 1023
4 2525 1023 1020 1015
4 2789 2442 2525 1025
4 2620 2442 2789 1028
4 2594 2620 2800 2789
4 2564 2804 2579 2451
4 1114 2765 500 2738
4 2661 2789 2722 2442
4 2789 2442 2800 2722
4 2585 2739 1270 1114
4 2585 2789 2738 2524
4 324 325 237 2524
4 2765 502 2751 2553
4 412 2524 324 2585
4 2524 2525 1018 951
4 1015 2751 2524 1007
4 2524 325 412 324
4 2585 2594 323 322
4 2764 2587 2661 2722
4 2764 2661 2587 2629
4 2552 2530 2746 2752
4 2764 2587 2752 2629
4 2764 2770 2752 2797
4 2793 2628 2626 1117
4 2555 1305 1262 1304
4 2793 1117 2626 1303
4 2793 1304 1303 1258
4 2626 1327 1208 1166
4 2793 2626 2628 2629
4 2555 2422 2764 2629
4 2555 1304 1262 1116
4 2555 1116 1259 1304
4 2485 2564 2769 2804
4 2564 2802 2451 2579
4 2564 2451 2802 2730
4 2643 2564 2730 2451
4 2564 2804 2643 2769
4 2564 2485 2790 2579
4 2415 2782 2805 2762
4 2415 2805 2782 2670
4 2803 2685 2709 2785
4 2766 2803 2785 2685
4 2803 2709 2685 2801
4 2733 264 177 265
4 2733 352 265 353
4 2733 353 265 354
4 2774 2733 178 266
4 1094 2774 2733 2695
4 2733 266 265 177
4 2733 354 265 266
4 2774 1232 2695 1094
4 2774 442 1232 1094
4 2641 179 178 928
4 2641 2695 2774 2724
4 2641 2724 179 928
4 2774 2692 2724 2695
4 180 269 181 2724
4 2784 2699 2796 1096
4 797 708 796 2501
4 2774 1095 1232 442
4 181 180 2724 964
4 2774 442 443 1095
4 2538 2695 2693 2692
4 2538 2693 2695 2618
4 2619 2538 2618 1846
4 2641 978 982 974
4 2538 1847 1856 1846
4 2538 1848 1856 1845
4 2538 1845 1856 1847
4 2803 2709 2499 2785
4 2498 2499 275 2500
4 2803 2730 2605 2609
4 2803 2802 2760 2801
4 2685 2692 2728 2700
4 2685 2692 2700 2801
4 2760 2381 2379 2725
4 2692 2723 2801 2685
4 270 183 2699 271
4 2475 2476 1006 1004
4 2513 2685 2692 2728
4 2723 2724 2693 982
4 1334 2684 1301 1236
4 2796 1299 1334 1235
4 2796 1235 1334 1095
4 2796 1095 1334 1301
4 2796 2692 2774 2695
4 2796 1301 2684 2509
4 2699 270 357 269
4 2796 2724 2774 2692
4 2476 1006 1004 996
4 2784 269 268 180
4 2723 964 914 181
4 2475 2801 2732 2723
4 2475 2709 2801 2723
4 2540 2382 946 1030
4 181 182 914 2699
4 182 914 2699 183
4 2475 989 2732 996
4 2699 445 446 1096
4 2699 1239 446 1097
4 1241 2480 1313 1202
4 2480 1313 1097 1333
4 2480 2709 2785 2615
4 2480 2684 2481 2685
4 2699 2685 2723 2796
4 2772 1811 2614 1831
4 2772 136 1811 1831
4 2772 136 1831 135
4 2772 2693 2614 2701
4 2772 2701 2614 137
4 2772 2693 2701 137
4 2772 137 2614 1811
4 2772 137 1811 136
4 2772 2538 2693 137
4 2772 2693 2538 2618
4 2641 928 969 974
4 2641 974 969 965
4 2641 2618 2772 959
4 2641 969 933 965
4 2641 2724 2693 2695
4 2641 2695 2693 2618
4 177 2641 2618 2733
4 2641 2693 2772 2618
4 2543 1817 1808 1833
4 2732 2701 2614 2693
4 2732 2801 2701 2693
4 2802 2616 2545 2544
4 984 2732 2543 2614
4 2543 2546 173 1833
4 2543 2614 2732 2701
4 2543 2614 1830 1814
4 2543 2545 2732 999
4 2543 2701 2732 2545
4 2543 2546 2545 173
4 2543 1808 1830 1833
4 2543 1808 173 980
4 2543 1808 980 1814
4 2543 1830 1808 1814
4 2543 980 935 984
4 2639 191 946 192
4 2803 2569 2725 2730
4 2616 1036 1033 1041
4 2616 1024 1033 1030
4 2616 1033 937 1041
4 2475 914 2723 989
4 1050 2545 937 2616
4 2616 1024 2545 937
4 2616 1033 1024 937
4 2564 2769 2790 2485
4 2663 1045 2790 1040
4 2790 929 1040 1045
4 2639 929 192 946
4 2564 2563 2729 2379
4 2381 280 2380 368
4 2760 2476 2383 2801
4 2802 2451 2579 2544
4 2539 2476 1013 1006
4 2381 190 277 2540
4 2475 2732 2476 996
4 2499 1098 2615 449
4 2760 2802 2476 2801
4 2803 2609 2569 2730
4 2760 2383 2709 2801
4 2536 2380 2769 2496
4 2540 1016 2383 1021
4 2802 2732 2801 2701
4 2802 2545 2732 2701
4 2802 2544 2545 2701
4 2802 2700 2544 2701
4 2803 2760 2709 2801
4 2802 2801 2700 2701
4 2803 2716 2609 2785
4 2539 2790 2382 1030
4 2476 999 2732 2545
4 999 2539 2476 1013
4 2760 2500 2381 2725
4 2803 2605 2766 2609
4 2803 2685 2700 2801
4 2709 2801 2723 2685
4 2709 2698 2480 2723
4 2475 2698 2709 2723
4 2540 2382 2760 2381
4 2475 2383 2498 936
4 2698 2615 2480 447
4 2499 275 363 274
4 2480 2796 2699 1239
4 2498 273 274 362
4 2498 186 274 185
4 2498 184 185 273
4 2498 185 274 273
4 2725 1207 1100 1167
4 2725 1167 1100 454
4 2725 1100 1249 452
4 2725 1206 1100 1207
4 2725 1206 1249 1100
4 2499 2709 2498 2615
4 2499 450 363 451
4 2499 1099 2785 1246
4 2499 450 1099 1246
4 2499 2785 2709 2615
4 2803 2730 2760 2802
4 2499 450 451 1099
4 2536 371 458 370
4 2536 458 371 459
4 2676 1171 2497 1174
4 2496 2497 371 372
4 2497 459 1171 1102
4 2424 462 2460 2676
4 2564 2725 2760 2379
4 2496 371 283 372
4 2676 2677 2497 1211
4 2381 365 278 366
4 2381 279 278 190
4 2381 366 455 454
4 2381 279 367 278
4 2539 2476 2802 2545
4 2381 366 367 455
4 2381 366 278 367
4 628 541 2716 2681
4 2379 2729 2730 2489
4 2564 2730 2379 2729
4 2563 1101 2380 1169
4 2563 1261 1306 1210
4 2564 2725 2379 2730
4 2569 2725 2379 1207
4 2497 371 460 459
4 2563 2536 2497 1102
4 2497 1171 459 460
4 2497 1174 1171 460
4 2497 461 1174 460
4 374 286 285 2424
4 2497 371 372 460
4 2497 460 373 461
4 2497 373 460 372
4 2676 2460 1267 462
4 2676 2460 1103 1267
4 2804 2769 2676 2644
4 2676 2485 2713 2460
4 2676 2769 2497 2677
4 2424 199 287 286
4 2769 2424 2676 2497
4 2447 2565 2708 2713
4 2447 2713 2708 2460
4 2447 2488 2676 2568
4 2447 2565 2488 1214
4 2447 1213 1269 1104
4 1269 2446 2460 2447
4 2460 2446 288 2792
4 2447 2713 2488 2565
4 2680 2715 2484 2708
4 2446 289 377 288
4 2424 373 462 2497
4 2446 288 377 376
4 2446 464 2460 376
4 2446 465 464 376
4 2540 2382 2381 946
4 2446 378 465 377
4 2446 289 290 377
4 2446 377 465 376
4 2792 289 288 200
4 200 199 287 2792
4 2792 921 201 200
4 2792 2749 921 1078
4 2792 921 200 1078
4 373 462 374 2424
4 2750 2687 1059 1071
4 462 2424 2497 2676
4 2540 2381 2760 2500
4 2484 2460 2424 2792
4 2769 2424 2485 2676
4 2484 2792 2424 2749
4 948 2424 199 1078
4 2663 2790 2485 2579
4 2424 1065 197 196
4 2424 1065 1068 948
4 2424 948 197 1065
4 2484 2708 2713 2460
4 2484 2713 2485 2460
4 2549 1057 1047 1036
4 2579 2484 2578 2713
4 2601 2715 2749 1061
4 2484 2708 2715 2578
4 2484 2713 2708 2578
4 2579 2484 2713 2485
4 2393 1092 2566 469
4 2393 1092 469 470
4 2402 1186 2621 1284
4 1281 1124 2393 2402
4 2393 471 2473 1124
4 2393 471 1124 470
4 2393 2603 2566 1308
4 2393 1279 1092 470
4 2393 1279 470 1124
4 2474 204 2679 952
4 2679 2708 2613 2566
4 2474 205 206 294
4 2474 2603 2393 2473
4 2686 1071 1079 1075
4 2679 2715 952 1089
4 2679 952 203 1089
4 2649 1087 2423 2750
4 2679 291 204 292
4 2679 2613 290 291
4 2679 290 203 291
4 2679 203 952 204
4 2679 204 291 203
4 2474 206 205 920
4 2474 2715 2679 2708
4 2474 2708 2679 2566
4 2602 952 1067 920
4 2602 2715 1091 952
4 2602 1091 1067 952
4 2686 2423 2623 1079
4 2812 2623 2706 2686
4 2602 952 2474 2715
4 2577 1708 2696 1724
4 1040 1047 2549 2663
4 2663 1065 2424 196
4 2601 1050 2544 2707
4 2601 2616 1050 1041
4 2549 2790 2616 1036
4 2601 2687 1061 938
4 2549 2616 2790 2579
4 2687 1049 1052 938
4 2686 2687 2578 2688
4 2601 1049 2687 938
4 2687 171 2757 1059
4 2687 171 1059 1049
4 2687 1049 1059 1052
4 2577 1712 1708 1724
4 2577 2544 1711 1712
4 2577 1711 1708 1712
4 2577 2707 2544 1712
4 2750 2687 2577 2757
4 2750 2757 2798 963
4 2649 963 2798 1063
4 2686 953 2602 1067
4 2812 2686 2688 2654
4 2750 2696 2798 2757
4 2750 2798 2696 2807
4 2750 2696 2748 2807
4 2654 2696 2595 2655
4 2623 212 211 926
4 2649 2423 1087 1074
4 2423 1087 1081 1079
4 2654 2748 2696 2655
4 2423 1081 1073 1079
4 2654 2423 2748 2812
4 2741 2397 2400 2742
4 2654 2407 2696 2450
4 2654 2688 2407 2450
4 2577 2654 2696 2450
4 2577 2750 2696 2654
4 2654 2812 2407 2688
4 2654 2750 2696 2748
4 2686 2750 2654 2423
4 2686 1091 2602 2715
4 2578 2602 2686 2688
4 2623 1080 1075 1079
4 2623 210 209 1080
4 2623 210 1080 926
4 2623 1079 2423 1073
4 2623 926 1079 1073
4 2623 1080 1079 926
4 2598 1325 1286 1219
4 2597 2599 1329 1189
4 2599 2705 478 390
4 2786 476 387 388
4 475 2598 1106 2786
4 2786 476 475 387
4 2786 1106 475 476
4 2444 211 298 210
4 385 2473 2444 297
4 2740 300 213 301
4 2786 475 2598 1105
4 2786 475 1105 474
4 2598 1105 1325 1219
4 2598 1106 1325 1287
4 475 2598 1287 1106
4 2539 2760 2476 2383
4 2598 1287 1105 475
4 2598 1105 1287 1325
4 2741 2595 2654 2407
4 2741 2408 2595 2407
4 2741 2407 2622 2408
4 2741 2654 2812 2407
4 2599 2740 301 300
4 2737 393 306 394
4 2747 927 216 215
4 2747 215 304 303
4 2747 302 215 303
4 2599 389 476 388
4 2747 927 1085 2650
4 2747 927 215 1066
4 2747 215 302 214
4 2747 215 214 1066
4 2453 2650 2742 2397
4 2540 1021 946 922
4 2453 394 481 393
4 2453 480 393 481
4 2705 391 478 390
4 2453 2517 2397 2395
4 2453 2517 2395 482
4 2453 482 2395 481
4 2705 478 1107 1293
4 2705 479 480 1107
4 2705 479 391 480
4 2705 478 391 479
4 2705 1107 478 479
4 2705 2742 2453 2747
4 2737 2453 304 305
4 2737 304 217 305
4 2737 218 305 217
4 2397 2737 2650 2516
4 219 2737 2517 2516
4 2737 927 956 217
4 2737 218 217 956
4 2737 2650 2453 2397
4 2737 2397 2453 2517
4 2540 922 946 190
4 2741 2597 2598 2599
4 2540 946 2381 190
4 2740 2623 2786 2812
4 2740 2423 2623 2812
4 2740 2423 2812 2748
4 2741 2740 2812 2748
4 2740 2748 2747 2423
4 2740 2747 2748 2742
4 2599 389 478 477
4 2599 476 389 477
4 2599 477 1189 1106
4 2741 2599 2742 2400
4 2599 2741 2597 2400
4 2540 2500 2760 2383
4 2540 922 1016 1021
4 2803 2709 2760 2383
4 2540 1016 2500 2383
4 2540 189 922 190
4 2803 2700 2728 2730
4 2564 2790 2382 2616
4 2639 2382 2380 2564
4 2564 2616 2802 2579
4 2803 2802 2801 2700
4 2475 1004 944 998
4 2475 998 944 914
4 2698 272 183 184
4 2396 2395 2453 2397
4 2396 1294 2400 1223
4 2396 1294 1223 1225
4 2396 1154 2452 1294
4 2396 1225 1154 1294
4 2396 1154 1225 1326
4 2396 1225 1192 1326
4 2396 2452 2400 1294
4 2741 2408 2622 2597
4 2698 184 183 944
4 2597 2598 1221 1325
4 2597 2622 2598 1325
4 2597 1221 1152 1325
4 2597 1329 2400 1188
4 2597 1290 1329 1188
4 2597 1290 1152 1221
4 2597 1221 1329 1290
4 2412 1188 1294 567
4 2412 1188 2400 2452
4 2592 2648 741 740
4 2412 653 565 654
4 2412 655 742 654
4 2412 654 567 655
4 2412 566 1188 567
4 2412 2452 2400 2808
4 2412 566 654 565
4 2412 567 654 566
4 2648 740 653 741
4 2648 2400 2597 2408
4 2648 2808 2400 2408
4 2648 652 565 653
4 2648 2597 2622 2408
4 2482 2736 1427 1420
4 2648 653 740 652
4 2648 2408 2478 2808
4 2592 828 1452 827
4 2426 1398 1400 1386
4 2592 828 741 829
4 2698 2498 272 184
4 2651 2411 2477 1348
4 2592 1454 1452 828
4 2592 2808 2648 2478
4 2592 828 829 1379
4 2592 1379 1454 828
4 2403 1185 559 1280
4 2393 1216 1281 2402
4 2646 2712 2482 2811
4 2403 646 559 647
4 2403 1148 1216 1280
4 2403 1182 1148 557
4 2486 1146 555 554
4 2403 559 646 558
4 2403 1280 559 1148
4 2403 557 1148 558
4 2403 559 558 1148
4 651 650 2567 2647
4 826 827 739 2567
4 2647 2648 2622 2408
4 2647 2478 2648 2408
4 2647 2478 2592 2648
4 2809 2405 2478 2408
4 2809 2406 2405 2408
4 2712 2450 2405 2407
4 2694 1452 2478 1438
4 2809 2622 2647 2781
4 2809 2406 2622 2781
4 1438 2651 2478 2426
4 2482 2809 2406 2405
4 2548 735 648 736
4 2548 649 736 648
4 2548 647 560 648
4 2548 2781 561 560
4 2548 561 648 560
4 2548 2809 2781 2406
4 2603 2712 2407 2450
4 2548 2781 2403 2406
4 2548 560 2403 2781
4 2483 2809 2548 2406
4 2694 1427 1439 1420
4 2426 1408 1438 1430
4 2426 2427 2428 2595
4 2426 2428 2492 1362
4 2694 1438 1408 1456
4 2694 2478 2809 2405
4 2694 1439 1408 1420
4 2426 1362 1400 1398
4 2694 1456 1408 1439
4 2479 2703 2443 2704
4 2479 2401 2703 2704
4 2479 2443 2401 2704
4 836 1467 837 2443
4 2479 2401 2478 2595
4 2479 1437 1465 1400
4 2479 2703 2401 2595
4 2479 2428 2703 2595
4 2477 2808 2401 2377
4 1431 1348 2651 2477
4 2651 1430 1422 1431
4 2645 2791 2572 1470
4 2651 2426 1430 1400
4 1438 2592 2478 2651
4 2478 2425 2427 2405
4 2651 2808 2592 2478
4 2477 2377 1380 832
4 2426 1400 2479 1386
4 2426 1400 1362 1408
4 2777 2377 2596 834
4 2478 2477 2426 2651
4 2426 1438 2694 2478
4 2426 2694 1438 1408
4 2425 1420 2694 1408
4 2646 2482 1427 1338
4 2425 1469 2492 1464
4 2425 1469 1464 1420
4 2811 2403 558 557
4 2736 2425 2582 1464
4 2581 1341 2506 1459
4 2582 1450 1455 1444
4 1458 2582 2607 2492
4 2735 2712 2714 2450
4 2582 2608 2607 2492
4 2581 1466 1462 1450
4 2581 1373 1462 1466
4 2581 2582 2506 2714
4 2581 2643 2582 2714
4 2491 549 636 548
4 2559 1429 2581 2582
4 2559 1472 2642 1429
4 2642 1373 2581 1466
4 2642 1373 1466 1352
4 2642 1466 2581 1429
4 2642 1466 1429 1472
4 2642 810 1352 1474
4 2763 810 2490 2642
4 2642 1352 1466 1472
4 2642 1474 1352 1472
4 2736 2582 2506 1435
4 2736 1423 1420 1435
4 2736 1423 1427 1420
4 2646 1338 820 821
4 2646 820 1338 1376
4 2646 2736 2487 2506
4 2736 1435 1399 1423
4 2736 2506 2714 2487
4 2506 1412 2487 2646
4 2404 2714 2488 2487
4 2404 2712 2714 2487
4 2404 2486 1276 1182
4 2482 823 1443 1440
4 2646 1423 2736 1399
4 2712 2487 2736 2714
4 2811 2483 822 734
4 2811 822 733 734
4 2811 646 2483 734
4 2811 645 646 734
4 2811 734 733 645
4 2409 817 2758 729
4 2698 272 2498 2615
4 2761 645 732 644
4 2761 731 644 732
4 2761 557 2811 645
4 2761 644 557 645
4 2761 1182 2811 557
4 2761 556 1182 557
4 2404 1276 1308 1182
4 2404 2403 1182 1308
4 2761 556 643 555
4 2761 644 731 643
4 2761 557 644 556
4 2761 643 556 644
4 2404 2713 2712 2578
4 2486 554 1178 1146
4 2486 1146 1276 556
4 2486 1146 1309 1276
4 2486 1178 1309 1146
4 2486 1178 2488 2565
4 2404 2486 2488 2565
4 2404 2566 2565 2603
4 2404 2761 2486 1182
4 2404 2811 2761 1182
4 2404 2403 2811 1182
4 2404 2406 2811 2403
4 2393 1216 1279 1281
4 2404 2712 2811 2406
4 2404 2712 2406 2603
4 2488 2676 2568 2804
4 2804 2714 2488 2713
4 2735 2405 2712 2450
4 2804 2608 2450 2451
4 2643 2804 2735 2714
4 2804 2714 2643 2644
4 2804 2450 2714 2713
4 2523 2758 2568 2644
4 2523 726 639 727
4 2523 725 726 814
4 2523 1341 2581 814
4 2523 1341 814 815
4 2523 2758 727 639
4 2523 727 814 726
4 2523 2758 815 727
4 2523 814 727 815
4 2490 547 2677 548
4 2491 724 813 812
4 2803 2716 2569 2609
4 2569 2730 2379 2725
4 2569 2379 2730 2489
4 2717 803 716 804
4 2569 2609 2560 2730
4 2728 2685 2803 2605
4 2569 2754 2730 2560
4 2569 2489 2730 2754
4 2763 808 2378 809
4 2490 724 723 635
4 2490 810 723 811
4 2490 635 722 634
4 2490 723 810 722
4 2490 722 635 723
4 2378 720 2754 632
4 2378 633 720 632
4 2378 634 721 633
4 2378 720 633 721
4 2378 546 633 545
4 2378 2729 2490 546
4 2378 2489 2754 2729
4 2378 632 545 633
4 2698 183 272 271
4 2763 2490 2729 2643
4 2763 1477 1340 1474
4 2559 1413 2561 1426
4 2559 2763 2560 2643
4 2541 1441 1480 1460
4 2763 2642 2490 2643
4 2763 2754 2560 2643
4 2593 711 623 712
4 2610 626 539 627
4 2698 2699 2480 2723
4 2766 1204 2785 1132
4 2766 1204 1132 1161
4 2766 2803 2685 2605
4 536 2766 1161 2481
4 625 537 536 2766
4 624 536 2766 625
4 537 536 2766 1161
4 2803 2760 2725 2500
4 623 624 2481 2593
4 2542 1339 804 805
4 2542 1433 1442 1339
4 2702 801 802 1368
4 2541 2559 2561 1460
4 2541 2560 2559 2763
4 2542 805 1371 1433
4 2542 1339 805 1433
4 2681 2542 718 2754
4 542 2569 2754 543
4 718 630 2681 2754
4 2681 717 630 718
4 2681 542 629 541
4 2681 2569 2542 2754
4 2681 2716 2542 2569
4 2681 630 717 629
4 2681 629 542 630
4 2559 1357 2607 1413
4 1402 2504 1453 1463
4 2604 2504 1432 1453
4 2702 1369 1368 1453
4 2561 2609 2702 2605
4 2559 1357 1413 1426
4 2504 2719 2513 2502
4 2504 1451 1418 1434
4 2702 1453 1368 1457
4 2561 2605 2728 2560
4 2559 1477 1429 1480
4 2504 2728 2719 2505
4 2504 1463 1432 1453
4 2606 2504 2502 1451
4 2561 2728 2505 2562
4 2561 2728 2562 2560
4 2717 2609 2542 2716
4 2561 2560 2542 2609
4 2559 1480 1357 1426
4 2559 2582 2607 1357
4 2559 2582 1357 1444
4 2559 1429 2582 1444
4 2559 1357 1429 1444
4 2559 1480 1429 1357
4 2504 2702 2561 1453
4 2683 798 711 799
4 2504 1451 1432 1463
4 2504 1451 1463 1418
4 2504 2605 2561 2702
4 2501 2502 2606 2503
4 2503 1366 1365 794
4 2502 2537 2503 2514
4 2501 1337 797 2683
4 2502 2537 2513 2503
4 2503 1366 794 795
4 2606 2513 2504 2605
4 2604 799 1445 798
4 2604 1445 1446 1432
4 2604 1432 1446 1369
4 2604 1445 799 1446
4 2593 1369 2604 1446
4 2593 1446 2604 799
4 2593 2702 2604 1369
4 2509 2606 2605 2513
4 2509 2605 2685 2513
4 2510 618 2640 530
4 2509 2685 2796 2692
4 2509 2513 2685 2692
4 2692 2508 2796 2509
4 2508 2512 2695 1312
4 2509 2503 2606 2513
4 2509 2503 2513 2537
4 2509 2692 2537 2513
4 2683 2606 2501 1337
4 2684 2605 2509 2606
4 2684 2509 2605 2685
4 2684 2796 2509 2685
4 2481 534 1129 535
4 622 623 2481 2683
4 2480 1202 2684 1239
4 1161 2480 1241 2481
4 535 623 624 2481
4 537 2766 2610 1132
4 2481 1129 1241 535
4 2481 1241 1161 535
4 616 528 527 2511
4 2600 1363 132 1870
4 2709 2698 2615 2480
4 2511 2537 1873 2653
4 2511 2537 1863 1873
4 2640 1125 529 528
4 2653 2514 2537 1873
4 2600 790 791 1381
4 2600 792 2653 2514
4 703 2600 791 792
4 2600 2514 2653 1873
4 2640 2514 2503 2537
4 2640 530 529 1160
4 2678 620 709 708
4 2510 707 794 706
4 2640 618 529 530
4 622 2678 621 2683
4 707 2501 2503 795
4 2678 531 2510 1127
4 2698 183 2699 914
4 2787 882 1398 1386
4 2787 1700 1688 1699
4 2787 1700 2428 1714
4 2787 1688 1700 1714
4 2787 1612 1688 1626
4 2788 2787 2703 2428
4 2767 2632 2631 1240
4 2456 2630 2532 2533
4 2456 2458 2630 2533
4 2445 2466 2471 697
4 2656 867 780 868
4 2656 1367 868 1507
4 2631 869 2458 2656
4 780 869 2631 2656
4 2656 1507 868 869
4 785 872 2471 2445
4 2445 696 607 608
4 2470 607 1128 608
4 872 2471 2445 2580
4 2756 1787 1781 1786
4 2756 1787 2455 1788
4 2756 1787 1788 1781
4 2756 1781 789 701
4 2756 701 789 700
4 2756 612 701 700
4 2756 699 612 700
4 2756 787 700 788
4 2756 789 788 700
4 2756 2455 1776 2635
4 2698 944 183 914
4 2698 2498 184 944
4 2784 2774 2796 2724
4 2784 444 355 356
4 2637 2589 2795 2744
4 2795 2629 2731 2752
4 2795 2626 2629 2794
4 2626 1327 2795 1208
4 2793 1259 1117 1303
4 2795 1327 2775 2437
4 691 2767 690 2656
4 2372 2633 2634 2718
4 2463 2633 2665 2464
4 2795 2744 2463 2752
4 2795 2775 2794 2437
4 2795 2463 2437 2794
4 2438 1317 1245 1316
4 2438 1317 1316 1133
4 2436 2675 2588 689
4 2438 2665 2633 2634
4 2438 2665 2634 2675
4 2438 1245 2658 2659
4 2438 2437 2665 2659
4 2438 2659 2658 2437
4 2552 2530 2752 2493
4 2552 1496 1494 1345
4 2552 1345 1492 1372
4 2583 1492 2552 1494
4 2552 1345 1494 1492
4 2550 858 1360 857
4 2385 1491 1488 1493
4 2669 2449 2448 1487
4 2671 2670 2745 2797
4 2448 2522 2571 2746
4 2583 1489 1344 1372
4 2583 1344 2448 2746
4 2671 2780 2752 2797
4 2671 2780 2797 2745
4 2671 2744 2752 2780
4 2671 2744 2780 2745
4 2436 600 1248 1133
4 2429 574 662 573
4 2429 2704 2791 2768
4 2429 2507 2768 2791
4 2429 2416 2454 2704
4 2429 2454 2416 2710
4 2429 2443 2791 2704
4 2439 1191 1224 1155
4 2429 661 662 750
4 2429 573 662 661
4 2507 2416 2768 2575
4 2813 1479 838 839
4 2813 1353 838 1479
4 2813 1353 1475 1470
4 2813 840 1475 839
4 2813 1353 1479 1475
4 2813 839 1475 1479
4 2468 843 844 1342
4 2468 669 757 668
4 2441 1377 1342 1481
4 2441 1342 1482 1481
4 2441 2574 1482 1483
4 2547 2753 846 845
4 2441 1482 1342 1375
4 2724 2699 2796 2784
4 2724 2699 2723 2796
4 2784 445 444 356
4 2480 1239 2699 1097
4 2480 2615 1097 447
4 1140 2493 2555 2530
4 2752 2555 2493 2530
4 2530 2764 2555 2770
4 2530 1265 2770 1305
4 2530 1265 1305 1142
4 2530 2555 1263 1305
4 2765 2770 1307 1265
4 2530 591 1142 1263
4 2530 1142 1305 1263
4 2743 2638 2391 1323
4 1175 2743 586 2689
4 2480 1097 2699 447
4 2689 588 675 587
4 2689 588 1175 1143
4 675 2689 587 586
4 2689 586 1175 587
4 2689 1175 588 587
4 2522 2390 2689 675
4 2522 763 2390 675
4 2522 763 676 764
4 2522 851 2390 763
4 2522 764 851 763
4 2522 765 852 764
4 2522 851 764 852
4 2522 2689 2390 2773
4 2389 2449 1343 1485
4 2669 1487 1488 1361
4 2449 1485 2448 1487
4 2449 1485 1483 1343
4 2389 1344 1374 850
4 2652 1147 2638 584
4 2669 883 1361 1491
4 2805 2743 2571 2638
4 585 2390 2652 673
4 2389 2390 762 761
4 848 2652 2389 761
4 2571 2448 2671 2670
4 2475 1004 998 996
4 2571 2670 2671 2797
4 2571 2670 2797 2773
4 2571 2670 2449 2448
4 2389 2448 2571 2449
4 848 2652 761 760
4 2389 1374 1343 848
4 2389 848 761 849
4 585 586 2743 2390
4 2389 849 1374 848
4 2805 2743 2773 2571
4 2743 2773 2571 2390
4 2743 1145 1271 586
4 2743 2390 2689 2773
4 2743 1323 1271 1145
4 2440 2388 2575 2387
4 2416 2710 2440 2507
4 2507 2710 2440 577
4 841 1377 842 2440
4 2507 2440 841 753
4 2440 665 577 666
4 2440 666 753 665
4 2572 2507 2440 1377
4 2507 752 2813 751
4 2791 838 2429 2813
4 2709 2480 2685 2723
4 2572 1475 1377 1476
4 2572 1377 1481 1476
4 2429 2507 2710 2768
4 2572 1377 2441 1481
4 2440 2575 2416 2507
4 2440 2575 2388 2416
4 2468 2575 2440 2441
4 2468 2440 2575 2387
4 2468 668 2387 2469
4 2468 843 756 844
4 2468 844 756 845
4 2468 2575 2441 2469
4 2468 2387 2575 2469
4 2394 2396 2401 2397
4 2394 2401 2704 2397
4 2394 2401 2443 2704
4 2596 746 659 747
4 2394 570 1194 1191
4 2394 569 1194 570
4 2394 2452 2396 1295
4 2394 2396 2452 2401
4 2439 572 571 1155
4 2439 1155 2454 1291
4 2439 1155 1291 573
4 2439 1155 573 572
4 2596 2443 2394 2401
4 2596 2401 2394 2452
4 2480 2723 2699 2685
4 2596 2377 2401 2452
4 745 2596 2377 834
4 2596 659 746 658
4 182 269 270 2699
4 2596 745 658 746
4 2645 2788 2572 2768
4 2572 1471 1470 1476
4 2572 2574 2755 1478
4 2572 1478 2441 2574
4 2572 1478 1471 1476
4 2788 1473 2787 1386
4 2788 2703 2479 2428
4 2788 2479 2426 2428
4 2788 2426 2479 1386
4 2788 2428 2426 1386
4 2788 2787 2428 1386
4 2371 1428 2373 885
4 2371 2744 2385 2671
4 2385 1448 1491 1493
4 2669 2448 2385 1488
4 2371 2385 2584 1359
4 2669 2385 2410 1491
4 2669 1361 2755 2574
4 2669 2410 2385 2745
4 2669 2755 2410 2745
4 2669 2755 2745 2670
4 2669 2574 2755 2670
4 2457 1501 1419 1436
4 1495 2718 1499 2584
4 2584 1498 1360 1499
4 2584 1499 1495 1498
4 2456 2580 2458 2533
4 2625 865 1351 864
4 2457 2718 2588 1501
4 2371 2584 2372 1359
4 2633 2463 2462 2464
4 2718 1370 1346 1500
4 2718 1500 1501 1436
4 2588 1501 2718 1502
4 2718 1501 1346 1502
4 2718 1500 1346 1501
4 2734 598 597 1136
4 2734 596 1170 1136
4 2674 863 2588 1502
4 686 2589 2734 2674
4 685 596 2734 597
4 2734 1136 597 596
4 685 684 2734 596
4 2588 2589 2718 2634
4 2625 1504 1503 1351
4 2625 2656 866 778
4 2588 863 864 1502
4 2625 1367 2656 1506
4 2675 1244 2767 602
4 2588 864 1503 1502
4 2532 2744 2372 2384
4 2630 2458 2580 2533
4 2372 1359 1436 1428
4 2371 884 2410 1491
4 2371 884 1491 1448
4 2371 884 1448 1428
4 2371 2531 2410 885
4 2372 1436 1419 1428
4 2532 2372 2633 2634
4 2532 2744 2633 2372
4 2633 2795 2589 2744
4 2633 2463 2795 2744
4 2633 2463 2744 2462
4 2532 2630 2633 2462
4 2630 2528 2665 2666
4 2630 2570 2528 2666
4 2459 2630 2631 2580
4 2456 1419 1414 1358
4 782 2631 2459 693
4 2456 1417 1414 1425
4 2457 2656 2458 1505
4 2580 870 871 1389
4 2580 1389 871 1350
4 2767 1203 1314 1120
4 2466 698 611 699
4 874 785 873 2471
4 872 2471 2580 1350
4 2471 873 1350 872
4 2459 607 694 606
4 2466 1126 2636 1229
4 783 2580 871 872
4 2456 1414 1417 1358
4 2471 873 1356 1394
4 2466 2756 699 611
4 780 869 2656 868
4 2459 606 693 605
4 2471 2455 2591 1356
4 2471 2580 2591 2533
4 2471 2455 2528 2533
4 2471 2533 2591 2455
4 2783 2414 2413 2673
4 2783 931 257 942
4 2783 2673 2413 961
4 2783 2673 2778 2527
4 2783 942 257 256
4 2664 2528 2527 2666
4 2691 1120 2665 1242
4 2664 517 1121 1238
4 2631 692 604 693
4 2664 517 518 1121
4 2657 430 343 431
4 2657 343 432 431
4 2657 518 2664 430
4 2657 431 518 430
4 2459 2632 2528 2470
4 2657 1237 1121 519
4 2657 432 520 431
4 2657 1237 2664 1121
4 2657 518 431 519
4 2657 2632 2527 2664
4 2657 520 519 431
4 2632 1238 2664 1121
4 2632 1300 1238 1121
4 2632 1203 2665 1238
4 2632 1300 1203 1238
4 2632 2528 2470 2526
4 2631 2656 692 780
4 2632 2665 2664 1238
4 2632 2664 2665 2528
4 2691 2806 2521 2464
4 2691 2521 2659 2464
4 426 2521 427 339
4 2691 2521 514 2659
4 339 340 2465 427
4 2576 915 253 1011
4 2576 2520 1005 1011
4 2465 1008 253 252
4 2465 340 252 341
4 2664 517 429 430
4 2465 429 340 341
4 2778 343 344 2657
4 2576 255 343 342
4 2576 253 2465 1008
4 2465 252 253 341
4 2665 2465 2691 2806
4 2576 2520 1011 1008
4 2520 2465 2576 2806
4 2576 2806 2465 2664
4 2576 2806 2664 2778
4 2520 2465 1008 2576
4 2576 2806 2778 2520
4 2612 2659 2667 2557
4 2611 2521 945 1012
4 2612 2557 2667 1010
4 2612 995 2590 2557
4 2612 246 1000 247
4 2612 247 1000 924
4 2611 2464 2659 2521
4 2667 2520 2464 2611
4 2667 2520 2668 2464
4 2611 2521 2520 2806
4 2611 2806 2520 2464
4 2611 2521 2806 2464
4 2611 945 1009 1019
4 2626 2794 2627 2629
4 2626 2628 2627 507
4 2626 1208 2731 1256
4 2626 1166 1208 1256
4 2795 2626 2731 2629
4 2793 2626 2731 1303
4 2793 2764 2555 2752
4 2793 2764 2752 2629
4 2793 2752 2731 2629
4 2793 2555 2764 2629
4 2793 2626 2629 2731
4 2558 2557 2590 995
4 2558 1001 2557 995
4 2558 947 1001 995
4 2558 2794 2627 2590
4 2558 2794 2590 2557
4 2556 917 2558 1032
4 2558 917 1001 947
4 2720 2660 2556 2587
4 2556 994 2586 992
4 2556 1029 2660 994
4 2556 1029 994 992
4 2556 2759 2660 1029
4 2720 2624 2771 2721
4 2720 994 2556 2660
4 2720 2556 994 2586
4 2720 2586 2624 2721
4 2432 1056 1054 1046
4 2432 1046 1054 1043
4 2432 2494 2435 2495
4 2432 2495 2435 1054
4 2434 925 221 220
4 2434 2518 2810 2435
4 2434 2810 2518 2431
4 2518 2430 2434 2431
4 2434 2516 2517 2518
4 2518 2430 2517 2434
4 2434 2431 2430 309
4 2434 2516 2435 925
4 2434 2435 2516 2518
4 2399 489 488 400
4 2399 487 488 1110
4 2399 1110 488 489
4 2399 2398 2810 2495
4 2399 2495 2810 2418
4 406 2419 494 2535
4 2419 494 2535 2420
4 2419 494 493 405
4 2419 405 493 404
4 2419 492 493 1179
4 2419 1179 493 494
4 2419 2392 2374 2762
4 2535 2419 2420 2762
4 2386 2419 2374 2762
4 2620 2789 2442 2800
4 2594 2620 2534 2800
4 2620 2534 2392 1039
4 2620 2535 2392 2534
4 2620 2535 2534 2800
4 2620 2376 2392 2762
4 2620 2376 2762 2417
4 2620 2762 2800 2417
4 2620 2433 2376 2417
4 2620 2554 2433 2417
4 2421 240 327 239
4 2553 2421 327 326
4 2553 1262 2555 1115
4 2661 2553 2422 2764
4 2553 2751 2421 326
4 501 502 2751 2765
4 2759 2421 2660 949
4 2421 239 916 949
4 2421 2422 240 949
4 2421 240 239 949
4 2524 1007 2751 237
4 2524 1007 237 236
4 500 501 2751 2765
4 2738 2751 2524 2525
4 2553 2422 2555 504
4 2524 323 236 324
4 2524 237 324 236
4 2585 2789 2800 2739
4 2738 2800 2789 2739
4 2738 2789 2800 2722
4 2738 2800 2739 2722
4 2738 2764 2722 2739
4 2585 412 2524 2738
4 2585 499 1113 498
4 2585 2739 2738 2789
4 2585 498 410 499
4 2585 411 410 322
4 2585 412 499 411
4 2585 499 410 411
CELL_TYPES 14442
10
10
10
10
10
10
10
10
10
10
10
10
10
10
10
10
10
10
10
10
10
10
10
10
10
10
10
10
10
10
10
10
10
10
10
10
10
10
10
10
10
10
10
10
10
10
10
10
10
10
10
10
10
10
10
10
10
10
10
10
10
10
10
10
10
10
10
10
10
10
10
10
10
10
10
10
10
10
10
10
10
10
10
10
10
10
10
10
10
10
10
10
10
10
10
10
10
10
10
10
10
10
10
10
10
10
10
10
10
10
10
10
10
10
10
10
10
10
10
10
10
10
10
10
10
10
10
10
10
10
10
10
10
10
10
10
10
10
10
10
10
10
10
10
10
10
10
10
10
10
10
10
10
10
10
10
10
10
10
10
10
10
10
10
10
10
10
10
10
10
10
10
10
10
10
10
10
10
10
10
10
10
10
10
10
10
10
10
10
10
10
10
10
10
10
10
10
10
10
10
10
10
10
10
10
10
10
10
10
10
10
10
10
10
10
10
10
10
10
10
10
10
10
10
10
10
10
10
10
10
10
10
10
10
10
10
10
10
10
10
10
10
10
10
10
10
10
10
10
10
10
10
10
10
10
10
10
10
10
10
10
10
10
10
10
10
10
10
10
10
10
10
10
10
10
10
10
10
10
10
10
10
10
10
10
10
10
10
10
10
10
10
10
10
10
10
10
10
10
10
10
10
10
10
10
10
10
10
10
10
10
10
10
10
10
10
10
10
10
10
10
10
10
10
10
10
10
10
10
10
10
10
10
10
10
10
10
10
10
10
10
10
10
10
10
10
10
10
10
10
10
10
10
10
10
10
10
10
10
10
10
10
10
10
10
10
10
10
10
10
10
10
10
10
10
10
10
10
10
10
10
10
10
10
10
10
10
10
10
10
10
10
10
10
10
10
10
10
10
10
10
10
10
10
10
10
10
10
10
10
10
10
10
10
10
10
10
10
10
10
10
10
10
10
10
10
10
10
10
10
10
10
10
10
10
10
10
10
10
10
10
10
10
10
10
10
10
10
10
10
10
10
10
10
10
10
10
10
10
10
10
10
10
10
10
10
10
10
10
10
10
10
10
10
10
10
10
10
10
10
10
10
10
10
10
10
10
10
10
10
10
10
10
10
10
10
10
10
10
10
10
10
10
10
10
10
10
10
10
10
10
10
10
10
10
10
10
10
10
10
10
10
10
10
10
10
10
10
10
10
10
10
10
10
10
10
10
10
10
10
10
10
10
10
10
10
10
10
10
10
10
10
10
10
10
10
10
10
10
10
10
10
10
10
10
10
10
10
10
10
10
10
10
10
10
10
10
10
10
10
10
10
10
10
10
10
10
10
10
10
10
10
10
10
10
10
10
10
10
10
10
10
10
10
10
10
10
10
10
10
10
10
10
10
10
10
10
10
10
10
10
10
10
10
10
10
10
10
10
10
10
10
10
10
10
10
10
10
10
10
10
10
10
10
10
10
10
10
10
10
10
10
10
10
10
10
10
10
10
10
10
10
10
10
10
10
10
10
10
10
10
10
10
10
10
10
10
10
10
10
10
10
10
10
10
10
10
10
10
10
10
10
10
10
10
10
10
10
10
10
10
10
10
10
10
10
10
10
10
10
10
10
10
10
10
10
10
10
10
10
10
10
10
10
10
10
10
10
10
10
10
10
10
10
10
10
10
10
10
10
10
10
10
10
10
10
10
10
10
10
10
10
10
10
10
10
10
10
10
10
10
10
10
10
10
10
10
10
10
10
10
10
10
10
10
10
10
10
10
10
10
10
10
10
10
10
10
10
10
10
10
10
10
10
10
10
10
10
10
10
10
10
10
10
10
10
10
10
10
10
10
10
10
10
10
10
10
10
10
10
10
10
10
10
10
10
10
10
10
10
10
10
10
10
10
10
10
10
10
10
10
10
10
10
10
10
10
10
10
10
10
10
10
10
10
10
10
10
10
10
10
10
10
10
10
10
10
10
10
10
10
10
10
10
10
10
10
10
10
10
10
10
10
10
10
10
10
10
10
10
10
10
10
10
10
10
10
10
10
10
10
10
10
10
10
10
10
10
10
10
10
10
10
10
10
10
10
10
10
10
10
10
10
10
10
10
10
10
10
10
10
10
10
10
10
10
10
10
10
10
10
10
10
10
10
10
10
10
10
10
10
10
10
10
10
10
10
10
10
10
10
10
10
10
10
10
10
10
10
10
10
10
10
10
10
10
10
10
10
10
10
10
10
10
10
10
10
10
10
10
10
10
10
10
10
10
10
10
10
10
10
10
10
10
10
10
10
10
10
10
10
10
10
10
10
10
10
10
10
10
10
10
10
10
10
10
10
10
10
10
10
10
10
10
10
10
10
10
10
10
10
10
10
10
10
10
10
10
10
10
10
10
10
10
10
10
10
10
10
10
10
10
10
10
10
10
10
10
10
10
10
10
10
10
10
10
10
10
10
10
10
10
10
10
10
10
10
10
10
10
10
10
10
10
10
10
10
10
10
10
10
10
10
10
10
10
10
10
10
10
10
10
10
10
10
10
10
10
10
10
10
10
10
10
10
10
10
10
10
10
10
10
10
10
10
10
10
10
10
10
10
10
10
10
10
10
10
10
10
10
10
10
10
10
10
10
10
10
10
10
10
10
10
10
10
10
10
10
10
10
10
10
10
10
10
10
10
10
10
10
10
10
10
10
10
10
10
10
10
10
10
10
10
10
10
10
10
10
10
10
10
10
10
10
10
10
10
10
10
10
10
10
10
10
10
10
10
10
10
10
10
10
10
10
10
10
10
10
10
10
10
10
10
10
10
10
10
10
10
10
10
10
10
10
10
10
10
10
10
10
10
10
10
10
10
10
10
10
10
10
10
10
10
10
10
10
10
10
10
10
10
10
10
10
10
10
10
10
10
10
10
10
10
10
10
10
10
10
10
10
10
10
10
10
10
10
10
10
10
10
10
10
10
10
10
10
10
10
10
10
10
10
10
10
10
10
10
10
10
10
10
10
10
10
10
10
10
10
10
10
10
10
10
10
10
10
10
10
10
10
10
10
10
10
10
10
10
10
10
10
10
10
10
10
10
10
10
10
10
10
10
10
10
10
10
10
10
10
10
10
10
10
10
10
10
10
10
10
10
10
10
10
10
10
10
10
10
10
10
10
10
10
10
10
10
10
10
10
10
10
10
10
10
10
10
10
10
10
10
10
10
10
10
10
10
10
10
10
10
10
10
10
10
10
10
10
10
10
10
10
10
10
10
10
10
10
10
10
10
10
10
10
10
10
10
10
10
10
10
10
10
10
10
10
10
10
10
10
10
10
10
10
10
10
10
10
10
10
10
10
10
10
10
10
10
10
10
10
10
10
10
10
10
10
10
10
10
10
10
10
10
10
10
10
10
10
10
10
10
10
10
10
10
10
10
10
10
10
10
10
10
10
10
10
10
10
10
10
10
10
10
10
10
10
10
10
10
10
10
10
10
10
10
10
10
10
10
10
10
10
10
10
10
10
10
10
10
10
10
10
10
10
10
10
10
10
10
10
10
10
10
10
10
10
10
10
10
10
10
10
10
10
10
10
10
10
10
10
10
10
10
10
10
10
10
10
10
10
10
10
10
10
10
10
10
10
10
10
10
10
10
10
10
10
10
10
10
10
10
10
10
10
10
10
10
10
10
10
10
10
10
10
10
10
10
10
10
10
10
10
10
10
10
10
10
10
10
10
10
10
10
10
10
10
10
10
10
10
10
10
10
10
10
10
10
10
10
10
10
10
10
10
10
10
10
10
10
10
10
10
10
10
10
10
10
10
10
10
10
10
10
10
10
10
10
10
10
10
10
10
10
10
10
10
10
10
10
10
10
10
10
10
10
10
10
10
10
10
10
10
10
10
10
10
10
10
10
10
10
10
10
10
10
10
10
10
10
10
10
10
10
10
10
10
10
10
10
10
10
10
10
10
10
10
10
10
10
10
10
10
10
10
10
10
10
10
10
10
10
10
10
10
10
10
10
10
10
10
10
10
10
10
10
10
10
10
10
10
10
10
10
10
10
10
10
10
10
10
10
10
10
10
10
10
10
10
10
10
10
10
10
10
10
10
10
10
10
10
10
10
10
10
10
10
10
10
10
10
10
10
10
10
10
10
10
10
10
10
10
10
10
10
10
10
10
10
10
10
10
10
10
10
10
10
10
10
10
10
10
10
10
10
10
10
10
10
10
10
10
10
10
10
10
10
10
10
10
10
10
10
10
10
10
10
10
10
10
10
10
10
10
10
10
10
10
10
10
10
10
10
10
10
10
10
10
10
10
10
10
10
10
10
10
10
10
10
10
10
10
10
10
10
10
10
10
10
10
10
10
10
10
10
10
10
10
10
10
10
10
10
10
10
10
10
10
10
10
10
10
10
10
10
10
10
10
10
10
10
10
10
10
10
10
10
10
10
10
10
10
10
10
10
10
10
10
10
10
10
10
10
10
10
10
10
10
10
10
10
10
10
10
10
10
10
10
10
10
10
10
10
10
10
10
10
10
10
10
10
10
10
10
10
10
10
10
10
10
10
10
10
10
10
10
10
10
10
10
10
10
10
10
10
10
10
10
10
10
10
10
10
10
10
10
10
10
10
10
10
10
10
10
10
10
10
10
10
10
10
10
10
10
10
10
10
10
10
10
10
10
10
10
10
10
10
10
10
10
10
10
10
10
10
10
10
10
10
10
10
10
10
10
10
10
10
10
10
10
10
10
10
10
10
10
10
10
10
10
10
10
10
10
10
10
10
10
10
10
10
10
10
10
10
10
10
10
10
10
10
10
10
10
10
10
10
10
10
10
10
10
10
10
10
10
10
10
10
10
10
10
10
10
10
10
10
10
10
10
10
10
10
10
10
10
10
10
10
10
10
10
10
10
10
10
10
10
10
10
10
10
10
10
10
10
10
10
10
10
10
10
10
10
10
10
10
10
10
10
10
10
10
10
10
10
10
10
10
10
10
10
10
10
10
10
10
10
10
10
10
10
10
10
10
10
10
10
10
10
10
10
10
10
10
10
10
10
10
10
10
10
10
10
10
10
10
10
10
10
10
10
10
10
10
10
10
10
10
10
10
10
10
10
10
10
10
10
10
10
10
10
10
10
10
10
10
10
10
10
10
10
10
10
10
10
10
10
10
10
10
10
10
10
10
10
10
10
10
10
10
10
10
10
10
10
10
10
10
10
10
10
10
10
10
10
10
10
10
10
10
10
10
10
10
10
10
10
10
10
10
10
10
10
10
10
10
10
10
10
10
10
10
10
10
10
10
10
10
10
10
10
10
10
10
10
10
10
10
10
10
10
10
10
10
10
10
10
10
10
10
10
10
10
10
10
10
10
10
10
10
10
10
10
10
10
10
10
10
10
10
10
10
10
10
10
10
10
10
10
10
10
10
10
10
10
10
10
10
10
10
10
10
10
10
10
10
10
10
10
10
10
10
10
10
10
10
10
10
10
10
10
10
10
10
10
10
10
10
10
10
10
10
10
10
10
10
10
10
10
10
10
10
10
10
10
10
10
10
10
10
10
10
10
10
10
10
10
10
10
10
10
10
10
10
10
10
10
10
10
10
10
10
10
10
10
10
10
10
10
10
10
10
10
10
10
10
10
10
10
10
10
10
10
10
10
10
10
10
10
10
10
10
10
10
10
10
10
10
10
10
10
10
10
10
10
10
10
10
10
10
10
10
10
10
10
10
10
10
10
10
10
10
10
10
10
10
10
10
10
10
10
10
10
10
10
10
10
10
10
10
10
10
10
10
10
10
10
10
10
10
10
10
10
10
10
10
10
10
10
10
10
10
10
10
10
10
10
10
10
10
10
10
10
10
10
10
10
10
10
10
10
10
10
10
10
10
10
10
10
10
10
10
10
10
10
10
10
10
10
10
10
10
10
10
10
10
10
10
10
10
10
10
10
10
10
10
10
10
10
10
10
10
10
10
10
10
10
10
10
10
10
10
10
10
10
10
10
10
10
10
10
10
10
10
10
10
10
10
10
10
10
10
10
10
10
10
10
10
10
10
10
10
10
10
10
10
10
10
10
10
10
10
10
10
10
10
10
10
10
10
10
10
10
10
10
10
10
10
10
10
10
10
10
10
10
10
10
10
10
10
10
10
10
10
10
10
10
10
10
10
10
10
10
10
10
10
10
10
10
10
10
10
10
10
10
10
10
10
10
10
10
10
10
10
10
10
10
10
10
10
10
10
10
10
10
10
10
10
10
10
10
10
10
10
10
10
10
10
10
10
10
10
10
10
10
10
10
10
10
10
10
10
10
10
10
10
10
10
10
10
10
10
10
10
10
10
10
10
10
10
10
10
10
10
10
10
10
10
10
10
10
10
10
10
10
10
10
10
10
10
10
10
10
10
10
10
10
10
10
10
10
10
10
10
10
10
10
10
10
10
10
10
10
10
10
10
10
10
10
10
10
10
10
10
10
10
10
10
10
10
10
10
10
10
10
10
10
10
10
10
10
10
10
10
10
10
10
10
10
10
10
10
10
10
10
10
10
10
10
10
10
10
10
10
10
10
10
10
10
10
10
10
10
10
10
10
10
10
10
10
10
10
10
10
10
10
10
10
10
10
10
10
10
10
10
10
10
10
10
10
10
10
10
10
10
10
10
10
10
10
10
10
10
10
10
10
10
10
10
10
10
10
10
10
10
10
10
10
10
10
10
10
10
10
10
10
10
10
10
10
10
10
10
10
10
10
10
10
10
10
10
10
10
10
10
10
10
10
10
10
10
10
10
10
10
10
10
10
10
10
10
10
10
10
10
10
10
10
10
10
10
10
10
10
10
10
10
10
10
10
10
10
10
10
10
10
10
10
10
10
10
10
10
10
10
10
10
10
10
10
10
10
10
10
10
10
10
10
10
10
10
10
10
10
10
10
10
10
10
10
10
10
10
10
10
10
10
10
10
10
10
10
10
10
10
10
10
10
10
10
10
10
10
10
10
10
10
10
10
10
10
10
10
10
10
10
10
10
10
10
10
10
10
10
10
10
10
10
10
10
10
10
10
10
10
10
10
10
10
10
10
10
10
10
10
10
10
10
10
10
10
10
10
10
10
10
10
10
10
10
10
10
10
10
10
10
10
10
10
10
10
10
10
10
10
10
10
10
10
10
10
10
10
10
10
10
10
10
10
10
10
10
10
10
10
10
10
10
10
10
10
10
10
10
10
10
10
10
10
10
10
10
10
10
10
10
10
10
10
10
10
10
10
10
10
10
10
10
10
10
10
10
10
10
10
10
10
10
10
10
10
10
10
10
10
10
10
10
10
10
10
10
10
10
10
10
10
10
10
10
10
10
10
10
10
10
10
10
10
10
10
10
10
10
10
10
10
10
10
10
10
10
10
10
10
10
10
10
10
10
10
10
10
10
10
10
10
10
10
10
10
10
10
10
10
10
10
10
10
10
10
10
10
10
10
10
10
10
10
10
10
10
10
10
10
10
10
10
10
10
10
10
10
10
10
10
10
10
10
10
10
10
10
10
10
10
10
10
10
10
10
10
10
10
10
10
10
10
10
10
10
10
10
10
10
10
10
10
10
10
10
10
10
10
10
10
10
10
10
10
10
10
10
10
10
10
10
10
10
10
10
10
10
10
10
10
10
10
10
10
10
10
10
10
10
10
10
10
10
10
10
10
10
10
10
10
10
10
10
10
10
10
10
10
10
10
10
10
10
10
10
10
10
10
10
10
10
10
10
10
10
10
10
10
10
10
10
10
10
10
10
10
10
10
10
10
10
10
10
10
10
10
10
10
10
10
10
10
10
10
10
10
10
10
10
10
10
10
10
10
10
10
10
10
10
10
10
10
10
10
10
10
10
10
10
10
10
10
10
10
10
10
10
10
10
10
10
10
10
10
10
10
10
10
10
10
10
10
10
10
10
10
10
10
10
10
10
10
10
10
10
10
10
10
10
10
10
10
10
10
10
10
10
10
10
10
10
10
10
10
10
10
10
10
10
10
10
10
10
10
10
10
10
10
10
10
10
10
10
10
10
10
10
10
10
10
10
10
10
10
10
10
10
10
10
10
10
10
10
10
10
10
10
10
10
10
10
10
10
10
10
10
10
10
10
10
10
10
10
10
10
10
10
10
10
10
10
10
10
10
10
10
10
10
10
10
10
10
10
10
10
10
10
10
10
10
10
10
10
10
10
10
10
10
10
10
10
10
10
10
10
10
10
10
10
10
10
10
10
10
10
10
10
10
10
10
10
10
10
10
10
10
10
10
10
10
10
10
10
10
10
10
10
10
10
10
10
10
10
10
10
10
10
10
10
10
10
10
10
10
10
10
10
10
10
10
10
10
10
10
10
10
10
10
10
10
10
10
10
10
10
10
10
10
10
10
10
10
10
10
10
10
10
10
10
10
10
10
10
10
10
10
10
10
10
10
10
10
10
10
10
10
10
10
10
10
10
10
10
10
10
10
10
10
10
10
10
10
10
10
10
10
10
10
10
10
10
10
10
10
10
10
10
10
10
10
10
10
10
10
10
10
10
10
10
10
10
10
10
10
10
10
10
10
10
10
10
10
10
10
10
10
10
10
10
10
10
10
10
10
10
10
10
10
10
10
10
10
10
10
10
10
10
10
10
10
10
10
10
10
10
10
10
10
10
10
10
10
10
10
10
10
10
10
10
10
10
10
10
10
10
10
10
10
10
10
10
10
10
10
10
10
10
10
10
10
10
10
10
10
10
10
10
10
10
10
10
10
10
10
10
10
10
10
10
10
10
10
10
10
10
10
10
10
10
10
10
10
10
10
10
10
10
10
10
10
10
10
10
10
10
10
10
10
10
10
10
10
10
10
10
10
10
10
10
10
10
10
10
10
10
10
10
10
10
10
10
10
10
10
10
10
10
10
10
10
10
10
10
10
10
10
10
10
10
10
10
10
10
10
10
10
10
10
10
10
10
10
10
10
10
10
10
10
10
10
10
10
10
10
10
10
10
10
10
10
10
10
10
10
10
10
10
10
10
10
10
10
10
10
10
10
10
10
10
10
10
10
10
10
10
10
10
10
10
10
10
10
10
10
10
10
10
10
10
10
10
10
10
10
10
10
10
10
10
10
10
10
10
10
10
10
10
10
10
10
10
10
10
10
10
10
10
10
10
10
10
10
10
10
10
10
10
10
10
10
10
10
10
10
10
10
10
10
10
10
10
10
10
10
10
10
10
10
10
10
10
10
10
10
10
10
10
10
10
10
10
10
10
10
10
10
10
10
10
10
10
10
10
10
10
10
10
10
10
10
10
10
10
10
10
10
10
10
10
10
10
10
10
10
10
10
10
10
10
10
10
10
10
10
10
10
10
10
10
10
10
10
10
10
10
10
10
10
10
10
10
10
10
10
10
10
10
10
10
10
10
10
10
10
10
10
10
10
10
10
10
10
10
10
10
10
10
10
10
10
10
10
10
10
10
10
10
10
10
10
10
10
10
10
10
10
10
10
10
10
10
10
10
10
10
10
10
10
10
10
10
10
10
10
10
10
10
10
10
10
10
10
10
10
10
10
10
10
10
10
10
10
10
10
10
10
10
10
10
10
10
10
10
10
10
10
10
10
10
10
10
10
10
10
10
10
10
10
10
10
10
10
10
10
10
10
10
10
10
10
10
10
10
10
10
10
10
10
10
10
10
10
10
10
10
10
10
10
10
10
10
10
10
10
10
10
10
10
10
10
10
10
10
10
10
10
10
10
10
10
10
10
10
10
10
10
10
10
10
10
10
10
10
10
10
10
10
10
10
10
10
10
10
10
10
10
10
10
10
10
10
10
10
10
10
10
10
10
10
10
10
10
10
10
10
10
10
10
10
10
10
10
10
10
10
10
10
10
10
10
10
10
10
10
10
10
10
10
10
10
10
10
10
10
10
10
10
10
10
10
10
10
10
10
10
10
10
10
10
10
10
10
10
10
10
10
10
10
10
10
10
10
10
10
10
10
10
10
10
10
10
10
10
10
10
10
10
10
10
10
10
10
10
10
10
10
10
10
10
10
10
10
10
10
10
10
10
10
10
10
10
10
10
10
10
10
10
10
10
10
10
10
10
10
10
10
10
10
10
10
10
10
10
10
10
10
10
10
10
10
10
10
10
10
10
10
10
10
10
10
10
10
10
10
10
10
10
10
10
10
10
10
10
10
10
10
10
10
10
10
10
10
10
10
10
10
10
10
10
10
10
10
10
10
10
10
10
10
10
10
10
10
10
10
10
10
10
10
10
10
10
10
10
10
10
10
10
10
10
10
10
10
10
10
10
10
10
10
10
10
10
10
10
10
10
10
10
10
10
10
10
10
10
10
10
10
10
10
10
10
10
10
10
10
10
10
10
10
10
10
10
10
10
10
10
10
10
10
10
10
10
10
10
10
10
10
10
10
10
10
10
10
10
10
10
10
10
10
10
10
10
10
10
10
10
10
10
10
10
10
10
10
10
10
10
10
10
10
10
10
10
10
10
10
10
10
10
10
10
10
10
10
10
10
10
10
10
10
10
10
10
10
10
10
10
10
10
10
10
10
10
10
10
10
10
10
10
10
10
10
10
10
10
10
10
10
10
10
10
10
10
10
10
10
10
10
10
10
10
10
10
10
10
10
10
10
10
10
10
10
10
10
10
10
10
10
10
10
10
10
10
10
10
10
10
10
10
10
10
10
10
10
10
10
10
10
10
10
10
10
10
10
10
10
10
10
10
10
10
10
10
10
10
10
10
10
10
10
10
10
10
10
10
10
10
10
10
10
10
10
10
10
10
10
10
10
10
10
10
10
10
10
10
10
10
10
10
10
10
10
10
10
10
10
10
10
10
10
10
10
10
10
10
10
10
10
10
10
10
10
10
10
10
10
10
10
10
10
10
10
10
10
10
10
10
10
10
10
10
10
10
10
10
10
10
10
10
10
10
10
10
10
10
10
10
10
10
10
10
10
10
10
10
10
10
10
10
10
10
10
10
10
10
10
10
10
10
10
10
10
10
10
10
10
10
10
10
10
10
10
10
10
10
10
10
10
10
10
10
10
10
10
10
10
10
10
10
10
10
10
10
10
10
10
10
10
10
10
10
10
10
10
10
10
10
10
10
10
10
10
10
10
10
10
10
10
10
10
10
10
10
10
10
10
10
10
10
10
10
10
10
10
10
10
10
10
10
10
10
10
10
10
10
10
10
10
10
10
10
10
10
10
10
10
10
10
10
10
10
10
10
10
10
10
10
10
10
10
10
10
10
10
10
10
10
10
10
10
10
10
10
10
10
10
10
10
10
10
10
10
10
10
10
10
10
10
10
10
10
10
10
10
10
10
10
10
10
10
10
10
10
10
10
10
10
10
10
10
10
10
10
10
10
10
10
10
10
10
10
10
10
10
10
10
10
10
10
10
10
10
10
10
10
10
10
10
10
10
10
10
10
10
10
10
10
10
10
10
10
10
10
10
10
10
10
10
10
10
10
10
10
10
10
10
10
10
10
10
10
10
10
10
10
10
10
10
10
10
10
10
10
10
10
10
10
10
10
10
10
10
10
10
10
10
10
10
10
10
10
10
10
10
10
10
10
10
10
10
10
10
10
10
10
10
10
10
10
10
10
10
10
10
10
10
10
10
10
10
10
10
10
10
10
10
10
10
10
10
10
10
10
10
10
10
10
10
10
10
10
10
10
10
10
10
10
10
10
10
10
10
10
10
10
10
10
10
10
10
10
10
10
10
10
10
10
10
10
10
10
10
10
10
10
10
10
10
10
10
10
10
10
10
10
10
10
10
10
10
10
10
10
10
10
10
10
10
10
10
10
10
10
10
10
10
10
10
10
10
10
10
10
10
10
10
10
10
10
10
10
10
10
10
10
10
10
10
10
10
10
10
10
10
10
10
10
10
10
10
10
10
10
10
10
10
10
10
10
10
10
10
10
10
10
10
10
10
10
10
10
10
10
10
10
10
10
10
10
10
10
10
10
10
10
10
10
10
10
10
10
10
10
10
10
10
10
10
10
10
10
10
10
10
10
10
10
10
10
10
10
10
10
10
10
10
10
10
10
10
10
10
10
10
10
10
10
10
10
10
10
10
10
10
10
10
10
10
10
10
10
10
10
10
10
10
10
10
10
10
10
10
10
10
10
10
10
10
10
10
10
10
10
10
10
10
10
10
10
10
10
10
10
10
10
10
10
10
10
10
10
10
10
10
10
10
10
10
10
10
10
10
10
10
10
10
10
10
10
10
10
10
10
10
10
10
10
10
10
10
10
10
10
10
10
10
10
10
10
10
10
10
10
10
10
10
10
10
10
10
10
10
10
10
10
10
10
10
10
10
10
10
10
10
10
10
10
10
10
10
10
10
10
10
10
10
10
10
10
10
10
10
10
10
10
10
10
10
10
10
10
10
10
10
10
10
10
10
10
10
10
10
10
10
10
10
10
10
10
10
10
10
10
10
10
10
10
10
10
10
10
10
10
10
10
10
10
10
10
10
10
10
10
10
10
10
10
10
10
10
10
10
10
10
10
10
10
10
10
10
10
10
10
10
10
10
10
10
10
10
10
10
10
10
10
10
10
10
10
10
10
10
10
10
10
10
10
10
10
10
10
10
10
10
10
10
10
10
10
10
10
10
10
10
10
10
10
10
10
10
10
10
10
10
10
10
10
10
10
10
10
10
10
10
10
10
10
10
10
10
10
10
10
10
10
10
10
10
10
10
10
10
10
10
10
10
10
10
10
10
10
10
10
10
10
10
10
10
10
10
10
10
10
10
10
10
10
10
10
10
10
10
10
10
10
10
10
10
10
10
10
10
10
10
10
10
10
10
10
10
10
10
10
10
10
10
10
10
10
10
10
10
10
10
10
10
10
10
10
10
10
10
10
10
10
10
10
10
10
10
10
10
10
10
10
10
10
10
10
10
10
10
10
10
10
10
10
10
10
10
10
10
10
10
10
10
10
10
10
10
10
10
10
10
10
10
10
10
10
10
10
10
10
10
10
10
10
10
10
10
10
10
10
10
10
10
10
10
10
10
10
10
10
10
10
10
10
10
10
10
10
10
10
10
10
10
10
10
10
10
10
10
10
10
10
10
10
10
10
10
10
10
10
10
10
10
10
10
10
10
10
10
10
10
10
10
10
10
10
10
10
10
10
10
10
10
10
10
10
10
10
10
10
10
10
10
10
10
10
10
10
10
10
10
10
10
10
10
10
10
10
10
10
10
10
10
10
10
10
10
10
10
10
10
10
10
10
10
10
10
10
10
10
10
10
10
10
10
10
10
10
10
10
10
10
10
10
10
10
10
10
10
10
10
10
10
10
10
10
10
10
10
10
10
10
10
10
10
10
10
10
10
10
10
10
10
10
10
10
10
10
10
10
10
10
10
10
10
10
10
10
10
10
10
10
10
10
10
10
10
10
10
10
10
10
10
10
10
10
10
10
10
10
10
10
10
10
10
10
10
10
10
10
10
10
10
10
10
10
10
10
10
10
10
10
10
10
10
10
10
10
10
10
10
10
10
10
10
10
10
10
10
10
10
10
10
10
10
10
10
10
10
10
10
10
10
10
10
10
10
10
10
10
10
10
10
10
10
10
10
10
10
10
10
10
10
10
10
10
10
10
10
10
10
10
10
10
10
10
10
10
10
10
10
10
10
10
10
10
10
10
10
10
10
10
10
10
10
10
10
10
10
10
10
10
10
10
10
10
10
10
10
10
10
10
10
10
10
10
10
10
10
10
10
10
10
10
10
10
10
10
10
10
10
10
10
10
10
10
10
10
10
10
10
10
10
10
10
10
10
10
10
10
10
10
10
10
10
10
10
10
10
10
10
10
10
10
10
10
10
10
10
10
10
10
10
10
10
10
10
10
10
10
10
10
10
10
10
10
10
10
10
10
10
10
10
10
10
10
10
10
10
10
10
10
10
10
10
10
10
10
10
10
10
10
10
10
10
10
10
10
10
10
10
10
10
10
10
10
10
10
10
10
10
10
10
10
10
10
10
10
10
10
10
10
10
10
10
10
10
10
10
10
10
10
10
10
10
10
10
10
10
10
10
10
10
10
10
10
10
10
10
10
10
10
10
10
10
10
10
10
10
10
10
10
10
10
10
10
10
10
10
10
10
10
10
10
10
10
10
10
10
10
10
10
10
10
10
10
10
10
10
10
10
10
10
10
10
10
10
10
10
10
10
10
10
10
10
10
10
10
10
10
10
10
10
10
10
10
10
10
10
10
10
10
10
10
10
10
10
10
10
10
10
10
10
10
10
10
10
10
10
10
10
10
10
10
10
10
10
10
10
10
10
10
10
10
10
10
10
10
10
10
10
10
10
10
10
10
10
10
10
10
10
10
10
10
10
10
10
10
10
10
10
10
10
10
10
10
10
10
10
10
10
10
10
10
10
10
10
10
10
10
10
10
10
10
10
10
10
10
10
10
10
10
10
10
10
10
10
10
10
10
10
10
10
10
10
10
10
10
10
10
10
10
10
10
10
10
10
10
10
10
10
10
10
10
10
10
10
10
10
10
10
10
10
10
10
10
10
10
10
10
10
10
10
10
10
10
10
10
10
10
10
10
10
10
10
10
10
10
10
10
10
10
10
10
10
10
10
10
10
10
10
10
10
10
10
10
10
10
10
10
10
10
10
10
10
10
10
10
10
10
10
10
10
10
10
10
10
10
10
10
10
10
10
10
10
10
10
10
10
10
10
10
10
10
10
10
10
10
10
10
10
10
10
10
10
10
10
10
10
10
10
10
10
10
10
10
10
10
10
10
10
10
10
10
10
10
10
10
10
10
10
10
10
10
10
10
10
10
10
10
10
10
10
10
10
10
10
10
10
10
10
10
10
10
10
10
10
10
10
10
10
10
10
10
10
10
10
10
10
10
10
10
10
10
10
10
10
10
10
10
10
10
10
10
10
10
10
10
10
10
10
10
10
10
10
10
10
10
10
10
10
10
10
10
10
10
10
10
10
10
10
10
10
10
10
10
10
10
10
10
10
10
10
10
10
10
10
10
10
10
10
10
10
10
10
10
10
10
10
10
10
10
10
10
10
10
10
10
10
10
10
10
10
10
10
10
10
10
10
10
10
10
10
10
10
10
10
10
10
10
10
10
10
10
10
10
10
10
10
10
10
10
10
10
10
10
10
10
10
10
10
10
10
10
10
10
10
10
10
10
10
10
10
10
10
10
10
10
10
10
10
10
10
10
10
10
10
10
10
10
10
10
10
10
10
10
10
10
10
10
10
10
10
10
10
10
10
10
10
10
10
10
10
10
10
10
10
10
10
10
10
10
10
10
10
10
10
10
10
10
10
10
10
10
10
10
10
10
10
10
10
10
10
10
10
10
10
10
10
10
10
10
10
10
10
10
10
10
10
10
10
10
10
10
10
10
10
10
10
10
10
10
10
10
10
10
10
10
10
10
10
10
10
10
10
10
10
10
10
10
10
10
10
10
10
10
10
10
10
10
10
10
10
10
10
10
10
10
10
10
10
10
10
10
10
10
10
10
10
10
10
10
10
10
10
10
10
10
10
10
10
10
10
10
10
10
10
10
10
10
10
10
10
10
10
10
10
10
10
10
10
10
10
10
10
10
10
10
10
10
10
10
10
10
10
10
10
10
10
10
10
10
10
10
10
10
10
10
10
10
10
10
10
10
10
10
10
10
10
10
10
10
10
10
10
10
10
10
10
10
10
10
10
10
10
10
10
10
10
10
10
10
10
10
10
10
10
10
10
10
10
10
10
10
10
10
10
10
10
10
10
10
10
10
10
10
10
10
10
10
10
10
10
10
10
10
10
10
10
10
10
10
10
10
10
10
10
10
10
10
10
10
10
10
10
10
10
10
10
10
10
10
10
10
10
10
10
10
10
10
10
10
10
10
10
10
10
10
10
10
10
10
10
10
10
10
10
10
10
10
10
10
10
10
10
10
10
10
10
10
10
10
10
10
10
10
10
10
10
10
10
10
10
10
10
10
10
10
10
10
10
10
10
10
10
10
10
10
10
10
10
10
10
10
10
10
10
10
10
10
10
10
10
10
10
10
10
10
10
10
10
10
10
10
10
10
10
10
10
10
10
10
10
10
10
10
10
10
10
10
10
10
10
10
10
10
10
10
10
10
10
10
10
10
10
10
10
10
10
10
10
10
10
10
10
10
10
10
10
10
10
10
10
10
10
10
10
10
10
10
10
10
10
10
10
10
10
10
10
10
10
10
10
10
10
10
10
10
10
10
10
10
10
10
10
10
10
10
10
10
10
10
10
10
10
10
10
10
10
10
10
10
10
10
10
10
10
10
10
10
10
10
10
10
10
10
10
10
10
10
10
10
10
10
10
10
10
10
10
10
10
10
10
10
10
10
10
10
10
10
10
10
10
10
10
10
10
10
10
10
10
10
10
10
10
10
10
10
10
10
10
10
10
10
10
10
10
10
10
10
10
10
10
10
10
10
10
10
10
10
10
10
10
10
10
10
10
10
10
10
10
10
10
10
10
10
10
10
10
10
10
10
10
10
10
10
10
10
10
10
10
10
10
10
10
10
10
10
10
10
10
10
10
10
10
10
10
10
10
10
10
10
10
10
10
10
10
10
10
10
10
10
10
10
10
10
10
10
10
10
10
10
10
10
10
10
10
10
10
10
10
10
10
10
10
10
10
10
10
10
10
10
10
10
10
10
10
10
10
10
10
10
10
10
10
10
10
10
10
10
10
10
10
10
10
10
10
10
10
10
10
10
10
10
10
10
10
10
10
10
10
10
10
10
10
10
10
10
10
10
10
10
10
10
10
10
10
10
10
10
10
10
10
10
10
10
10
10
10
10
10
10
10
10
10
10
10
10
10
10
10
10
10
10
10
10
10
10
10
10
10
10
10
10
10
10
10
10
10
10
10
10
10
10
10
10
10
10
10
10
10
10
10
10
10
10
10
10
10
10
10
10
10
10
10
10
10
10
10
10
10
10
10
10
10
10
10
10
10
10
10
10
10
10
10
10
10
10
10
10
10
10
10
10
10
10
10
10
10
10
10
10
10
10
10
10
10
10
10
10
10
10
10
10
10
10
10
10
10
10
10
10
10
10
10
10
10
10
10
10
10
10
10
10
10
10
10
10
10
10
10
10
10
10
10
10
10
10
10
10
10
10
10
10
10
10
10
10
10
10
10
10
10
10
10
10
10
10
10
10
10
10
10
10
10
10
10
10
10
10
10
10
10
10
10
10
10
10
10
10
10
10
10
10
10
10
10
10
10
10
10
10
10
10
10
10
10
10
10
10
10
10
10
10
10
10
10
10
10
10
10
10
10
10
10
10
10
10
10
10
10
10
10
10
10
10
10
10
10
10
10
10
10
10
10
10
10
10
10
10
10
10
10
10
10
10
10
10
10
10
10
10
10
10
10
10
10
10
10
10
10
10
10
10
10
10
10
10
10
10
10
10
10
10
10
10
10
10
10
10
10
10
10
10
10
10
10
10
10
10
10
10
10
10
10
10
10
10
10
10
10
10
10
10
10
10
10
10
10
10
10
10
10
10
10
10
10
10
10
10
10
10
10
10
10
10
10
10
10
10
10
10
10
10
10
10
10
10
10
10
10
10
10
10
10
10
10
10
10
10
10
10
10
10
10
10
10
10
10
10
10
10
10
10
10
10
10
10
10
10
10
10
10
10
10
10
10
10
10
10
10
10
10
10
10
10
10
10
10
10
10
10
10
10
10
10
10
10
10
10
10
10
10
10
10
10
10
10
10
10
10
10
10
10
10
10
10
10
10
10
10
10
10
10
10
10
10
10
10
10
10
10
10
10
10
10
10
10
10
10
10
10
10
10
10
10
10
10
10
10
10
10
10
10
10
10
10
10
10
10
10
10
10
10
10
10
10
10
10
10
10
10
10
10
10
10
10
10
10
10
10
10
10
10
10
10
10
10
10
10
10
10
10
10
10
10
10
10
10
10
10
10
10
10
10
10
10
10
10
10
10
10
10
10
10
10
10
10
10
10
10
10
10
10
10
10
10
10
10
10
10
10
10
10
10
10
10
10
10
10
10
10
10
10
10
10
10
10
10
10
10
10
10
10
10
10
10
10
10
10
10
10
10
10
10
10
10
10
10
10
10
10
10
10
10
10
10
10
10
10
10
10
10
10
10
10
10
10
10
10
10
10
10
10
10
10
10
10
10
10
10
10
10
10
10
10
10
10
10
10
10
10
10
10
10
10
10
10
10
10
10
10
10
10
10
10
10
10
10
10
10
10
10
10
10
10
10
10
10
10
10
10
10
10
10
10
10
10
10
10
10
10
10
10
10
10
10
10
10
10
10
10
10
10
10
10
10
10
10
10
10
10
10
10
10
10
10
10
10
10
10
10
10
10
10
10
10
10
10
10
10
10
10
10
10
10
10
10
10
10
10
10
10
10
10
10
10
10
10
10
10
10
10
10
10
10
10
10
10
10
10
10
10
10
10
10
10
10
10
10
10
10
10
10
10
10
10
10
10
10
10
10
10
10
10
10
10
10
10
10
10
10
10
10
10
10
10
10
10
10
10
10
10
10
10
10
10
10
10
10
10
10
10
10
10
10
10
10
10
10
10
10
10
10
10
10
10
10
10
10
10
10
10
10
10
10
10
10
10
10
10
10
10
10
10
10
10
10
10
10
10
10
10
10
10
10
10
10
10
10
10
10
10
10
10
10
10
10
10
10
10
10
10
10
10
10
10
10
10
10
10
10
10
10
10
10
10
10
10
10
10
10
10
10
10
10
10
10
10
10
10
10
10
10
10
10
10
10
10
10
10
10
10
10
10
10
10
10
10
10
10
10
10
10
10
10
10
10
10
10
10
10
10
10
10
10
10
10
10
10
10
10
10
10
10
10
10
10
10
10
10
10
10
10
10
10
10
10
10
10
10
10
10
10
10
10
10
10
10
10
10
10
10
10
10
10
10
10
10
10
10
10
10
10
10
10
10
10
10
10
10
10
10
10
10
10
10
10
10
10
10
10
10
10
10
10
10
10
10
10
10
10
10
10
10
10
10
10
10
10
10
10
10
10
10
10
10
10
10
10
10
10
10
10
10
10
10
10
10
10
10
10
10
10
10
10
10
10
10
10
10
10
10
10
10
10
10
10
10
10
10
10
10
10
10
10
10
10
10
10
10
10
10
10
10
10
10
10
10
10
10
10
10
10
10
10
10
10
10
10
10
10
10
10
10
10
10
10
10
10
10
10
10
10
10
10
10
10
10
10
10
10
10
10
10
10
10
10
10
10
10
10
10
10
10
10
10
10
10
10
10
10
10
10
10
10
10
10
10
10
10
10
10
10
10
10
10
10
10
10
10
10
10
10
10
10
10
10
10
10
10
10
10
10
10
10
10
10
10
10
10
10
10
10
10
10
10
10
10
10
10
10
10
10
10
10
10
10
10
10
10
10
10
10
10
10
10
10
10
10
10
10
10
10
10
10
10
10
10
10
10
10
10
10
10
10
10
10
10
10
10
10
10
10
10
10
10
10
10
10
10
10
10
10
10
10
10
10
10
10
10
10
10
10
10
10
10
10
10
10
10
10
10
10
10
10
10
10
10
10
10
10
10
10
10
10
10
10
10
10
10
10
10
10
10
10
10
10
10
10
10
10
10
10
10
10
10
10
10
10
10
10
10
10
10
10
10
10
10
10
10
10
10
10
10
10
10
10
10
10
10
10
10
10
10
10
10
10
10
10
10
10
10
10
10
10
10
10
10
10
10
10
10
10
10
10
10
10
10
10
10
10
10
10
10
10
10
10
10
10
10
10
10
10
10
10
10
10
10
10
10
10
10
10
10
10
10
10
10
10
10
10
10
10
10
10
10
10
10
10
10
10
10
10
10
10
10
10
10
10
10
10
10
10
10
10
10
10
10
10
10
10
10
10
10
10
10
10
10
10
10
10
10
10
10
10
10
10
10
10
10
10
10
10
10
10
10
10
10
10
10
10
10
10
10
10
10
10
10
10
10
10
10
10
10
10
10
10
10
10
10
10
10
10
10
10
10
10
10
10
10
10
10
10
10
10
10
10
10
10
10
10
10
10
10
10
10
10
10
10
10
10
10
10
10
10
10
10
10
10
10
10
10
10
10
10
10
10
10
10
10
10
10
10
10
10
10
10
10
10
10
10
10
10
10
10
10
10
10
10
10
10
10
10
10
10
10
10
10
10
10
10
10
10
10
10
10
10
10
10
10
10
10
10
10
10
10
10
10
10
10
10
10
10
10
10
10
10
10
10
10
10
10
10
10
10
10
10
10
10
10
10
10
10
10
10
10
10
10
10
10
10
10
10
10
10
10
10
10
10
10
10
10
10
10
10
10
10
10
10
10
10
10
10
10
10
10
10
10
10
10
10
10
10
10
10
10
10
10
10
10
10
10
10
10
10
10
10
10
10
10
10
10
10
10
10
10
10
10
10
10
10
10
10
10
10
10
10
10
10
10
10
10
10
10
10
10
10
10
10
10
10
10
10
10
10
10
10
10
10
10
10
10
10
10
10
10
10
10
10
10
10
10
10
10
10
10
10
10
10
10
10
10
10
10
10
10
10
10
10
10
10
10
10
10
10
10
10
10
10
10
10
10
10
10
10
10
10
10
10
10
10
10
10
10
10
10
10
10
10
10
10
10
10
10
10
10
10
10
10
10
10
10
10
10
10
10
10
10
10
10
10
10
10
10
10
10
10
10
10
10
10
10
10
10
10
10
10
10
10
10
10
10
10
10
10
10
10
10
10
10
10
10
10
10
10
10
10
10
10
10
10
10
10
10
10
10
10
10
10
10
10
10
10
10
10
10
10
10
10
10
10
10
10
10
10
10
10
10
10
10
10
10
10
10
10
10
10
10
10
10
10
10
10
10
10
10
10
10
10
10
10
10
10
10
10
10
10
10
10
10
10
10
10
10
10
10
10
10
10
10
10
10
10
10
10
10
10
10
10
10
10
10
10
10
10
10
10
10
10
10
10
10
10
10
10
10
10
10
10
10
10
10
10
10
10
10
10
10
10
10
10
10
10
10
10
10
10
10
10
10
10
10
10
10
10
10
10
10
10
10
10
10
10
10
10
10
10
10
10
10
10
10
10
10
10
10
10
10
10
10
10
10
10
10
10
10
10
10
10
10
10
10
10
10
10
10
10
10
10
10
10
10
10
10
10
10
10
10
10
10
10
10
10
10
10
10
10
10
10
10
10
10
10
10
10
10
10
10
10
10
10
10
10
10
10
10
10
10
10
10
10
10
10
10
10
10
10
10
10
10
10
10
10
10
10
10
10
10
10
10
10
10
10
10
10
10
10
10
10
10
10
10
10
10
10
10
10
10
10
10
10
10
10
10
10
10
10
10
10
10
10
10
10
10
10
10
10
10
10
10
10
10
10
10
10
10
10
10
10
10
10
10
10
10
10
10
10
10
10
10
10
10
10
10
10
10
10
10
10
10
10
10
10
10
10
10
10
10
10
10
10
10
10
10
10
10
10
10
10
10
10
10
10
10
10
10
10
10
10
10
10
10
10
10
10
10
10
10
10
10
10
10
10
10
10
10
10
10
10
10
10
10
10
10
10
10
10
10
10
10
10
10
10
10
10
10
10
10
10
10
10
10
10
10
10
10
10
10
10
10
10
10
10
10
10
10
10
10
10
10
10
10
10
10
10
10
10
10
10
10
10
10
10
10
10
10
10
10
10
10
10
10
10
10
10
10
10
10
10
10
10
10
10
10
10
10
10
10
10
10
10
10
10
10
10
10
10
10
10
10
10
10
10
10
10
10
10
10
10
10
10
10
10
10
10
10
10
10
10
10
10
10
10
10
10
10
10
10
10
10
10
10
10
10
10
10
10
10
10
10
10
10
10
10
10
10
10
10
10
10
10
10
10
10
10
10
10
10
10
10
10
10
10
10
10
10
10
10
10
10
10
10
10
10
10
10
10
10
10
10
10
10
10
10
10
10
10
10
10
10
10
10
10
10
10
10
10
10
10
10
10
10
10
10
10
10
10
10
10
10
10
10
10
10
10
10
10
10
10
10
10
10
10
10
10
10
10
10
10
10
10
10
10
10
10
10
10
10
10
10
10
10
10
10
10
10
10
10
10
10
10
10
10
10
10
10
10
10
10
10
10
10
10
10
10
10
10
10
10
10
10
10
10
10
10
10
10
10
10
10
10
10
10
10
10
10
10
10
10
10
10
10
10
10
10
10
10
10
10
10
10
10
10
10
10
10
10
10
10
10
10
10
10
10
10
10
10
10
10
10
10
10
10
10
10
10
10
10
10
10
10
10
10
10
10
10
10
10
10
10
10
10
10
10
10
10
10
10
10
10
10
10
10
10
10
10
10
10
10
10
10
10
10
10
10
10
10
10
10
10
10
10
10
10
10
10
10
10
10
10
10
10
10
10
10
10
10
10
10
10
10
10
10
10
10
10
10
10
10
10
10
10
10
10
10
10
10
10
10
10
10
10
10
10
10
10
10
10
10
10
10
10
10
10
10
10
10
10
10
10
10
10
10
10
10
10
10
10
10
10
10
10
10
10
10
10
10
10
10
10
10
10
10
10
10
10
10
10
10
10
10
10
10
10
10
10
10
10
10
10
10
10
10
10
10
10
10
10
10
10
10
10
10
10
10
10
10
10
10
10
10
10
10
10
10
10
10
10
10
10
10
10
10
10
10
10
10
10
10
10
10
10
10
10
10
10
10
10
10
10
10
10
10
10
10
10
10
10
10
10
10
10
10
10
10
10
10
10
10
10
10
10
10
10
10
10
10
10
10
10
10
10
10
10
10
10
10
10
10
10
10
10
10
10
10
10
10
10
10
10
10
10
10
10
10
10
10
10
10
10
10
10
10
10
10
10
10
10
10
10
10
10
10
10
10
10
10
10
10
10
10
10
10
10
10
10
10
10
10
10
10
10
10
10
10
10
10
10
10
10
10
10
10
10
10
10
10
10
10
10
10
10
10
10
10
10
10
10
10
10
10
10
10
10
10
10
10
10
10
10
10
10
10
10
10
10
10
10
10
10
10
10
10
10
10
10
10
10
10
10
10
10
10
10
10
10
10
10
10
10
10
10
10
10
10
10
10
10
10
10
10
10
10
10
10
10
10
10
10
10
10
10
10
10
10
10
10
10
10
10
10
10
10
10
10
10
10
10
10
10
10
10
10
10
10
10
10
10
10
10
10
10
10
10
10
10
10
10
10
10
10
10
10
10
10
10
10
10
10
10
10
10
10
10
10
10
10
10
10
10
10
10
10
10
10
10
10
10
10
10
10
10
10
10
10
10
10
10
10
10
10
10
10
10
10
10
10
10
10
10
10
10
10
10
10
10
10
10
10
10
10
10
10
10
10
10
10
10
10
10
10
10
10
10
10
10
10
10
10
10
10
10
10
10
10
10
10
10
10
10
10
10
10
10
10
10
10
10
10
10
10
10
10
10
10
10
10
10
10
10
10
10
10
10
10
10
10
10
10
10
10
10
10
10
10
10
10
10
10
10
10
10
10
10
10
10
10
10
10
10
10
10
10
10
10
10
10
10
10
10
10
10
10
10
10
10
10
10
10
10
10
10
10
10
10
10
10
10
10
10
10
10
10
10
10
10
10
10
10
10
10
10
10
10
10
10
10
10
10
10
10
10
10
10
10
10
10
10
10
10
10
10
10
10
10
10
10
10
10
10
10
10
10
10
10
10
10
10
10
10
10
10
10
10
10
10
10
10
10
10
10
10
10
10
10
10
10
10
10
10
10
10
10
10
10
10
10
10
10
10
10
10
10
10
10
10
10
10
10
10
10
10
10
10
10
10
10
10
10
10
10
10
10
10
10
10
10
10
10
10
10
10
10
10
10
10
10
10
10
10
10
10
10
10
10
10
10
10
10
10
10
10
10
10
10
10
10
10
10
10
10
10
10
10
10
10
10
10
10
10
10
10
10
10
10
10
10
10
10
10
10
10
10
10
10
10
10
10
10
10
10
10
10
10
10
10
10
10
10
10
10
10
10
10
10
10
10
10
10
10
10
10
10
10
10
10
10
10
10
10
10
10
10
10
10
10
10
10
10
10
10
10
10
10
10
10
10
10
10
10
10
10
10
10
10
10
10
10
10
10
10
10
10
10
10
10
10
10
10
10
10
10
10
10
10
10
10
10
10
10
10
10
10
10
10
10
10
10
10
10
10
10
10
10
10
10
10
10
10
10
10
10
10
10
10
10
10
10
10
10
10
10
10
10
10
10
10
10
10
10
10
10
10
10
10
10
10
10
10
10
10
10
10
10
10
10
10
10
10
10
10
10
10
10
10
10
10
10
10
10
10
10
10
10
10
10
10
10
10
10
10
10
10
10
10
10
10
10
10
10
10
10
10
10
10
10
10
10
10
10
10
10
10
10
10
10
10
10
10
10
10
10
10
10
10
10
10
10
10
10
10
10
10
10
10
10
10
10
10
10
10
10
10
10
10
10
10
10
10
10
10
10
10
10
10
10
10
10
10
10
10
10
10
10
10
10
10
10
10
10
10
10
10
10
10
10
10
10
10
10
10
10
10
10
10
10
10
10
10
10
10
10
10
10
10
10
10
10
10
10
10
10
10
10
10
10
10
10
10
10
10
10
10
10
10
10
10
10
10
10
10
10
10
10
10
10
10
10
10
10
10
10
10
10
10
10
10
10
10
10
10
10
10
10
10
10
10
10
10
10
10
10
10
10
10
10
10
10
10
10
10
10
10
10
10
10
10
10
10
10
10
10
10
10
10
10
10
10
10
10
10
10
10
10
10
10
10
10
10
10
10
10
10
10
10
10
10
10
10
10
10
10
10
10
10
10
10
10
10
10
10
10
10
10
10
10
10
10
10
10
10
10
10
10
10
10
10
10
10
10
10
10
10
10
10
10
10
10
10
10
10
10
10
10
10
10
10
10
10
10
10
10
10
10
10
10
10
10
10
10
10
10
10
10
10
10
10
10
10
10
10
10
10
10
10
10
10
10
10
10
10
10
10
10
10
10
10
10
10
10
10
10
10
10
10
10
10
10
10
10
10
10
10
10
10
10
10
10
10
10
10
10
10
10
10
10
10
10
10
10
10
10
10
10
10
10
10
10
10
10
10
10
10
10
10
10
10
10
10
10
10
10
10
10
10
10
10
10
10
10
10
10
10
10
10
10
10
10
10
10
10
10
10
10
10
10
10
10
10
10
10
10
10
10
10
10
10
10
10
10
10
10
10
10
10
10
10
10
10
10
10
10
10
10
10
10
10
10
10
10
10
10
10
10
10
10
10
10
10
10
10
10
10
10
10
10
10
10
10
10
10
10
10
10
10
10
10
10
10
10
10
10
10
10
10
10
10
10
10
10
10
10
10
10
10
10
10
10
10
10
10
10
10
10
10
10
10
10
10
10
10
10
10
10
10
10
10
10
10
10
10
10
10
10
10
10
10
10
10
10
10
10
10
10
10
10
10
10
10
10
10
10
10
10
10
10
10
10
10
10
10
10
10
10
10
10
10
10
10
10
10
10
10
10
10
10
10
10
10
10
10
10
10
10
10
10
10
10
10
10
10
10
10
10
10
10
10
10
10
10
10
10
10
10
10
10
10
10
10
10
10
10
10
10
10
10
10
10
10
10
10
10
10
10
10
10
10
10
10
10
10
10
10
10
10
10
10
10
10
10
10
10
10
10
10
10
10
10
10
10
10
10
10
10
10
10
10
10
10
10
10
10
10
10
10
10
10
10
10
10
10
10
10
10
10
10
10
10
10
10
10
10
10
10
10
10
10
10
10
10
10
10
10
10
10
10
10
10
10
10
10
10
10
10
10
10
10
10
10
10
10
10
10
10
10
10
10
10
10
10
10
10
10
10
10
10
10
10
10
10
10
10
10
10
10
10
10
10
10
10
10
10
10
10
10
10
10
10
10
10
10
10
10
10
10
10
10
10
10
10
10
10
10
10
10
10
10
10
10
10
10
10
10
10
10
10
10
10
10
10
10
10
10
10
10
10
10
10
10
10
10
10
10
10
10
10
10
10
10
10
10
10
10
10
10
10
10
10
10
10
10
10
10
10
10
10
10
10
10
10
10
10
10
10
10
10
10
10
10
10
10
10
10
10
10
10
10
10
10
10
10
10
10
10
10
10
10
10
10
10
10
10
10
10
10
10
10
10
10
10
10
10
10
10
10
10
10
10
10
10
10
10
10
10
10
10
10
10
10
10
10
10
10
10
10
10
10
10
10
10
10
10
10
10
10
10
10
10
10
10
10
10
10
10
10
10
10
10
10
10
10
10
10
10
10
10
10
10
10
10
10
10
10
10
10
10
10
10
10
10
10
10
10
10
10
10
10
10
10
10
10
10
10
10
10
10
10
10
10
10
10
10
10
10
10
10
10
10
10
10
10
10
10
10
10
10
10
10
10
10
10
10
10
10
10
10
10
10
10
10
10
10
10
10
10
10
10
10
10
10
10
10
10
10
10
10
10
10
10
10
10
10
10
10
10
10
10
10
10
10
10
10
10
10
10
10
10
10
10
10
10
10
10
10
10
10
10
10
10
10
10
10
10
10
10
10
10
10
10
10
10
10
10
10
10
10
10
10
10
10
10
10
10
10
10
10
10
10
10
10
10
10
10
10
10
10
10
10
10
10
10
10
10
10
10
10
10
10
10
10
10
10
10
10
10
10
10
10
10
10
10
10
10
10
10
10
10
10
10
10
10
10
10
10
10
10
10
10
10
10
10
10
10
10
10
10
10
10
10
10
10
10
10
10
10
10
10
10
10
10
10
10
10
10
10
10
10
10
10
10
10
10
10
10
10
10
10
10
10
10
10
10
10
10
10
10
10
10
10
10
10
10
10
10
10
10
10
10
10
10
10
10
10
10
10
10
10
10
10
10
10
10
10
10
10
10
10
10
10
10
10
10
10
10
10
10
10
10
10
10
10
10
10
10
10
10
10
10
10
10
10
10
10
10
10
10
10
10
10
10
10
10
10
10
10
10
10
10
10
10
10
10
10
10
10
10
10
10
10
10
10
10
10
10
10
10
10
10
10
10
10
10
10
10
10
10
10
10
10
10
10
10
10
10
10
10
10
10
10
10
10
10
10
10
10
10
10
10
10
10
10
10
10
10
10
10
10
10
10
10
10
10
10
10
10
10
10
10
10
10
10
10
10
10
10
10
10
10
10
10
10
10
10
10
10
10
10
10
10
10
10
10
10
10
10
10
10
10
10
10
10
10
10
10
10
10
10
10
10
10
10
10
10
10
10
10
10
10
10
10
10
10
10
10
10
10
10
10
10
10
10
10
10
10
10
10
10
10
10
10
10
10
10
10
10
10
10
10
10
10
10
10
10
10
10
10
10
10
10
10
10
10
10
10
10
10
10
10
10
10
10
10
10
10
10
10
10
10
10
10
10
10
10
10
10
10
10
10
10
10
10
10
10
10
10
10
10
10
10
10
10
10
10
10
10
10
10
10
10
10
10
10
10
10
10
10
10
10
10
10
10
10
10
10
10
10
10
10
10
10
10
10
10
10
10
10
10
10
10
10
10
10
10
10
10
10
10
10
10
10
10
10
10
10
10
10
10
10
10
10
10
10
10
10
10
10
10
10
10
10
10
10
10
10
10
10
10
10
10
10
10
10
10
10
10
10
10
10
10
10
10
10
10
10
10
10
10
10
10
10
10
10
10
10
10
10
10
10
10
10
10
10
10
10
10
10
10
10
10
10
10
10
10
10
10
10
10
10
10
10
10
10
10
10
10
10
10
10
10
10
10
10
10
10
10
10
10
10
10
10
10
10
10
10
10
10
10
10
10
10
10
10
10
10
10
10
10
10
10
10
10
10
10
10
10
10
10
10
10
10
10
10
10
10
10
10
10
10
10
10
10
10
10
10
10
10
10
10
10
10
10
10
10
10
10
10
10
10
10
10
10
10
10
10
10
10
10
10
10
10
10
10
10
10
10
10
10
10
10
10
10
10
10
10
10
10
10
10
10
10
10
10
10
10
10
10
10
10
10
10
10
10
10
10
10
10
10
10
10
10
10
10
10
10
10
10
10
10
10
10
10
10
10
10
10
10
10
10
10
10
10
10
10
10
10
10
10
10
10
10
10
10
10
10
10
10
10
10
10
10
10
10
10
10
10
10
10
10
10
10
10
10
10
10
10
10
10
10
10
10
10
10
10
10
10
10
10
10
10
10
10
10
10
10
10
10
10
10
10
10
10
10
10
10
10
10
10
10
10
10
10
10
10
10
10
10
10
10
10
10
10
10
10
10
10
10
10
10
10
10
10
10
10
10
10
10
10
10
10
10
10
10
10
10
10
10
10
10
10
10
10
10
10
10
10
10
10
10
10
10
10
10
10
10
10
10
10
10
10
10
10
10
10
10
10
10
10
10
10
10
10
10
10
10
10
10
10
10
10
10
10
10
10
10
10
10
10
10
10
10
10
10
10
10
10
10
10
10
10
10
10
10
10
10
10
10
10
10
10
10
10
10
10
10
10
10
10
10
10
10
10
10
10
10
10
10
10
10
10
10
10
10
10
10
10
10
10
10
10
10
10
10
10
10
10
10
10
10
10
10
10
10
10
10
10
10
10
10
10
10
10
10
10
10
10
10
10
10
10
10
10
10
10
10
10
10
10
10
10
10
10
10
10
10
10
10
10
10
10
10
10
10
10
10
10
10
10
10
10
10
10
10
10
10
10
10
10
10
10
10
10
10
10
10
10
10
10
10
10
10
10
10
10
10
10
10
10
10
10
10
10
10
10
10
10
10
10
10
10
10
10
10
10
10
10
10
10
10
10
10
10
10
10
10
10
10
10
10
10
10
10
10
10
10
10
10
10
10
10
10
10
10
10
10
10
10
10
10
10
10
10
10
10
10
10
10
10
10
10
10
10
10
10
10
10
10
10
10
10
10
10
10
10
10
10
10
10
10
10
10
10
10
10
10
10
10
10
10
10
10
10
10
10
10
10
10
10
10
10
10
10
10
10
10
10
10
10
10
10
10
10
10
10
10
10
10
10
10
10
10
10
10
10
10
10
10
10
10
10
10
10
10
10
10
10
10
10
10
10
10
10
10
10
10
10
10
10
10
10
10
10
10
10
10
10
10
10
10
10
10
10
10
10
10
10
10
10
10
10
10
10
10
10
10
10
10
10
10
10
10
10
10
10
10
10
10
10
10
10
10
10
10
10
10
10
10
10
10
10
10
10
10
10
10
10
10
10
10
10
10
10
10
10
10
10
10
10
10
10
10
10
10
10
10
10
10
10
10
10
10
10
10
10
10
10
10
10
10
10
10
10
10
10
10
10
10
10
10
10
10
10
10
10
10
10
10
10
10
10
10
10
10
10
10
10
10
10
10
10
10
10
10
10
10
10
10
10
10
10
10
10
10
10
10
10
10
10
10
10
10
10
10
10
10
10
10
10
10
10
10
10
10
10
10
10
10
10
10
10
10
10
10
10
10
10
10
10
10
10
10
10
10
10
10
10
10
10
10
10
10
10
10
10
10
10
10
10
10
10
10
10
10
10
10
10
10
10
10
10
10
10
10
10
10
10
10
10
10
10
10
10
10
10
10
10
10
10
10
10
10
10
10
10
10
10
10
10
10
10
10
10
10
10
10
10
10
10
10
10
10
10
10
10
10
10
10
10
10
10
10
10
10
10
10
10
10
10
10
10
10
10
10
10
10
10
10
10
10
10
10
10
10
10
10
10
10
10
10
10
10
10
10
10
10
10
10
10
10
10
10
10
10
10
10
10
10
10
10
10
10
10
10
10
10
10
10
10
10
10
10
10
10
10
10
10
10
10
10
10
10
10
10
10
10
10
10
10
10
10
10
10
10
10
10
10
10
10
10
10
10
10
10
10
10
10
10
10
10
10
10
10
10
10
10
10
10
10
10
10
10
10
10
10
10
10
10
10
10
10
10
10
10
10
10
10
10
10
10
10
10
10
10
10
10
10
10
10
10
10
10
10
10
10
10
10
10
10
10
10
10
10
10
10
10
10
10
10
10
10
10
10
10
10
10
10
10
10
10
10
10
10
10
10
10
10
10
10
10
10
10
10
10
10
10
10
10
10
10
10
10
10
10
10
10
10
10
10
10
10
10
10
10
10
10
10
10
10
10
10
10
10
10
10
10
10
10
10
10
10
10
10
10
10
10
10
10
10
10
10
10
10
10
10
10
10
10
10
10
10
10
10
10
10
10
10
10
10
10
10
10
10
10
10
10
10
10
10
10
10
10
10
10
10
10
10
10
10
10
10
10
10
10
10
10
10
10
10
10
10
10
10
10
10
10
10
10
10
10
10
10
10
10
10
10
10
10
10
10
10
10
10
10
10
10
10
10
10
10
10
10
10
10
10
10
10
10
10
10
10
10
10
10
10
10
10
10
10
10
10
10
10
10
10
10
10
10
10
10
10
10
10
10
10
10
10
10
10
10
10
10
10
10
10
10
10
10
10
10
10
10
10
10
10
10
10
10
10
10
10
10
10
10
10
10
10
10
10
10
10
10
10
10
10
10
10
10
10
10
10
10
10
10
10
10
10
10
10
10
10
10
10
10
10
10
10
10
10
10
10
10
10
10
10
10
10
10
10
10
10
10
10
10
10
10
10
10
10
10
10
10
10
10
10
10
10
10
10
10
10
10
10
10
10
10
10
10
10
10
10
10
10
10
10
10
10
10
10
10
10
10
10
10
10
10
10
10
10
10
10
10
10
10
10
10
10
10
10
10
10
10
10
10
10
10
10
10
10
10
10
10
10
10
10
10
10
10
10
10
10
10
10
10
10
10
10
10
10
10
10
10
10
10
10
10
10
10
10
10
10
10
10
10
10
10
10
10
10
10
10
10
10
10
10
10
10
10
10
10
10
10
10
10
10
10
10
10
10
10
10
10
10
10
10
10
10
10
10
10
10
10
10
10
10
10
10
10
10
10
10
10
10
10
10
10
10
10
10
10
10
10
10
10
10
10
10
10
10
10
10
10
10
10
10
10
10
10
10
10
10
10
10
10
10
10
10
10
10
10
10
10
10
10
10
10
10
10
10
10
10
10
10
10
10
10
10
10
10
10
10
10
10
10
10
10
10
10
10
10
10
10
10
10
10
10
10
10
10
10
10
10
10
10
10
10
10
10
10
10
10
10
10
10
10
10
10
10
10
10
10
10
10
10
10
10
10
10
10
10
10
10
10
10
10
10
10
10
10
10
10
10
10
10
10
10
10
10
10
10
10
10
10
10
10
10
10
10
10
10
10
10
10
10
10
10
10
10
10
10
10
10
10
10
10
10
10
10
10
10
10
10
10
10
10
10
10
10
10
10
10
10
10
10
10
10
10
10
10
10
10
10
10
10
10
10
10
10
10
10
10
10
10
10
10
10
10
10
10
10
10
10
10
10
10
10
10
10
10
10
10
10
10
10
10
10
10
10
10
10
10
10
10
10
10
10
10
10
10
10
10
10
10
10
10
10
10
10
10
10
10
10
10
10
10
10
10
10
10
10
10
10
10
10
10
10
10
10
10
10
10
10
10
10
10
10
10
10
10
10
10
10
10
10
10
10
10
10
10
10
10
10
10
10
10
10
10
10
10
10
10
10
10
10
10
10
10
10
10
10
10
10
10
10
10
10
10
10
10
10
10
10
10
10
10
10
10
10
10
10
10
10
10
10
10
10
10
10
10
10
10
10
10
10
10
10
10
10
10
10
10
10
10
10
10
10
10
10
10
10
10
10
10
10
10
10
10
10
10
10
10
10
10
10
10
10
10
10
10
10
10
10
10
10
10
10
10
10
10
10
10
10
10
10
10
10
10
10
10
10
10
10
10
10
10
10
10
10
10
10
10
10
10
10
10
10
10
10
10
10
10
10
10
10
10
10
10
10
10
10
10
10
10
10
10
10
10
10
10
10
10
10
10
10
10
10
10
10
10
10
10
10
10
10
10
10
10
10
10
10
10
10
10
10
10
10
10
10
10
10
10
10
10
10
10
10
10
10
10
10
10
10
10
10
10
10
10
10
10
10
10
10
10
10
10
10
10
10
10
10
10
10
10
10
10
10
10
10
10
10
10
10
10
10
10
10
10
10
10
10
10
10
10
10
10
10
10
10
10
10
10
10
10
10
10
10
10
10
10
10
10
10
10
10
10
10
10
10
10
10
10
10
10
10
10
10
10
10
10
10
10
10
10
10
10
10
10
10
10
10
10
10
10
10
10
10
10
10
10
10
10
10
10
10
10
10
10
10
10
10
10
10
10
10
10
10
10
10
10
10
10
10
10
10
10
10
10
10
10
10
10
10
10
10
10
10
10
10
10
10
10
10
10
10
10
10
10
10
10
10
10
10
10
10
10
10
10
10
10
10
10
10
10
10
10
10
10
10
10
10
10
10
10
10
10
10
10
10
10
10
10
10
10
10
10
10
10
10
10
10
10
10
10
10
10
10
10
10
10
10
10
10
10
10
10
10
10
10
10
10
10
10
10
10
10
10
10
10
10
10
10
10
10
10
10
10
10
10
10
10
10
10
10
10
10
10
10
10
10
10
10
10
10
10
10
10
10
10
10
10
10
10
10
10
10
10
10
10
10
10
10
10
10
10
10
10
10
10
POINT_DATA 2814
SCALARS phi double 1
LOOKUP_TABLE default
0.000000e0
0.000000e0
0.000000e0
0.000000e0
0.000000e0
0.000000e0
0.000000e0
0.000000e0
0.000000e0
0.000000e0
0.000000e0
0.000000e0
0.000000e0
0.000000e0
0.000000e0
0.000000e0
0.000000e0
0.000000e0
0.000000e0
0.000000e0
1.000000e0
0.000000e0
0.000000e0
0.000000e0
0.000000e0
0.000000e0
0.000000e0
0.000000e0
0.000000e0
0.000000e0
0.000000e0
0.000000e0
0.000000e0
0.000000e0
0.000000e0
0.000000e0
0.000000e0
0.000000e0
0.000000e0
0.000000e0
0.000000e0
0.000000e0
0.000000e0
0.000000e0
0.000000e0
0.000000e0
0.000000e0
0.000000e0
0.000000e0
0.000000e0
0.000000e0
0.000000e0
0.000000e0
0.000000e0
0.000000e0
0.000000e0
0.000000e0
0.000000e0
0.000000e0
0.000000e0
0.000000e0
0.000000e0
0.000000e0
0.000000e0
0.000000e0
0.000000e0
0.000000e0
0.000000e0
0.000000e0
0.000000e0
0.000000e0
0.000000e0
0.000000e0
0.000000e0
0.000000e0
0.000000e0
0.000000e0
0.000000e0
0.000000e0
0.000000e0
0.000000e0
0.000000e0
0.000000e0
0.000000e0
0.000000e0
0.000000e0
0.000000e0
0.000000e0
0.000000e0
0.000000e0
0.000000e0
0.000000e0
0.000000e0
0.000000e0
0.000000e0
0.000000e0
0.000000e0
0.000000e0
0.000000e0
0.000000e0
0.000000e0
0.000000e0
0.000000e0
0.000000e0
0.000000e0
0.000000e0
0.000000e0
0.000000e0
0.000000e0
0.000000e0
0.000000e0
0.000000e0
0.000000e0
0.000000e0
0.000000e0
0.000000e0
0.000000e0
0.000000e0
0.000000e0
0.000000e0
0.000000e0
0.000000e0
0.000000e0
0.000000e0
0.000000e0
0.000000e0
0.000000e0
0.000000e0
0.000000e0
0.000000e0
0.000000e0
0.000000e0
0.000000e0
0.000000e0
0.000000e0
0.000000e0
0.000000e0
0.000000e0
0.000000e0
0.000000e0
0.000000e0
0.000000e0
0.000000e0
0.000000e0
0.000000e0
0.000000e0
0.000000e0
0.000000e0
0.000000e0
0.000000e0
0.000000e0
1.000000e0
1.000000e0
1.000000e0
0.000000e0
0.000000e0
0.000000e0
0.000000e0
0.000000e0
0.000000e0
0.000000e0
0.000000e0
0.000000e0
0.000000e0
0.000000e0
0.000000e0
0.000000e0
0.000000e0
0.000000e0
0.000000e0
0.000000e0
0.000000e0
0.000000e0
0.000000e0
0.000000e0
0.000000e0
0.000000e0
0.000000e0
0.000000e0
0.000000e0
0.000000e0
0.000000e0
0.000000e0
0.000000e0
0.000000e0
0.000000e0
0.000000e0
0.000000e0
0.000000e0
0.000000e0
0.000000e0
0.000000e0
0.000000e0
0.000000e0
0.000000e0
0.000000e0
0.000000e0
0.000000e0
0.000000e0
0.000000e0
0.000000e0
0.000000e0
0.000000e0
0.000000e0
0.000000e0
0.000000e0
0.000000e0
0.000000e0
0.000000e0
0.000000e0
0.000000e0
0.000000e0
0.000000e0
0.000000e0
0.000000e0
0.000000e0
0.000000e0
0.000000e0
0.000000e0
0.000000e0
0.000000e0
0.000000e0
0.000000e0
0.000000e0
0.000000e0
0.000000e0
0.000000e0
0.000000e0
0.000000e0
0.000000e0
0.000000e0
0.000000e0
0.000000e0
0.000000e0
0.000000e0
0.000000e0
0.000000e0
0.000000e0
0.000000e0
0.000000e0
0.000000e0
0.000000e0
0.000000e0
0.000000e0
0.000000e0
0.000000e0
0.000000e0
0.000000e0
0.000000e0
0.000000e0
0.000000e0
0.000000e0
0.000000e0
0.000000e0
0.000000e0
0.000000e0
0.000000e0
0.000000e0
0.000000e0
0.000000e0
0.000000e0
0.000000e0
0.000000e0
0.000000e0
0.000000e0
0.000000e0
0.000000e0
0.000000e0
0.000000e0
0.000000e0
0.000000e0
0.000000e0
0.000000e0
0.000000e0
0.000000e0
0.000000e0
0.000000e0
0.000000e0
0.000000e0
0.000000e0
0.000000e0
0.000000e0
0.000000e0
0.000000e0
0.000000e0
0.000000e0
0.000000e0
0.000000e0
0.000000e0
0.000000e0
0.000000e0
0.000000e0
0.000000e0
0.000000e0
0.000000e0
0.000000e0
0.000000e0
0.000000e0
0.000000e0
0.000000e0
0.000000e0
0.000000e0
0.000000e0
0.000000e0
0.000000e0
0.000000e0
0.000000e0
0.000000e0
0.000000e0
0.000000e0
0.000000e0
0.000000e0
0.000000e0
0.000000e0
0.000000e0
0.000000e0
0.000000e0
0.000000e0
0.000000e0
0.000000e0
0.000000e0
0.000000e0
0.000000e0
0.000000e0
0.000000e0
0.000000e0
0.000000e0
0.000000e0
0.000000e0
0.000000e0
0.000000e0
0.000000e0
0.000000e0
0.000000e0
0.000000e0
0.000000e0
0.000000e0
0.000000e0
0.000000e0
0.000000e0
0.000000e0
0.000000e0
0.000000e0
0.000000e0
0.000000e0
0.000000e0
0.000000e0
0.000000e0
0.000000e0
0.000000e0
0.000000e0
0.000000e0
0.000000e0
0.000000e0
0.000000e0
0.000000e0
0.000000e0
0.000000e0
0.000000e0
0.000000e0
0.000000e0
0.000000e0
0.000000e0
0.000000e0
0.000000e0
0.000000e0
0.000000e0
0.000000e0
0.000000e0
0.000000e0
0.000000e0
0.000000e0
0.000000e0
0.000000e0
0.000000e0
0.000000e0
0.000000e0
0.000000e0
0.000000e0
0.000000e0
0.000000e0
0.000000e0
0.000000e0
0.000000e0
0.000000e0
0.000000e0
0.000000e0
0.000000e0
0.000000e0
0.000000e0
0.000000e0
0.000000e0
0.000000e0
0.000000e0
0.000000e0
0.000000e0
0.000000e0
0.000000e0
0.000000e0
0.000000e0
0.000000e0
0.000000e0
0.000000e0
0.000000e0
0.000000e0
0.000000e0
0.000000e0
0.000000e0
0.000000e0
0.000000e0
0.000000e0
0.000000e0
0.000000e0
0.000000e0
0.000000e0
0.000000e0
0.000000e0
0.000000e0
0.000000e0
0.000000e0
0.000000e0
0.000000e0
0.000000e0
0.000000e0
0.000000e0
0.000000e0
0.000000e0
0.000000e0
0.000000e0
0.000000e0
0.000000e0
0.000000e0
0.000000e0
0.000000e0
0.000000e0
0.000000e0
0.000000e0
0.000000e0
0.000000e0
0.000000e0
0.000000e0
0.000000e0
0.000000e0
0.000000e0
0.000000e0
0.000000e0
0.000000e0
0.000000e0
0.000000e0
0.000000e0
0.000000e0
0.000000e0
0.000000e0
0.000000e0
0.000000e0
0.000000e0
0.000000e0
0.000000e0
0.000000e0
0.000000e0
0.000000e0
0.000000e0
0.000000e0
0.000000e0
0.000000e0
0.000000e0
0.000000e0
0.000000e0
0.000000e0
0.000000e0
0.000000e0
0.000000e0
0.000000e0
0.000000e0
0.000000e0
0.000000e0
0.000000e0
0.000000e0
0.000000e0
0.000000e0
0.000000e0
0.000000e0
0.000000e0
0.000000e0
0.000000e0
0.000000e0
0.000000e0
0.000000e0
0.000000e0
0.000000e0
0.000000e0
0.000000e0
0.000000e0
0.000000e0
0.000000e0
0.000000e0
0.000000e0
0.000000e0
0.000000e0
0.000000e0
0.000000e0
0.000000e0
0.000000e0
0.000000e0
0.000000e0
0.000000e0
0.000000e0
0.000000e0
0.000000e0
0.000000e0
0.000000e0
0.000000e0
0.000000e0
0.000000e0
0.000000e0
0.000000e0
0.000000e0
0.000000e0
0.000000e0
0.000000e0
0.000000e0
0.000000e0
0.000000e0
0.000000e0
0.000000e0
0.000000e0
0.000000e0
0.000000e0
0.000000e0
0.000000e0
0.000000e0
0.000000e0
0.000000e0
0.000000e0
0.000000e0
0.000000e0
0.000000e0
0.000000e0
0.000000e0
0.000000e0
0.000000e0
0.000000e0
0.000000e0
0.000000e0
0.000000e0
0.000000e0
0.000000e0
0.000000e0
0.000000e0
0.000000e0
0.000000e0
0.000000e0
0.000000e0
0.000000e0
0.000000e0
0.000000e0
0.000000e0
0.000000e0
0.000000e0
0.000000e0
0.000000e0
0.000000e0
0.000000e0
0.000000e0
0.000000e0
0.000000e0
0.000000e0
0.000000e0
0.000000e0
0.000000e0
0.000000e0
0.000000e0
0.000000e0
0.000000e0
0.000000e0
0.000000e0
0.000000e0
0.000000e0
0.000000e0
0.000000e0
0.000000e0
0.000000e0
0.000000e0
0.000000e0
0.000000e0
0.000000e0
0.000000e0
0.000000e0
0.000000e0
0.000000e0
0.000000e0
0.000000e0
0.000000e0
0.000000e0
0.000000e0
0.000000e0
0.000000e0
0.000000e0
0.000000e0
0.000000e0
0.000000e0
0.000000e0
0.000000e0
0.000000e0
0.000000e0
0.000000e0
0.000000e0
0.000000e0
0.000000e0
0.000000e0
0.000000e0
0.000000e0
0.000000e0
0.000000e0
0.000000e0
0.000000e0
0.000000e0
0.000000e0
0.000000e0
0.000000e0
0.000000e0
0.000000e0
0.000000e0
0.000000e0
0.000000e0
0.000000e0
0.000000e0
0.000000e0
0.000000e0
0.000000e0
0.000000e0
0.000000e0
0.000000e0
0.000000e0
0.000000e0
0.000000e0
0.000000e0
0.000000e0
0.000000e0
0.000000e0
0.000000e0
0.000000e0
0.000000e0
0.000000e0
0.000000e0
0.000000e0
0.000000e0
0.000000e0
0.000000e0
0.000000e0
0.000000e0
0.000000e0
0.000000e0
0.000000e0
0.000000e0
0.000000e0
0.000000e0
0.000000e0
0.000000e0
0.000000e0
0.000000e0
0.000000e0
0.000000e0
0.000000e0
0.000000e0
0.000000e0
0.000000e0
0.000000e0
0.000000e0
0.000000e0
0.000000e0
0.000000e0
0.000000e0
0.000000e0
0.000000e0
0.000000e0
0.000000e0
0.000000e0
0.000000e0
0.000000e0
0.000000e0
0.000000e0
0.000000e0
0.000000e0
0.000000e0
0.000000e0
0.000000e0
0.000000e0
0.000000e0
0.000000e0
0.000000e0
0.000000e0
0.000000e0
0.000000e0
0.000000e0
0.000000e0
0.000000e0
0.000000e0
0.000000e0
0.000000e0
0.000000e0
0.000000e0
0.000000e0
0.000000e0
0.000000e0
0.000000e0
0.000000e0
0.000000e0
0.000000e0
0.000000e0
0.000000e0
0.000000e0
0.000000e0
0.000000e0
0.000000e0
0.000000e0
0.000000e0
0.000000e0
0.000000e0
0.000000e0
0.000000e0
0.000000e0
0.000000e0
0.000000e0
0.000000e0
0.000000e0
0.000000e0
0.000000e0
0.000000e0
0.000000e0
0.000000e0
0.000000e0
0.000000e0
0.000000e0
0.000000e0
0.000000e0
0.000000e0
0.000000e0
0.000000e0
0.000000e0
0.000000e0
0.000000e0
0.000000e0
0.000000e0
0.000000e0
0.000000e0
0.000000e0
0.000000e0
0.000000e0
0.000000e0
0.000000e0
0.000000e0
0.000000e0
0.000000e0
0.000000e0
0.000000e0
0.000000e0
0.000000e0
0.000000e0
0.000000e0
0.000000e0
0.000000e0
0.000000e0
0.000000e0
0.000000e0
0.000000e0
0.000000e0
0.000000e0
0.000000e0
0.000000e0
0.000000e0
0.000000e0
0.000000e0
0.000000e0
0.000000e0
0.000000e0
0.000000e0
0.000000e0
0.000000e0
0.000000e0
0.000000e0
0.000000e0
0.000000e0
0.000000e0
0.000000e0
0.000000e0
0.000000e0
0.000000e0
0.000000e0
0.000000e0
0.000000e0
0.000000e0
0.000000e0
0.000000e0
0.000000e0
0.000000e0
0.000000e0
0.000000e0
0.000000e0
0.000000e0
0.000000e0
0.000000e0
0.000000e0
0.000000e0
0.000000e0
0.000000e0
0.000000e0
0.000000e0
0.000000e0
0.000000e0
0.000000e0
0.000000e0
0.000000e0
0.000000e0
0.000000e0
0.000000e0
0.000000e0
0.000000e0
0.000000e0
0.000000e0
0.000000e0
0.000000e0
0.000000e0
0.000000e0
0.000000e0
0.000000e0
0.000000e0
0.000000e0
0.000000e0
0.000000e0
0.000000e0
0.000000e0
0.000000e0
0.000000e0
0.000000e0
0.000000e0
0.000000e0
0.000000e0
0.000000e0
0.000000e0
0.000000e0
0.000000e0
0.000000e0
0.000000e0
0.000000e0
0.000000e0
0.000000e0
0.000000e0
0.000000e0
0.000000e0
0.000000e0
0.000000e0
0.000000e0
0.000000e0
0.000000e0
0.000000e0
0.000000e0
0.000000e0
0.000000e0
0.000000e0
0.000000e0
0.000000e0
0.000000e0
0.000000e0
0.000000e0
0.000000e0
0.000000e0
0.000000e0
0.000000e0
0.000000e0
0.000000e0
0.000000e0
0.000000e0
0.000000e0
0.000000e0
0.000000e0
0.000000e0
0.000000e0
0.000000e0
0.000000e0
0.000000e0
0.000000e0
0.000000e0
0.000000e0
0.000000e0
0.000000e0
0.000000e0
0.000000e0
0.000000e0
0.000000e0
0.000000e0
0.000000e0
0.000000e0
0.000000e0
0.000000e0
0.000000e0
0.000000e0
0.000000e0
0.000000e0
0.000000e0
0.000000e0
0.000000e0
0.000000e0
0.000000e0
0.000000e0
0.000000e0
0.000000e0
0.000000e0
0.000000e0
0.000000e0
0.000000e0
0.000000e0
0.000000e0
0.000000e0
0.000000e0
0.000000e0
0.000000e0
0.000000e0
0.000000e0
0.000000e0
0.000000e0
0.000000e0
0.000000e0
0.000000e0
0.000000e0
0.000000e0
0.000000e0
0.000000e0
0.000000e0
0.000000e0
0.000000e0
0.000000e0
0.000000e0
0.000000e0
0.000000e0
0.000000e0
0.000000e0
0.000000e0
0.000000e0
0.000000e0
0.000000e0
0.000000e0
0.000000e0
0.000000e0
0.000000e0
0.000000e0
0.000000e0
0.000000e0
0.000000e0
0.000000e0
0.000000e0
0.000000e0
0.000000e0
0.000000e0
0.000000e0
0.000000e0
0.000000e0
0.000000e0
0.000000e0
0.000000e0
0.000000e0
0.000000e0
0.000000e0
0.000000e0
0.000000e0
0.000000e0
0.000000e0
0.000000e0
0.000000e0
0.000000e0
0.000000e0
0.000000e0
0.000000e0
0.000000e0
0.000000e0
0.000000e0
0.000000e0
0.000000e0
0.000000e0
0.000000e0
0.000000e0
0.000000e0
0.000000e0
0.000000e0
0.000000e0
0.000000e0
0.000000e0
0.000000e0
0.000000e0
0.000000e0
0.000000e0
0.000000e0
0.000000e0
0.000000e0
0.000000e0
0.000000e0
0.000000e0
0.000000e0
0.000000e0
0.000000e0
0.000000e0
0.000000e0
0.000000e0
0.000000e0
0.000000e0
0.000000e0
0.000000e0
0.000000e0
0.000000e0
0.000000e0
0.000000e0
0.000000e0
0.000000e0
0.000000e0
0.000000e0
0.000000e0
0.000000e0
0.000000e0
0.000000e0
0.000000e0
0.000000e0
0.000000e0
0.000000e0
0.000000e0
0.000000e0
0.000000e0
0.000000e0
0.000000e0
0.000000e0
0.000000e0
0.000000e0
0.000000e0
0.000000e0
0.000000e0
0.000000e0
0.000000e0
0.000000e0
0.000000e0
0.000000e0
0.000000e0
0.000000e0
0.000000e0
0.000000e0
0.000000e0
0.000000e0
0.000000e0
0.000000e0
0.000000e0
0.000000e0
0.000000e0
0.000000e0
0.000000e0
0.000000e0
0.000000e0
0.000000e0
0.000000e0
0.000000e0
0.000000e0
0.000000e0
0.000000e0
0.000000e0
0.000000e0
0.000000e0
0.000000e0
0.000000e0
0.000000e0
0.000000e0
0.000000e0
0.000000e0
0.000000e0
0.000000e0
0.000000e0
0.000000e0
0.000000e0
0.000000e0
0.000000e0
0.000000e0
0.000000e0
0.000000e0
0.000000e0
0.000000e0
0.000000e0
0.000000e0
0.000000e0
0.000000e0
0.000000e0
0.000000e0
0.000000e0
0.000000e0
0.000000e0
0.000000e0
0.000000e0
0.000000e0
0.000000e0
0.000000e0
0.000000e0
0.000000e0
0.000000e0
0.000000e0
0.000000e0
0.000000e0
0.000000e0
0.000000e0
0.000000e0
0.000000e0
0.000000e0
0.000000e0
0.000000e0
0.000000e0
0.000000e0
0.000000e0
0.000000e0
0.000000e0
0.000000e0
0.000000e0
0.000000e0
0.000000e0
0.000000e0
0.000000e0
0.000000e0
0.000000e0
0.000000e0
0.000000e0
0.000000e0
0.000000e0
0.000000e0
0.000000e0
0.000000e0
0.000000e0
0.000000e0
0.000000e0
0.000000e0
0.000000e0
0.000000e0
0.000000e0
0.000000e0
0.000000e0
0.000000e0
0.000000e0
0.000000e0
0.000000e0
0.000000e0
0.000000e0
0.000000e0
0.000000e0
0.000000e0
0.000000e0
0.000000e0
0.000000e0
0.000000e0
0.000000e0
0.000000e0
0.000000e0
0.000000e0
0.000000e0
0.000000e0
0.000000e0
0.000000e0
0.000000e0
0.000000e0
0.000000e0
0.000000e0
0.000000e0
0.000000e0
0.000000e0
0.000000e0
0.000000e0
0.000000e0
0.000000e0
0.000000e0
0.000000e0
0.000000e0
0.000000e0
0.000000e0
0.000000e0
0.000000e0
0.000000e0
0.000000e0
0.000000e0
0.000000e0
0.000000e0
0.000000e0
0.000000e0
0.000000e0
0.000000e0
0.000000e0
0.000000e0
0.000000e0
0.000000e0
0.000000e0
0.000000e0
0.000000e0
0.000000e0
0.000000e0
0.000000e0
0.000000e0
0.000000e0
0.000000e0
0.000000e0
0.000000e0
0.000000e0
0.000000e0
0.000000e0
0.000000e0
0.000000e0
0.000000e0
0.000000e0
0.000000e0
0.000000e0
0.000000e0
0.000000e0
0.000000e0
0.000000e0
0.000000e0
0.000000e0
0.000000e0
0.000000e0
0.000000e0
0.000000e0
0.000000e0
0.000000e0
0.000000e0
0.000000e0
0.000000e0
0.000000e0
0.000000e0
0.000000e0
0.000000e0
0.000000e0
0.000000e0
0.000000e0
0.000000e0
0.000000e0
0.000000e0
0.000000e0
0.000000e0
0.000000e0
0.000000e0
0.000000e0
0.000000e0
0.000000e0
0.000000e0
0.000000e0
0.000000e0
0.000000e0
0.000000e0
0.000000e0
0.000000e0
0.000000e0
0.000000e0
0.000000e0
0.000000e0
0.000000e0
0.000000e0
0.000000e0
0.000000e0
0.000000e0
0.000000e0
0.000000e0
0.000000e0
0.000000e0
0.000000e0
0.000000e0
0.000000e0
0.000000e0
0.000000e0
0.000000e0
0.000000e0
0.000000e0
0.000000e0
0.000000e0
0.000000e0
0.000000e0
0.000000e0
0.000000e0
0.000000e0
0.000000e0
0.000000e0
0.000000e0
0.000000e0
0.000000e0
0.000000e0
0.000000e0
0.000000e0
0.000000e0
0.000000e0
0.000000e0
0.000000e0
0.000000e0
0.000000e0
0.000000e0
0.000000e0
0.000000e0
0.000000e0
0.000000e0
0.000000e0
0.000000e0
0.000000e0
0.000000e0
0.000000e0
0.000000e0
0.000000e0
0.000000e0
0.000000e0
0.000000e0
0.000000e0
0.000000e0
0.000000e0
0.000000e0
0.000000e0
0.000000e0
0.000000e0
0.000000e0
0.000000e0
0.000000e0
0.000000e0
0.000000e0
0.000000e0
0.000000e0
0.000000e0
0.000000e0
0.000000e0
0.000000e0
0.000000e0
0.000000e0
0.000000e0
0.000000e0
0.000000e0
0.000000e0
0.000000e0
0.000000e0
0.000000e0
0.000000e0
0.000000e0
0.000000e0
0.000000e0
0.000000e0
0.000000e0
0.000000e0
0.000000e0
0.000000e0
0.000000e0
0.000000e0
0.000000e0
0.000000e0
0.000000e0
0.000000e0
0.000000e0
0.000000e0
0.000000e0
0.000000e0
0.000000e0
0.000000e0
0.000000e0
0.000000e0
0.000000e0
0.000000e0
0.000000e0
0.000000e0
0.000000e0
0.000000e0
0.000000e0
0.000000e0
0.000000e0
0.000000e0
0.000000e0
0.000000e0
0.000000e0
0.000000e0
0.000000e0
0.000000e0
0.000000e0
0.000000e0
0.000000e0
0.000000e0
0.000000e0
0.000000e0
0.000000e0
0.000000e0
0.000000e0
0.000000e0
0.000000e0
0.000000e0
0.000000e0
0.000000e0
0.000000e0
0.000000e0
0.000000e0
0.000000e0
0.000000e0
0.000000e0
0.000000e0
0.000000e0
0.000000e0
0.000000e0
0.000000e0
0.000000e0
0.000000e0
0.000000e0
0.000000e0
0.000000e0
0.000000e0
0.000000e0
0.000000e0
0.000000e0
0.000000e0
0.000000e0
0.000000e0
0.000000e0
0.000000e0
0.000000e0
0.000000e0
0.000000e0
0.000000e0
0.000000e0
0.000000e0
0.000000e0
0.000000e0
0.000000e0
0.000000e0
0.000000e0
0.000000e0
0.000000e0
0.000000e0
0.000000e0
0.000000e0
0.000000e0
0.000000e0
0.000000e0
0.000000e0
0.000000e0
0.000000e0
0.000000e0
0.000000e0
0.000000e0
0.000000e0
0.000000e0
0.000000e0
0.000000e0
0.000000e0
0.000000e0
0.000000e0
0.000000e0
0.000000e0
0.000000e0
0.000000e0
0.000000e0
0.000000e0
0.000000e0
0.000000e0
0.000000e0
0.000000e0
0.000000e0
0.000000e0
0.000000e0
0.000000e0
0.000000e0
0.000000e0
0.000000e0
0.000000e0
0.000000e0
0.000000e0
0.000000e0
0.000000e0
0.000000e0
0.000000e0
0.000000e0
0.000000e0
0.000000e0
0.000000e0
0.000000e0
0.000000e0
0.000000e0
0.000000e0
0.000000e0
0.000000e0
0.000000e0
0.000000e0
0.000000e0
0.000000e0
0.000000e0
0.000000e0
0.000000e0
0.000000e0
0.000000e0
0.000000e0
0.000000e0
0.000000e0
0.000000e0
0.000000e0
0.000000e0
0.000000e0
0.000000e0
0.000000e0
0.000000e0
0.000000e0
0.000000e0
0.000000e0
0.000000e0
0.000000e0
0.000000e0
0.000000e0
0.000000e0
0.000000e0
0.000000e0
0.000000e0
0.000000e0
0.000000e0
0.000000e0
1.495269e-14
0.000000e0
0.000000e0
0.000000e0
0.000000e0
0.000000e0
0.000000e0
0.000000e0
0.000000e0
0.000000e0
0.000000e0
0.000000e0
0.000000e0
0.000000e0
0.000000e0
0.000000e0
0.000000e0
0.000000e0
0.000000e0
0.000000e0
0.000000e0
0.000000e0
0.000000e0
0.000000e0
0.000000e0
0.000000e0
0.000000e0
0.000000e0
0.000000e0
0.000000e0
0.000000e0
0.000000e0
0.000000e0
0.000000e0
0.000000e0
0.000000e0
0.000000e0
0.000000e0
0.000000e0
0.000000e0
0.000000e0
0.000000e0
0.000000e0
2.473560e-17
0.000000e0
0.000000e0
0.000000e0
0.000000e0
0.000000e0
0.000000e0
0.000000e0
0.000000e0
0.000000e0
0.000000e0
0.000000e0
0.000000e0
0.000000e0
0.000000e0
0.000000e0
0.000000e0
0.000000e0
0.000000e0
0.000000e0
0.000000e0
0.000000e0
0.000000e0
0.000000e0
0.000000e0
0.000000e0
0.000000e0
0.000000e0
0.000000e0
0.000000e0
0.000000e0
0.000000e0
0.000000e0
0.000000e0
0.000000e0
0.000000e0
0.000000e0
0.000000e0
0.000000e0
0.000000e0
0.000000e0
0.000000e0
0.000000e0
0.000000e0
0.000000e0
0.000000e0
0.000000e0
0.000000e0
0.000000e0
0.000000e0
0.000000e0
0.000000e0
0.000000e0
0.000000e0
0.000000e0
0.000000e0
0.000000e0
0.000000e0
0.000000e0
0.000000e0
0.000000e0
0.000000e0
0.000000e0
0.000000e0
0.000000e0
0.000000e0
0.000000e0
0.000000e0
0.000000e0
0.000000e0
0.000000e0
0.000000e0
0.000000e0
0.000000e0
0.000000e0
0.000000e0
0.000000e0
0.000000e0
0.000000e0
0.000000e0
0.000000e0
0.000000e0
0.000000e0
0.000000e0
0.000000e0
0.000000e0
0.000000e0
0.000000e0
0.000000e0
0.000000e0
0.000000e0
0.000000e0
0.000000e0
0.000000e0
0.000000e0
0.000000e0
0.000000e0
0.000000e0
0.000000e0
0.000000e0
0.000000e0
0.000000e0
0.000000e0
0.000000e0
0.000000e0
0.000000e0
0.000000e0
0.000000e0
0.000000e0
0.000000e0
0.000000e0
0.000000e0
0.000000e0
0.000000e0
0.000000e0
0.000000e0
0.000000e0
0.000000e0
0.000000e0
0.000000e0
0.000000e0
0.000000e0
0.000000e0
0.000000e0
0.000000e0
0.000000e0
0.000000e0
0.000000e0
0.000000e0
0.000000e0
0.000000e0
0.000000e0
0.000000e0
0.000000e0
0.000000e0
0.000000e0
0.000000e0
0.000000e0
0.000000e0
0.000000e0
0.000000e0
0.000000e0
0.000000e0
0.000000e0
0.000000e0
0.000000e0
0.000000e0
0.000000e0
0.000000e0
0.000000e0
0.000000e0
0.000000e0
0.000000e0
0.000000e0
0.000000e0
0.000000e0
0.000000e0
0.000000e0
0.000000e0
0.000000e0
0.000000e0
0.000000e0
0.000000e0
0.000000e0
0.000000e0
0.000000e0
0.000000e0
0.000000e0
0.000000e0
0.000000e0
0.000000e0
0.000000e0
0.000000e0
0.000000e0
0.000000e0
0.000000e0
0.000000e0
0.000000e0
0.000000e0
0.000000e0
0.000000e0
0.000000e0
0.000000e0
0.000000e0
0.000000e0
0.000000e0
0.000000e0
0.000000e0
0.000000e0
0.000000e0
0.000000e0
0.000000e0
0.000000e0
0.000000e0
0.000000e0
0.000000e0
0.000000e0
0.000000e0
0.000000e0
0.000000e0
0.000000e0
0.000000e0
0.000000e0
0.000000e0
0.000000e0
0.000000e0
0.000000e0
0.000000e0
0.000000e0
0.000000e0
0.000000e0
0.000000e0
0.000000e0
0.000000e0
0.000000e0
0.000000e0
0.000000e0
0.000000e0
0.000000e0
1.000000e0
0.000000e0
0.000000e0
0.000000e0
0.000000e0
0.000000e0
0.000000e0
0.000000e0
0.000000e0
0.000000e0
0.000000e0
0.000000e0
0.000000e0
0.000000e0
0.000000e0
0.000000e0
0.000000e0
0.000000e0
1.000000e0
1.000000e0
1.000000e0
1.000000e0
1.000000e0
1.000000e0
1.000000e0
1.000000e0
1.000000e0
1.000000e0
1.000000e0
1.000000e0
1.000000e0
1.000000e0
1.000000e0
1.000000e0
0.000000e0
0.000000e0
0.000000e0
0.000000e0
0.000000e0
0.000000e0
0.000000e0
0.000000e0
0.000000e0
0.000000e0
0.000000e0
0.000000e0
0.000000e0
0.000000e0
0.000000e0
0.000000e0
0.000000e0
0.000000e0
0.000000e0
0.000000e0
0.000000e0
0.000000e0
0.000000e0
0.000000e0
0.000000e0
0.000000e0
0.000000e0
0.000000e0
0.000000e0
0.000000e0
0.000000e0
0.000000e0
0.000000e0
0.000000e0
0.000000e0
0.000000e0
0.000000e0
0.000000e0
0.000000e0
0.000000e0
0.000000e0
0.000000e0
0.000000e0
0.000000e0
0.000000e0
0.000000e0
0.000000e0
0.000000e0
0.000000e0
0.000000e0
0.000000e0
0.000000e0
0.000000e0
0.000000e0
0.000000e0
0.000000e0
0.000000e0
0.000000e0
0.000000e0
0.000000e0
0.000000e0
0.000000e0
0.000000e0
0.000000e0
0.000000e0
0.000000e0
0.000000e0
0.000000e0
0.000000e0
0.000000e0
0.000000e0
0.000000e0
0.000000e0
0.000000e0
0.000000e0
0.000000e0
0.000000e0
0.000000e0
1.000000e0
1.000000e0
1.000000e0
1.000000e0
1.000000e0
1.000000e0
1.000000e0
1.000000e0
1.000000e0
1.000000e0
1.000000e0
1.000000e0
1.000000e0
1.000000e0
1.000000e0
0.000000e0
0.000000e0
0.000000e0
0.000000e0
0.000000e0
0.000000e0
0.000000e0
0.000000e0
0.000000e0
0.000000e0
0.000000e0
0.000000e0
0.000000e0
0.000000e0
0.000000e0
0.000000e0
0.000000e0
0.000000e0
0.000000e0
0.000000e0
0.000000e0
0.000000e0
0.000000e0
0.000000e0
0.000000e0
0.000000e0
0.000000e0
0.000000e0
0.000000e0
0.000000e0
0.000000e0
0.000000e0
0.000000e0
0.000000e0
0.000000e0
0.000000e0
0.000000e0
0.000000e0
0.000000e0
0.000000e0
0.000000e0
0.000000e0
0.000000e0
0.000000e0
0.000000e0
0.000000e0
0.000000e0
0.000000e0
0.000000e0
0.000000e0
0.000000e0
0.000000e0
0.000000e0
0.000000e0
0.000000e0
0.000000e0
0.000000e0
0.000000e0
0.000000e0
0.000000e0
0.000000e0
0.000000e0
0.000000e0
0.000000e0
0.000000e0
0.000000e0
0.000000e0
0.000000e0
0.000000e0
0.000000e0
0.000000e0
0.000000e0
0.000000e0
0.000000e0
0.000000e0
0.000000e0
0.000000e0
0.000000e0
0.000000e0
0.000000e0
0.000000e0
0.000000e0
0.000000e0
0.000000e0
0.000000e0
0.000000e0
0.000000e0
0.000000e0
0.000000e0
0.000000e0
0.000000e0
0.000000e0
0.000000e0
0.000000e0
0.000000e0
0.000000e0
0.000000e0
0.000000e0
0.000000e0
0.000000e0
0.000000e0
0.000000e0
0.000000e0
0.000000e0
0.000000e0
0.000000e0
0.000000e0
0.000000e0
0.000000e0
0.000000e0
0.000000e0
0.000000e0
0.000000e0
0.000000e0
0.000000e0
0.000000e0
0.000000e0
0.000000e0
0.000000e0
0.000000e0
0.000000e0
0.000000e0
0.000000e0
0.000000e0
0.000000e0
0.000000e0
0.000000e0
0.000000e0
0.000000e0
0.000000e0
0.000000e0
0.000000e0
0.000000e0
0.000000e0
0.000000e0
0.000000e0
0.000000e0
0.000000e0
0.000000e0
0.000000e0
0.000000e0
0.000000e0
0.000000e0
0.000000e0
0.000000e0
0.000000e0
0.000000e0
0.000000e0
0.000000e0
0.000000e0
0.000000e0
0.000000e0
0.000000e0
0.000000e0
0.000000e0
0.000000e0
0.000000e0
0.000000e0
0.000000e0
0.000000e0
0.000000e0
0.000000e0
0.000000e0
0.000000e0
0.000000e0
0.000000e0
0.000000e0
0.000000e0
0.000000e0
0.000000e0
0.000000e0
0.000000e0
2.380644e-15
3.216777e-15
9.630198e-15
0.000000e0
0.000000e0
0.000000e0
0.000000e0
0.000000e0
0.000000e0
0.000000e0
0.000000e0
0.000000e0
0.000000e0
0.000000e0
0.000000e0
0.000000e0
0.000000e0
0.000000e0
0.000000e0
0.000000e0
0.000000e0
0.000000e0
0.000000e0
0.000000e0
0.000000e0
0.000000e0
0.000000e0
0.000000e0
0.000000e0
0.000000e0
0.000000e0
0.000000e0
0.000000e0
0.000000e0
0.000000e0
0.000000e0
0.000000e0
0.000000e0
0.000000e0
0.000000e0
0.000000e0
0.000000e0
0.000000e0
0.000000e0
0.000000e0
0.000000e0
0.000000e0
0.000000e0
0.000000e0
0.000000e0
0.000000e0
0.000000e0
0.000000e0
-2.014861e-16
0.000000e0
0.000000e0
0.000000e0
0.000000e0
0.000000e0
0.000000e0
0.000000e0
0.000000e0
0.000000e0
0.000000e0
0.000000e0
0.000000e0
0.000000e0
0.000000e0
0.000000e0
0.000000e0
0.000000e0
0.000000e0
0.000000e0
0.000000e0
0.000000e0
0.000000e0
0.000000e0
0.000000e0
0.000000e0
0.000000e0
0.000000e0
1.095526e-14
0.000000e0
0.000000e0
0.000000e0
0.000000e0
0.000000e0
0.000000e0
0.000000e0
0.000000e0
0.000000e0
0.000000e0
0.000000e0
0.000000e0
0.000000e0
0.000000e0
0.000000e0
0.000000e0
8.608438e-15
0.000000e0
0.000000e0
0.000000e0
0.000000e0
0.000000e0
0.000000e0
0.000000e0
0.000000e0
0.000000e0
0.000000e0
0.000000e0
0.000000e0
0.000000e0
0.000000e0
0.000000e0
0.000000e0
0.000000e0
0.000000e0
0.000000e0
0.000000e0
0.000000e0
0.000000e0
0.000000e0
0.000000e0
0.000000e0
0.000000e0
0.000000e0
0.000000e0
0.000000e0
0.000000e0
0.000000e0
0.000000e0
0.000000e0
0.000000e0
0.000000e0
0.000000e0
0.000000e0
0.000000e0
0.000000e0
0.000000e0
0.000000e0
0.000000e0
0.000000e0
0.000000e0
0.000000e0
0.000000e0
0.000000e0
0.000000e0
0.000000e0
0.000000e0
0.000000e0
0.000000e0
0.000000e0
0.000000e0
0.000000e0
0.000000e0
0.000000e0
0.000000e0
0.000000e0
0.000000e0
0.000000e0
0.000000e0
0.000000e0
0.000000e0
0.000000e0
0.000000e0
0.000000e0
0.000000e0
0.000000e0
0.000000e0
0.000000e0
0.000000e0
0.000000e0
0.000000e0
0.000000e0
0.000000e0
0.000000e0
0.000000e0
0.000000e0
0.000000e0
0.000000e0
0.000000e0
0.000000e0
0.000000e0
0.000000e0
0.000000e0
1.547007e-14
0.000000e0
0.000000e0
0.000000e0
0.000000e0
0.000000e0
0.000000e0
0.000000e0
0.000000e0
0.000000e0
0.000000e0
0.000000e0
0.000000e0
0.000000e0
0.000000e0
0.000000e0
0.000000e0
0.000000e0
0.000000e0
0.000000e0
0.000000e0
0.000000e0
0.000000e0
0.000000e0
0.000000e0
0.000000e0
0.000000e0
0.000000e0
0.000000e0
0.000000e0
0.000000e0
0.000000e0
0.000000e0
0.000000e0
0.000000e0
0.000000e0
0.000000e0
0.000000e0
0.000000e0
-2.294909e-15
0.000000e0
0.000000e0
0.000000e0
0.000000e0
0.000000e0
0.000000e0
0.000000e0
0.000000e0
0.000000e0
0.000000e0
0.000000e0
0.000000e0
0.000000e0
0.000000e0
0.000000e0
0.000000e0
0.000000e0
0.000000e0
0.000000e0
0.000000e0
0.000000e0
0.000000e0
0.000000e0
0.000000e0
0.000000e0
0.000000e0
0.000000e0
0.000000e0
0.000000e0
0.000000e0
0.000000e0
0.000000e0
0.000000e0
0.000000e0
0.000000e0
0.000000e0
0.000000e0
0.000000e0
-6.737813e-16
0.000000e0
0.000000e0
0.000000e0
0.000000e0
0.000000e0
0.000000e0
0.000000e0
0.000000e0
0.000000e0
0.000000e0
0.000000e0
0.000000e0
0.000000e0
0.000000e0
0.000000e0
0.000000e0
0.000000e0
0.000000e0
0.000000e0
0.000000e0
0.000000e0
0.000000e0
0.000000e0
0.000000e0
0.000000e0
0.000000e0
0.000000e0
0.000000e0
0.000000e0
0.000000e0
0.000000e0
0.000000e0
0.000000e0
0.000000e0
0.000000e0
0.000000e0
0.000000e0
0.000000e0
0.000000e0
0.000000e0
0.000000e0
0.000000e0
0.000000e0
0.000000e0
0.000000e0
0.000000e0
0.000000e0
0.000000e0
0.000000e0
0.000000e0
0.000000e0
0.000000e0
0.000000e0
0.000000e0
0.000000e0
0.000000e0
0.000000e0
0.000000e0
0.000000e0
0.000000e0
0.000000e0
0.000000e0
0.000000e0
0.000000e0
0.000000e0
0.000000e0
0.000000e0
0.000000e0
0.000000e0
0.000000e0
0.000000e0
0.000000e0
0.000000e0
0.000000e0
0.000000e0
0.000000e0
0.000000e0
0.000000e0
0.000000e0
-1.184617e-16
1.238459e-15
0.000000e0
0.000000e0
0.000000e0
0.000000e0
0.000000e0
0.000000e0
0.000000e0
0.000000e0
0.000000e0
0.000000e0
0.000000e0
0.000000e0
0.000000e0
0.000000e0
0.000000e0
0.000000e0
0.000000e0
0.000000e0
0.000000e0
0.000000e0
0.000000e0
0.000000e0
0.000000e0
0.000000e0
0.000000e0
0.000000e0
0.000000e0
0.000000e0
0.000000e0
0.000000e0
0.000000e0
0.000000e0
0.000000e0
0.000000e0
0.000000e0
0.000000e0
0.000000e0
0.000000e0
0.000000e0
0.000000e0
0.000000e0
0.000000e0
0.000000e0
0.000000e0
0.000000e0
0.000000e0
0.000000e0
0.000000e0
0.000000e0
0.000000e0
0.000000e0
0.000000e0
0.000000e0
0.000000e0
0.000000e0
0.000000e0
0.000000e0
0.000000e0
0.000000e0
0.000000e0
0.000000e0
0.000000e0
0.000000e0
0.000000e0
0.000000e0
0.000000e0
0.000000e0
0.000000e0
0.000000e0
0.000000e0
0.000000e0
0.000000e0
0.000000e0
0.000000e0
0.000000e0
0.000000e0
0.000000e0
0.000000e0
0.000000e0
0.000000e0
0.000000e0
0.000000e0
0.000000e0
0.000000e0
0.000000e0
0.000000e0
0.000000e0
0.000000e0
0.000000e0
0.000000e0
0.000000e0
0.000000e0
0.000000e0
0.000000e0
0.000000e0
0.000000e0
0.000000e0
0.000000e0
0.000000e0
0.000000e0
0.000000e0
0.000000e0
0.000000e0
0.000000e0
5.828733e-16
0.000000e0
0.000000e0
0.000000e0
0.000000e0
0.000000e0
0.000000e0
0.000000e0
0.000000e0
0.000000e0
1.303659e-15
0.000000e0
0.000000e0
0.000000e0
0.000000e0
0.000000e0
0.000000e0
0.000000e0
0.000000e0
0.000000e0
0.000000e0
0.000000e0
0.000000e0
0.000000e0
0.000000e0
0.000000e0
0.000000e0
0.000000e0
0.000000e0
0.000000e0
0.000000e0
0.000000e0
0.000000e0
0.000000e0
0.000000e0
0.000000e0
0.000000e0
0.000000e0
0.000000e0
0.000000e0
0.000000e0
0.000000e0
0.000000e0
0.000000e0
0.000000e0
0.000000e0
0.000000e0
0.000000e0
0.000000e0
0.000000e0
0.000000e0
0.000000e0
0.000000e0
0.000000e0
0.000000e0
0.000000e0
0.000000e0
0.000000e0
0.000000e0
0.000000e0
0.000000e0
0.000000e0
0.000000e0
0.000000e0
0.000000e0
0.000000e0
0.000000e0
0.000000e0
0.000000e0
0.000000e0
0.000000e0
0.000000e0
0.000000e0
0.000000e0
0.000000e0
0.000000e0
0.000000e0
0.000000e0
0.000000e0
0.000000e0
0.000000e0
0.000000e0
0.000000e0
0.000000e0
0.000000e0
0.000000e0
0.000000e0
0.000000e0
0.000000e0
0.000000e0
0.000000e0
0.000000e0
0.000000e0
0.000000e0
0.000000e0
0.000000e0
0.000000e0
0.000000e0
0.000000e0
0.000000e0
0.000000e0
0.000000e0
0.000000e0
0.000000e0
0.000000e0
0.000000e0
0.000000e0
0.000000e0
0.000000e0
0.000000e0
0.000000e0
0.000000e0
0.000000e0
0.000000e0
0.000000e0
0.000000e0
-1.720843e-16
0.000000e0
0.000000e0
0.000000e0
0.000000e0
0.000000e0
0.000000e0
0.000000e0
0.000000e0
0.000000e0
0.000000e0
0.000000e0
0.000000e0
0.000000e0
0.000000e0
0.000000e0
0.000000e0
0.000000e0
0.000000e0
0.000000e0
0.000000e0
0.000000e0
0.000000e0
0.000000e0
0.000000e0
0.000000e0
0.000000e0
0.000000e0
0.000000e0
0.000000e0
0.000000e0
2.421864e-16
0.000000e0
0.000000e0
0.000000e0
0.000000e0
0.000000e0
0.000000e0
0.000000e0
0.000000e0
0.000000e0
0.000000e0
0.000000e0
0.000000e0
0.000000e0
0.000000e0
0.000000e0
0.000000e0
0.000000e0
0.000000e0
0.000000e0
0.000000e0
0.000000e0
0.000000e0
0.000000e0
0.000000e0
0.000000e0
0.000000e0
0.000000e0
0.000000e0
0.000000e0
0.000000e0
0.000000e0
0.000000e0
0.000000e0
0.000000e0
0.000000e0
0.000000e0
0.000000e0
0.000000e0
0.000000e0
0.000000e0
0.000000e0
0.000000e0
0.000000e0
0.000000e0
0.000000e0
0.000000e0
0.000000e0
0.000000e0
0.000000e0
0.000000e0
0.000000e0
0.000000e0
0.000000e0
0.000000e0
0.000000e0
0.000000e0
0.000000e0
0.000000e0
0.000000e0
2.191247e-16
1.530340e-15
0.000000e0
0.000000e0
0.000000e0
0.000000e0
0.000000e0
0.000000e0
0.000000e0
0.000000e0
0.000000e0
0.000000e0
0.000000e0
0.000000e0
0.000000e0
0.000000e0
0.000000e0
0.000000e0
0.000000e0
0.000000e0
0.000000e0
0.000000e0
0.000000e0
0.000000e0
0.000000e0
0.000000e0
0.000000e0
0.000000e0
0.000000e0
0.000000e0
0.000000e0
0.000000e0
0.000000e0
0.000000e0
0.000000e0
0.000000e0
0.000000e0
0.000000e0
0.000000e0
0.000000e0
0.000000e0
0.000000e0
0.000000e0
0.000000e0
0.000000e0
0.000000e0
0.000000e0
0.000000e0
0.000000e0
0.000000e0
0.000000e0
0.000000e0
0.000000e0
0.000000e0
0.000000e0
0.000000e0
0.000000e0
0.000000e0
0.000000e0
0.000000e0
0.000000e0
0.000000e0
0.000000e0
0.000000e0
0.000000e0
0.000000e0
0.000000e0
0.000000e0
0.000000e0
0.000000e0
0.000000e0
0.000000e0
0.000000e0
0.000000e0
0.000000e0
0.000000e0
0.000000e0
0.000000e0
0.000000e0
0.000000e0
0.000000e0
0.000000e0
0.000000e0
0.000000e0
0.000000e0
0.000000e0
0.000000e0
0.000000e0
