$MeshFormat
4.1 0 8
$EndMeshFormat
$Nodes
1 1154 1 1154
2 1 0 1154
1
2
3
4
5
6
7
8
9
10
11
12
13
14
15
16
17
18
19
20
21
22
23
24
25
26
27
28
29
30
31
32
33
34
35
36
37
38
39
40
41
42
43
44
45
46
47
48
49
50
51
52
53
54
55
56
57
58
59
60
61
62
63
64
65
66
67
68
69
70
71
72
73
74
75
76
77
78
79
80
81
82
83
84
85
86
87
88
89
90
91
92
93
94
95
96
97
98
99
100
101
102
103
104
105
106
107
108
109
110
111
112
113
114
115
116
117
118
119
120
121
122
123
124
125
126
127
128
129
130
131
132
133
134
135
136
137
138
139
140
141
142
143
144
145
146
147
148
149
150
151
152
153
154
155
156
157
158
159
160
161
162
163
164
165
166
167
168
169
170
171
172
173
174
175
176
177
178
179
180
181
182
183
184
185
186
187
188
189
190
191
192
193
194
195
196
197
198
199
200
201
202
203
204
205
206
207
208
209
210
211
212
213
214
215
216
217
218
219
220
221
222
223
224
225
226
227
228
229
230
231
232
233
234
235
236
237
238
239
240
241
242
243
244
245
246
247
248
249
250
251
252
253
254
255
256
257
258
259
260
261
262
263
264
265
266
267
268
269
270
271
272
273
274
275
276
277
278
279
280
281
282
283
284
285
286
287
288
289
290
291
292
293
294
295
296
297
298
299
300
301
302
303
304
305
306
307
308
309
310
311
312
313
314
315
316
317
318
319
320
321
322
323
324
325
326
327
328
329
330
331
332
333
334
335
336
337
338
339
340
341
342
343
344
345
346
347
348
349
350
351
352
353
354
355
356
357
358
359
360
361
362
363
364
365
366
367
368
369
370
371
372
373
374
375
376
377
378
379
380
381
382
383
384
385
386
387
388
389
390
391
392
393
394
395
396
397
398
399
400
401
402
403
404
405
406
407
408
409
410
411
412
413
414
415
416
417
418
419
420
421
422
423
424
425
426
427
428
429
430
431
432
433
434
435
436
437
438
439
440
441
442
443
444
445
446
447
448
449
450
451
452
453
454
455
456
457
458
459
460
461
462
463
464
465
466
467
468
469
470
471
472
473
474
475
476
477
478
479
480
481
482
483
484
485
486
487
488
489
490
491
492
493
494
495
496
497
498
499
500
501
502
503
504
505
506
507
508
509
510
511
512
513
514
515
516
517
518
519
520
521
522
523
524
525
526
527
528
529
530
531
532
533
534
535
536
537
538
539
540
541
542
543
544
545
546
547
548
549
550
551
552
553
554
555
556
557
558
559
560
561
562
563
564
565
566
567
568
569
570
571
572
573
574
575
576
577
578
579
580
581
582
583
584
585
586
587
588
589
590
591
592
593
594
595
596
597
598
599
600
601
602
603
604
605
606
607
608
609
610
611
612
613
614
615
616
617
618
619
620
621
622
623
624
625
626
627
628
629
630
631
632
633
634
635
636
637
638
639
640
641
642
643
644
645
646
647
648
649
650
651
652
653
654
655
656
657
658
659
660
661
662
663
664
665
666
667
668
669
670
671
672
673
674
675
676
677
678
679
680
681
682
683
684
685
686
687
688
689
690
691
692
693
694
695
696
697
698
699
700
701
702
703
704
705
706
707
708
709
710
711
712
713
714
715
716
717
718
719
720
721
722
723
724
725
726
727
728
729
730
731
732
733
734
735
736
737
738
739
740
741
742
743
744
745
746
747
748
749
750
751
752
753
754
755
756
757
758
759
760
761
762
763
764
765
766
767
768
769
770
771
772
773
774
775
776
777
778
779
780
781
782
783
784
785
786
787
788
789
790
791
792
793
794
795
796
797
798
799
800
801
802
803
804
805
806
807
808
809
810
811
812
813
814
815
816
817
818
819
820
821
822
823
824
825
826
827
828
829
830
831
832
833
834
835
836
837
838
839
840
841
842
843
844
845
846
847
848
849
850
851
852
853
854
855
856
857
858
859
860
861
862
863
864
865
866
867
868
869
870
871
872
873
874
875
876
877
878
879
880
881
882
883
884
885
886
887
888
889
890
891
892
893
894
895
896
897
898
899
900
901
902
903
904
905
906
907
908
909
910
911
912
913
914
915
916
917
918
919
920
921
922
923
924
925
926
927
928
929
930
931
932
933
934
935
936
937
938
939
940
941
942
943
944
945
946
947
948
949
950
951
952
953
954
955
956
957
958
959
960
961
962
963
964
965
966
967
968
969
970
971
972
973
974
975
976
977
978
979
980
981
982
983
984
985
986
987
988
989
990
991
992
993
994
995
996
997
998
999
1000
1001
1002
1003
1004
1005
1006
1007
1008
1009
1010
1011
1012
1013
1014
1015
1016
1017
1018
1019
1020
1021
1022
1023
1024
1025
1026
1027
1028
1029
1030
1031
1032
1033
1034
1035
1036
1037
1038
1039
1040
1041
1042
1043
1044
1045
1046
1047
1048
1049
1050
1051
1052
1053
1054
1055
1056
1057
1058
1059
1060
1061
1062
1063
1064
1065
1066
1067
1068
1069
1070
1071
1072
1073
1074
1075
1076
1077
1078
1079
1080
1081
1082
1083
1084
1085
1086
1087
1088
1089
1090
1091
1092
1093
1094
1095
1096
1097
1098
1099
1100
1101
1102
1103
1104
1105
1106
1107
1108
1109
1110
1111
1112
1113
1114
1115
1116
1117
1118
1119
1120
1121
1122
1123
1124
1125
1126
1127
1128
1129
1130
1131
1132
1133
1134
1135
1136
1137
1138
1139
1140
1141
1142
1143
1144
1145
1146
1147
1148
1149
1150
1151
1152
1153
1154
0.000000000000000e0 0.000000000000000e0 5.000000000000000e-1
0.000000000000000e0 0.000000000000000e0 -5.000000000000000e-1
6.266661678215213e-2 0.000000000000000e0 4.960573506572389e-1
6.213049518834652e-2 8.179634867887498e-3 4.960573506572389e-1
6.053130359604069e-2 1.621931391536222e-2 4.960573506572389e-1
5.789640461675866e-2 2.398147600490172e-2 4.960573506572389e-1
5.427088210256798e-2 3.133330839107606e-2 4.960573506572389e-1
4.971676974887117e-2 3.814901918344481e-2 4.960573506572389e-1
4.431198968067847e-2 4.431198968067847e-2 4.960573506572389e-1
3.814901918344481e-2 4.971676974887117e-2 4.960573506572389e-1
3.133330839107607e-2 5.427088210256797e-2 4.960573506572389e-1
2.398147600490172e-2 5.789640461675866e-2 4.960573506572389e-1
1.621931391536222e-2 6.053130359604069e-2 4.960573506572389e-1
8.179634867887507e-3 6.213049518834652e-2 4.960573506572389e-1
3.837223582782821e-18 6.266661678215213e-2 4.960573506572389e-1
-8.179634867887500e-3 6.213049518834652e-2 4.960573506572389e-1
-1.621931391536221e-2 6.053130359604069e-2 4.960573506572389e-1
-2.398147600490170e-2 5.789640461675867e-2 4.960573506572389e-1
-3.133330839107605e-2 5.427088210256798e-2 4.960573506572389e-1
-3.814901918344481e-2 4.971676974887117e-2 4.960573506572389e-1
-4.431198968067847e-2 4.431198968067847e-2 4.960573506572389e-1
-4.971676974887116e-2 3.814901918344482e-2 4.960573506572389e-1
-5.427088210256798e-2 3.133330839107606e-2 4.960573506572389e-1
-5.789640461675866e-2 2.398147600490172e-2 4.960573506572389e-1
-6.053130359604068e-2 1.621931391536223e-2 4.960573506572389e-1
-6.213049518834652e-2 8.179634867887524e-3 4.960573506572389e-1
-6.266661678215213e-2 7.674447165565641e-18 4.960573506572389e-1
-6.213049518834652e-2 -8.179634867887510e-3 4.960573506572389e-1
-6.053130359604069e-2 -1.621931391536222e-2 4.960573506572389e-1
-5.789640461675867e-2 -2.398147600490171e-2 4.960573506572389e-1
-5.427088210256799e-2 -3.133330839107604e-2 4.960573506572389e-1
-4.971676974887117e-2 -3.814901918344481e-2 4.960573506572389e-1
-4.431198968067850e-2 -4.431198968067845e-2 4.960573506572389e-1
-3.814901918344482e-2 -4.971676974887115e-2 4.960573506572389e-1
-3.133330839107609e-2 -5.427088210256797e-2 4.960573506572389e-1
-2.398147600490170e-2 -5.789640461675867e-2 4.960573506572389e-1
-1.621931391536221e-2 -6.053130359604069e-2 4.960573506572389e-1
-8.179634867887501e-3 -6.213049518834652e-2 4.960573506572389e-1
-1.151167074834846e-17 -6.266661678215213e-2 4.960573506572389e-1
8.179634867887479e-3 -6.213049518834653e-2 4.960573506572389e-1
1.621931391536219e-2 -6.053130359604070e-2 4.960573506572389e-1
2.398147600490168e-2 -5.789640461675868e-2 4.960573506572389e-1
3.133330839107607e-2 -5.427088210256797e-2 4.960573506572389e-1
3.814901918344476e-2 -4.971676974887120e-2 4.960573506572389e-1
4.431198968067846e-2 -4.431198968067848e-2 4.960573506572389e-1
4.971676974887115e-2 -3.814901918344483e-2 4.960573506572389e-1
5.427088210256796e-2 -3.133330839107609e-2 4.960573506572389e-1
5.789640461675867e-2 -2.398147600490170e-2 4.960573506572389e-1
6.053130359604068e-2 -1.621931391536227e-2 4.960573506572389e-1
6.213049518834652e-2 -8.179634867887505e-3 4.960573506572389e-1
1.243449435824274e-1 0.000000000000000e0 4.842915805643155e-1
1.232811553526140e-1 1.623027200763139e-2 4.842915805643155e-1
1.201079923747238e-1 3.218283956133067e-2 4.842915805643155e-1
1.148797483470753e-1 4.758474980736676e-2 4.842915805643155e-1
1.076858799745249e-1 6.217247179121369e-2 4.842915805643155e-1
9.864947633944396e-2 7.569640554524724e-2 4.842915805643155e-1
8.792515281339310e-2 8.792515281339310e-2 4.842915805643155e-1
7.569640554524724e-2 9.864947633944396e-2 4.842915805643155e-1
6.217247179121371e-2 1.076858799745249e-1 4.842915805643155e-1
4.758474980736677e-2 1.148797483470753e-1 4.842915805643155e-1
3.218283956133067e-2 1.201079923747238e-1 4.842915805643155e-1
1.623027200763140e-2 1.232811553526140e-1 4.842915805643155e-1
7.613931857418897e-18 1.243449435824274e-1 4.842915805643155e-1
-1.623027200763139e-2 1.232811553526140e-1 4.842915805643155e-1
-3.218283956133066e-2 1.201079923747238e-1 4.842915805643155e-1
-4.758474980736672e-2 1.148797483470754e-1 4.842915805643155e-1
-6.217247179121367e-2 1.076858799745249e-1 4.842915805643155e-1
-7.569640554524724e-2 9.864947633944396e-2 4.842915805643155e-1
-8.792515281339308e-2 8.792515281339310e-2 4.842915805643155e-1
-9.864947633944395e-2 7.569640554524727e-2 4.842915805643155e-1
-1.076858799745249e-1 6.217247179121369e-2 4.842915805643155e-1
-1.148797483470753e-1 4.758474980736677e-2 4.842915805643155e-1
-1.201079923747237e-1 3.218283956133071e-2 4.842915805643155e-1
-1.232811553526140e-1 1.623027200763144e-2 4.842915805643155e-1
-1.243449435824274e-1 1.522786371483779e-17 4.842915805643155e-1
-1.232811553526140e-1 -1.623027200763141e-2 4.842915805643155e-1
-1.201079923747238e-1 -3.218283956133068e-2 4.842915805643155e-1
-1.148797483470754e-1 -4.758474980736675e-2 4.842915805643155e-1
-1.076858799745249e-1 -6.217247179121366e-2 4.842915805643155e-1
-9.864947633944396e-2 -7.569640554524724e-2 4.842915805643155e-1
-8.792515281339314e-2 -8.792515281339304e-2 4.842915805643155e-1
-7.569640554524727e-2 -9.864947633944393e-2 4.842915805643155e-1
-6.217247179121375e-2 -1.076858799745249e-1 4.842915805643155e-1
-4.758474980736672e-2 -1.148797483470754e-1 4.842915805643155e-1
-3.218283956133066e-2 -1.201079923747238e-1 4.842915805643155e-1
-1.623027200763139e-2 -1.232811553526140e-1 4.842915805643155e-1
-2.284179557225669e-17 -1.243449435824274e-1 4.842915805643155e-1
1.623027200763135e-2 -1.232811553526140e-1 4.842915805643155e-1
3.218283956133062e-2 -1.201079923747238e-1 4.842915805643155e-1
4.758474980736668e-2 -1.148797483470754e-1 4.842915805643155e-1
6.217247179121371e-2 -1.076858799745249e-1 4.842915805643155e-1
7.569640554524716e-2 -9.864947633944403e-2 4.842915805643155e-1
8.792515281339307e-2 -8.792515281339311e-2 4.842915805643155e-1
9.864947633944393e-2 -7.569640554524729e-2 4.842915805643155e-1
1.076858799745249e-1 -6.217247179121375e-2 4.842915805643155e-1
1.148797483470754e-1 -4.758474980736673e-2 4.842915805643155e-1
1.201079923747237e-1 -3.218283956133078e-2 4.842915805643155e-1
1.232811553526140e-1 -1.623027200763140e-2 4.842915805643155e-1
1.840622763423390e-1 0.000000000000000e0 4.648882429441257e-1
1.824875980523782e-1 2.402494806232039e-2 4.648882429441257e-1
1.777905063646206e-1 4.763882260232046e-2 4.648882429441257e-1
1.700513698201234e-1 7.043758367961793e-2 4.648882429441257e-1
1.594026071908570e-1 9.203113817116947e-2 4.648882429441257e-1
1.460264217578030e-1 1.120500143727603e-1 4.648882429441257e-1
1.301516837623001e-1 1.301516837623001e-1 4.648882429441257e-1
1.120500143727603e-1 1.460264217578030e-1 4.648882429441257e-1
9.203113817116949e-2 1.594026071908570e-1 4.648882429441257e-1
7.043758367961794e-2 1.700513698201234e-1 4.648882429441257e-1
4.763882260232046e-2 1.777905063646206e-1 4.648882429441257e-1
2.402494806232041e-2 1.824875980523782e-1 4.648882429441257e-1
1.127056387832105e-17 1.840622763423390e-1 4.648882429441257e-1
-2.402494806232039e-2 1.824875980523782e-1 4.648882429441257e-1
-4.763882260232044e-2 1.777905063646206e-1 4.648882429441257e-1
-7.043758367961789e-2 1.700513698201234e-1 4.648882429441257e-1
-9.203113817116944e-2 1.594026071908570e-1 4.648882429441257e-1
-1.120500143727603e-1 1.460264217578030e-1 4.648882429441257e-1
-1.301516837623001e-1 1.301516837623001e-1 4.648882429441257e-1
-1.460264217578030e-1 1.120500143727603e-1 4.648882429441257e-1
-1.594026071908570e-1 9.203113817116947e-2 4.648882429441257e-1
-1.700513698201234e-1 7.043758367961796e-2 4.648882429441257e-1
-1.777905063646206e-1 4.763882260232052e-2 4.648882429441257e-1
-1.824875980523782e-1 2.402494806232046e-2 4.648882429441257e-1
-1.840622763423390e-1 2.254112775664210e-17 4.648882429441257e-1
-1.824875980523782e-1 -2.402494806232042e-2 4.648882429441257e-1
-1.777905063646206e-1 -4.763882260232048e-2 4.648882429441257e-1
-1.700513698201234e-1 -7.043758367961792e-2 4.648882429441257e-1
-1.594026071908571e-1 -9.203113817116942e-2 4.648882429441257e-1
-1.460264217578030e-1 -1.120500143727603e-1 4.648882429441257e-1
-1.301516837623002e-1 -1.301516837623000e-1 4.648882429441257e-1
-1.120500143727603e-1 -1.460264217578030e-1 4.648882429441257e-1
-9.203113817116956e-2 -1.594026071908570e-1 4.648882429441257e-1
-7.043758367961789e-2 -1.700513698201234e-1 4.648882429441257e-1
-4.763882260232044e-2 -1.777905063646206e-1 4.648882429441257e-1
-2.402494806232040e-2 -1.824875980523782e-1 4.648882429441257e-1
-3.381169163496315e-17 -1.840622763423390e-1 4.648882429441257e-1
2.402494806232033e-2 -1.824875980523782e-1 4.648882429441257e-1
4.763882260232038e-2 -1.777905063646206e-1 4.648882429441257e-1
7.043758367961782e-2 -1.700513698201234e-1 4.648882429441257e-1
9.203113817116949e-2 -1.594026071908570e-1 4.648882429441257e-1
1.120500143727602e-1 -1.460264217578031e-1 4.648882429441257e-1
1.301516837623001e-1 -1.301516837623002e-1 4.648882429441257e-1
1.460264217578030e-1 -1.120500143727604e-1 4.648882429441257e-1
1.594026071908570e-1 -9.203113817116956e-2 4.648882429441257e-1
1.700513698201234e-1 -7.043758367961790e-2 4.648882429441257e-1
1.777905063646205e-1 -4.763882260232061e-2 4.648882429441257e-1
1.824875980523782e-1 -2.402494806232041e-2 4.648882429441257e-1
2.408768370508577e-1 0.000000000000000e0 4.381533400219318e-1
2.388161023180495e-1 3.144073633425828e-2 4.381533400219318e-1
2.326691578622470e-1 6.234351295281847e-2 4.381533400219318e-1
2.225411796073438e-1 9.217957477986864e-2 4.381533400219318e-1
2.086054600692875e-1 1.204384185254288e-1 4.381533400219318e-1
1.911004432730855e-1 1.466365275381808e-1 4.381533400219318e-1
1.703256449094285e-1 1.703256449094285e-1 4.381533400219318e-1
1.466365275381808e-1 1.911004432730855e-1 4.381533400219318e-1
1.204384185254289e-1 2.086054600692874e-1 4.381533400219318e-1
9.217957477986866e-2 2.225411796073438e-1 4.381533400219318e-1
6.234351295281847e-2 2.326691578622470e-1 4.381533400219318e-1
3.144073633425832e-2 2.388161023180495e-1 4.381533400219318e-1
1.474945237415357e-17 2.408768370508577e-1 4.381533400219318e-1
-3.144073633425829e-2 2.388161023180495e-1 4.381533400219318e-1
-6.234351295281844e-2 2.326691578622470e-1 4.381533400219318e-1
-9.217957477986857e-2 2.225411796073438e-1 4.381533400219318e-1
-1.204384185254288e-1 2.086054600692875e-1 4.381533400219318e-1
-1.466365275381808e-1 1.911004432730855e-1 4.381533400219318e-1
-1.703256449094284e-1 1.703256449094285e-1 4.381533400219318e-1
-1.911004432730855e-1 1.466365275381809e-1 4.381533400219318e-1
-2.086054600692875e-1 1.204384185254288e-1 4.381533400219318e-1
-2.225411796073438e-1 9.217957477986867e-2 4.381533400219318e-1
-2.326691578622469e-1 6.234351295281854e-2 4.381533400219318e-1
-2.388161023180495e-1 3.144073633425839e-2 4.381533400219318e-1
-2.408768370508577e-1 2.949890474830714e-17 4.381533400219318e-1
-2.388161023180495e-1 -3.144073633425833e-2 4.381533400219318e-1
-2.326691578622470e-1 -6.234351295281848e-2 4.381533400219318e-1
-2.225411796073438e-1 -9.217957477986861e-2 4.381533400219318e-1
-2.086054600692875e-1 -1.204384185254288e-1 4.381533400219318e-1
-1.911004432730855e-1 -1.466365275381808e-1 4.381533400219318e-1
-1.703256449094286e-1 -1.703256449094284e-1 4.381533400219318e-1
-1.466365275381809e-1 -1.911004432730854e-1 4.381533400219318e-1
-1.204384185254289e-1 -2.086054600692874e-1 4.381533400219318e-1
-9.217957477986857e-2 -2.225411796073438e-1 4.381533400219318e-1
-6.234351295281844e-2 -2.326691578622470e-1 4.381533400219318e-1
-3.144073633425830e-2 -2.388161023180495e-1 4.381533400219318e-1
-4.424835712246071e-17 -2.408768370508577e-1 4.381533400219318e-1
3.144073633425822e-2 -2.388161023180495e-1 4.381533400219318e-1
6.234351295281836e-2 -2.326691578622470e-1 4.381533400219318e-1
9.217957477986849e-2 -2.225411796073438e-1 4.381533400219318e-1
1.204384185254289e-1 -2.086054600692874e-1 4.381533400219318e-1
1.466365275381807e-1 -1.911004432730856e-1 4.381533400219318e-1
1.703256449094284e-1 -1.703256449094285e-1 4.381533400219318e-1
1.911004432730854e-1 -1.466365275381809e-1 4.381533400219318e-1
2.086054600692874e-1 -1.204384185254289e-1 4.381533400219318e-1
2.225411796073438e-1 -9.217957477986859e-2 4.381533400219318e-1
2.326691578622469e-1 -6.234351295281867e-2 4.381533400219318e-1
2.388161023180495e-1 -3.144073633425831e-2 4.381533400219318e-1
2.938926261462366e-1 0.000000000000000e0 4.045084971874737e-1
2.913783339883406e-1 3.836068541241943e-2 4.045084971874737e-1
2.838784777505678e-1 7.606500886184107e-2 4.045084971874737e-1
2.715213820524994e-1 1.124678389204319e-1 4.045084971874737e-1
2.545184802275636e-1 1.469463130731183e-1 4.045084971874737e-1
2.331606966400800e-1 1.789104950679087e-1 4.045084971874737e-1
2.078134688887267e-1 2.078134688887267e-1 4.045084971874737e-1
1.789104950679087e-1 2.331606966400800e-1 4.045084971874737e-1
1.469463130731183e-1 2.545184802275636e-1 4.045084971874737e-1
1.124678389204320e-1 2.715213820524994e-1 4.045084971874737e-1
7.606500886184107e-2 2.838784777505678e-1 4.045084971874737e-1
3.836068541241947e-2 2.913783339883406e-1 4.045084971874737e-1
1.799573319514992e-17 2.938926261462366e-1 4.045084971874737e-1
-3.836068541241944e-2 2.913783339883406e-1 4.045084971874737e-1
-7.606500886184103e-2 2.838784777505678e-1 4.045084971874737e-1
-1.124678389204319e-1 2.715213820524994e-1 4.045084971874737e-1
-1.469463130731182e-1 2.545184802275636e-1 4.045084971874737e-1
-1.789104950679087e-1 2.331606966400800e-1 4.045084971874737e-1
-2.078134688887267e-1 2.078134688887267e-1 4.045084971874737e-1
-2.331606966400799e-1 1.789104950679087e-1 4.045084971874737e-1
-2.545184802275636e-1 1.469463130731183e-1 4.045084971874737e-1
-2.715213820524994e-1 1.124678389204320e-1 4.045084971874737e-1
-2.838784777505678e-1 7.606500886184114e-2 4.045084971874737e-1
-2.913783339883406e-1 3.836068541241955e-2 4.045084971874737e-1
-2.938926261462366e-1 3.599146639029983e-17 4.045084971874737e-1
-2.913783339883406e-1 -3.836068541241949e-2 4.045084971874737e-1
-2.838784777505678e-1 -7.606500886184109e-2 4.045084971874737e-1
-2.715213820524994e-1 -1.124678389204319e-1 4.045084971874737e-1
-2.545184802275636e-1 -1.469463130731182e-1 4.045084971874737e-1
-2.331606966400800e-1 -1.789104950679087e-1 4.045084971874737e-1
-2.078134688887268e-1 -2.078134688887266e-1 4.045084971874737e-1
-1.789104950679087e-1 -2.331606966400799e-1 4.045084971874737e-1
-1.469463130731184e-1 -2.545184802275636e-1 4.045084971874737e-1
-1.124678389204319e-1 -2.715213820524994e-1 4.045084971874737e-1
-7.606500886184103e-2 -2.838784777505678e-1 4.045084971874737e-1
-3.836068541241944e-2 -2.913783339883406e-1 4.045084971874737e-1
-5.398719958544975e-17 -2.938926261462366e-1 4.045084971874737e-1
3.836068541241934e-2 -2.913783339883406e-1 4.045084971874737e-1
7.606500886184094e-2 -2.838784777505678e-1 4.045084971874737e-1
1.124678389204318e-1 -2.715213820524995e-1 4.045084971874737e-1
1.469463130731183e-1 -2.545184802275636e-1 4.045084971874737e-1
1.789104950679084e-1 -2.331606966400801e-1 4.045084971874737e-1
2.078134688887267e-1 -2.078134688887268e-1 4.045084971874737e-1
2.331606966400799e-1 -1.789104950679088e-1 4.045084971874737e-1
2.545184802275635e-1 -1.469463130731184e-1 4.045084971874737e-1
2.715213820524994e-1 -1.124678389204319e-1 4.045084971874737e-1
2.838784777505677e-1 -7.606500886184131e-2 4.045084971874737e-1
2.913783339883406e-1 -3.836068541241947e-2 4.045084971874737e-1
3.422735529643443e-1 0.000000000000000e0 3.644843137107058e-1
3.393453552706559e-1 4.467566356606401e-2 3.644843137107058e-1
3.306108644639795e-1 8.858691414207866e-2 3.644843137107058e-1
3.162195301036755e-1 1.309824180561896e-1 3.644843137107058e-1
2.964175919106807e-1 1.711367764821721e-1 3.644843137107058e-1
2.715438665376115e-1 2.083629372144663e-1 3.644843137107058e-1
2.420239503219008e-1 2.420239503219008e-1 3.644843137107058e-1
2.083629372144663e-1 2.715438665376115e-1 3.644843137107058e-1
1.711367764821722e-1 2.964175919106807e-1 3.644843137107058e-1
1.309824180561897e-1 3.162195301036755e-1 3.644843137107058e-1
8.858691414207866e-2 3.306108644639795e-1 3.644843137107058e-1
4.467566356606405e-2 3.393453552706559e-1 3.644843137107058e-1
2.095821055352881e-17 3.422735529643443e-1 3.644843137107058e-1
-4.467566356606402e-2 3.393453552706559e-1 3.644843137107058e-1
-8.858691414207862e-2 3.306108644639795e-1 3.644843137107058e-1
-1.309824180561895e-1 3.162195301036756e-1 3.644843137107058e-1
-1.711367764821721e-1 2.964175919106807e-1 3.644843137107058e-1
-2.083629372144663e-1 2.715438665376115e-1 3.644843137107058e-1
-2.420239503219008e-1 2.420239503219008e-1 3.644843137107058e-1
-2.715438665376115e-1 2.083629372144664e-1 3.644843137107058e-1
-2.964175919106807e-1 1.711367764821721e-1 3.644843137107058e-1
-3.162195301036755e-1 1.309824180561897e-1 3.644843137107058e-1
-3.306108644639794e-1 8.858691414207874e-2 3.644843137107058e-1
-3.393453552706559e-1 4.467566356606415e-2 3.644843137107058e-1
-3.422735529643443e-1 4.191642110705763e-17 3.644843137107058e-1
-3.393453552706559e-1 -4.467566356606407e-2 3.644843137107058e-1
-3.306108644639795e-1 -8.858691414207867e-2 3.644843137107058e-1
-3.162195301036756e-1 -1.309824180561896e-1 3.644843137107058e-1
-2.964175919106808e-1 -1.711367764821721e-1 3.644843137107058e-1
-2.715438665376115e-1 -2.083629372144663e-1 3.644843137107058e-1
-2.420239503219009e-1 -2.420239503219007e-1 3.644843137107058e-1
-2.083629372144664e-1 -2.715438665376115e-1 3.644843137107058e-1
-1.711367764821723e-1 -2.964175919106807e-1 3.644843137107058e-1
-1.309824180561895e-1 -3.162195301036756e-1 3.644843137107058e-1
-8.858691414207862e-2 -3.306108644639795e-1 3.644843137107058e-1
-4.467566356606403e-2 -3.393453552706559e-1 3.644843137107058e-1
-6.287463166058644e-17 -3.422735529643443e-1 3.644843137107058e-1
4.467566356606390e-2 -3.393453552706559e-1 3.644843137107058e-1
8.858691414207850e-2 -3.306108644639795e-1 3.644843137107058e-1
1.309824180561894e-1 -3.162195301036757e-1 3.644843137107058e-1
1.711367764821722e-1 -2.964175919106807e-1 3.644843137107058e-1
2.083629372144660e-1 -2.715438665376118e-1 3.644843137107058e-1
2.420239503219007e-1 -2.420239503219009e-1 3.644843137107058e-1
2.715438665376115e-1 -2.083629372144664e-1 3.644843137107058e-1
2.964175919106806e-1 -1.711367764821723e-1 3.644843137107058e-1
3.162195301036756e-1 -1.309824180561895e-1 3.644843137107058e-1
3.306108644639794e-1 -8.858691414207893e-2 3.644843137107058e-1
3.393453552706559e-1 -4.467566356606405e-2 3.644843137107058e-1
3.852566213878946e-1 0.000000000000000e0 3.187119948743449e-1
3.819606975852637e-1 5.028607981732396e-2 3.187119948743449e-1
3.721293203474368e-1 9.971175086703826e-2 3.187119948743449e-1
3.559307072647259e-1 1.474313262140974e-1 3.187119948743449e-1
3.336420210980801e-1 1.926283106939473e-1 3.187119948743449e-1
3.056446274474019e-1 2.345293713711664e-1 3.187119948743449e-1
2.724175694803986e-1 2.724175694803986e-1 3.187119948743449e-1
2.345293713711664e-1 3.056446274474019e-1 3.187119948743449e-1
1.926283106939474e-1 3.336420210980800e-1 3.187119948743449e-1
1.474313262140974e-1 3.559307072647259e-1 3.187119948743449e-1
9.971175086703826e-2 3.721293203474368e-1 3.187119948743449e-1
5.028607981732402e-2 3.819606975852637e-1 3.187119948743449e-1
2.359016441165044e-17 3.852566213878946e-1 3.187119948743449e-1
-5.028607981732398e-2 3.819606975852637e-1 3.187119948743449e-1
-9.971175086703821e-2 3.721293203474368e-1 3.187119948743449e-1
-1.474313262140973e-1 3.559307072647259e-1 3.187119948743449e-1
-1.926283106939472e-1 3.336420210980801e-1 3.187119948743449e-1
-2.345293713711664e-1 3.056446274474019e-1 3.187119948743449e-1
-2.724175694803986e-1 2.724175694803986e-1 3.187119948743449e-1
-3.056446274474019e-1 2.345293713711665e-1 3.187119948743449e-1
-3.336420210980801e-1 1.926283106939473e-1 3.187119948743449e-1
-3.559307072647259e-1 1.474313262140974e-1 3.187119948743449e-1
-3.721293203474368e-1 9.971175086703836e-2 3.187119948743449e-1
-3.819606975852637e-1 5.028607981732413e-2 3.187119948743449e-1
-3.852566213878946e-1 4.718032882330089e-17 3.187119948743449e-1
-3.819606975852637e-1 -5.028607981732404e-2 3.187119948743449e-1
-3.721293203474368e-1 -9.971175086703828e-2 3.187119948743449e-1
-3.559307072647259e-1 -1.474313262140973e-1 3.187119948743449e-1
-3.336420210980801e-1 -1.926283106939472e-1 3.187119948743449e-1
-3.056446274474019e-1 -2.345293713711664e-1 3.187119948743449e-1
-2.724175694803987e-1 -2.724175694803984e-1 3.187119948743449e-1
-2.345293713711665e-1 -3.056446274474018e-1 3.187119948743449e-1
-1.926283106939475e-1 -3.336420210980800e-1 3.187119948743449e-1
-1.474313262140973e-1 -3.559307072647259e-1 3.187119948743449e-1
-9.971175086703821e-2 -3.721293203474368e-1 3.187119948743449e-1
-5.028607981732399e-2 -3.819606975852637e-1 3.187119948743449e-1
-7.077049323495133e-17 -3.852566213878946e-1 3.187119948743449e-1
5.028607981732385e-2 -3.819606975852638e-1 3.187119948743449e-1
9.971175086703808e-2 -3.721293203474369e-1 3.187119948743449e-1
1.474313262140971e-1 -3.559307072647260e-1 3.187119948743449e-1
1.926283106939474e-1 -3.336420210980800e-1 3.187119948743449e-1
2.345293713711661e-1 -3.056446274474021e-1 3.187119948743449e-1
2.724175694803985e-1 -2.724175694803986e-1 3.187119948743449e-1
3.056446274474018e-1 -2.345293713711665e-1 3.187119948743449e-1
3.336420210980799e-1 -1.926283106939475e-1 3.187119948743449e-1
3.559307072647259e-1 -1.474313262140973e-1 3.187119948743449e-1
3.721293203474368e-1 -9.971175086703858e-2 3.187119948743449e-1
3.819606975852637e-1 -5.028607981732401e-2 3.187119948743449e-1
4.221639627510075e-1 0.000000000000000e0 2.679133974894983e-1
4.185522915266911e-1 5.510345455041670e-2 2.679133974894983e-1
4.077790745497344e-1 1.092640737159119e-1 2.679133974894983e-1
3.900286445495131e-1 1.615551542864035e-1 2.679133974894983e-1
3.656047163046801e-1 2.110819813755037e-1 2.679133974894983e-1
3.349251899990964e-1 2.569971372402877e-1 2.679133974894983e-1
2.985150008338225e-1 2.985150008338225e-1 2.679133974894983e-1
2.569971372402877e-1 3.349251899990964e-1 2.679133974894983e-1
2.110819813755038e-1 3.656047163046800e-1 2.679133974894983e-1
1.615551542864035e-1 3.900286445495131e-1 2.679133974894983e-1
1.092640737159119e-1 4.077790745497344e-1 2.679133974894983e-1
5.510345455041676e-2 4.185522915266911e-1 2.679133974894983e-1
2.585008728491919e-17 4.221639627510075e-1 2.679133974894983e-1
-5.510345455041672e-2 4.185522915266911e-1 2.679133974894983e-1
-1.092640737159119e-1 4.077790745497344e-1 2.679133974894983e-1
-1.615551542864034e-1 3.900286445495131e-1 2.679133974894983e-1
-2.110819813755037e-1 3.656047163046801e-1 2.679133974894983e-1
-2.569971372402877e-1 3.349251899990964e-1 2.679133974894983e-1
-2.985150008338225e-1 2.985150008338225e-1 2.679133974894983e-1
-3.349251899990964e-1 2.569971372402878e-1 2.679133974894983e-1
-3.656047163046801e-1 2.110819813755037e-1 2.679133974894983e-1
-3.900286445495131e-1 1.615551542864035e-1 2.679133974894983e-1
-4.077790745497344e-1 1.092640737159120e-1 2.679133974894983e-1
-4.185522915266911e-1 5.510345455041687e-2 2.679133974894983e-1
-4.221639627510075e-1 5.170017456983838e-17 2.679133974894983e-1
-4.185522915266911e-1 -5.510345455041678e-2 2.679133974894983e-1
-4.077790745497344e-1 -1.092640737159119e-1 2.679133974894983e-1
-3.900286445495131e-1 -1.615551542864034e-1 2.679133974894983e-1
-3.656047163046801e-1 -2.110819813755037e-1 2.679133974894983e-1
-3.349251899990964e-1 -2.569971372402877e-1 2.679133974894983e-1
-2.985150008338227e-1 -2.985150008338223e-1 2.679133974894983e-1
-2.569971372402878e-1 -3.349251899990963e-1 2.679133974894983e-1
-2.110819813755040e-1 -3.656047163046799e-1 2.679133974894983e-1
-1.615551542864034e-1 -3.900286445495131e-1 2.679133974894983e-1
-1.092640737159119e-1 -4.077790745497344e-1 2.679133974894983e-1
-5.510345455041673e-2 -4.185522915266911e-1 2.679133974894983e-1
-7.755026185475757e-17 -4.221639627510075e-1 2.679133974894983e-1
5.510345455041658e-2 -4.185522915266912e-1 2.679133974894983e-1
1.092640737159117e-1 -4.077790745497344e-1 2.679133974894983e-1
1.615551542864032e-1 -3.900286445495132e-1 2.679133974894983e-1
2.110819813755038e-1 -3.656047163046800e-1 2.679133974894983e-1
2.569971372402873e-1 -3.349251899990967e-1 2.679133974894983e-1
2.985150008338224e-1 -2.985150008338225e-1 2.679133974894983e-1
3.349251899990963e-1 -2.569971372402878e-1 2.679133974894983e-1
3.656047163046799e-1 -2.110819813755040e-1 2.679133974894983e-1
3.900286445495131e-1 -1.615551542864034e-1 2.679133974894983e-1
4.077790745497343e-1 -1.092640737159123e-1 2.679133974894983e-1
4.185522915266911e-1 -5.510345455041675e-2 2.679133974894983e-1
4.524135262330098e-1 0.000000000000000e0 2.128896457825363e-1
4.485430657997231e-1 5.905181488804118e-2 2.128896457825363e-1
4.369979091509711e-1 1.170932368510918e-1 2.128896457825363e-1
4.179755971179359e-1 1.731311610672418e-1 2.128896457825363e-1
3.918016067334841e-1 2.262067631165049e-1 2.128896457825363e-1
3.589237822298947e-1 2.754119047324814e-1 2.128896457825363e-1
3.199046722998792e-1 3.199046722998792e-1 2.128896457825363e-1
2.754119047324814e-1 3.589237822298947e-1 2.128896457825363e-1
2.262067631165049e-1 3.918016067334840e-1 2.128896457825363e-1
1.731311610672418e-1 4.179755971179359e-1 2.128896457825363e-1
1.170932368510918e-1 4.369979091509711e-1 2.128896457825363e-1
5.905181488804125e-2 4.485430657997231e-1 2.128896457825363e-1
2.770233883961113e-17 4.524135262330098e-1 2.128896457825363e-1
-5.905181488804119e-2 4.485430657997231e-1 2.128896457825363e-1
-1.170932368510918e-1 4.369979091509711e-1 2.128896457825363e-1
-1.731311610672416e-1 4.179755971179359e-1 2.128896457825363e-1
-2.262067631165048e-1 3.918016067334841e-1 2.128896457825363e-1
-2.754119047324814e-1 3.589237822298947e-1 2.128896457825363e-1
-3.199046722998792e-1 3.199046722998792e-1 2.128896457825363e-1
-3.589237822298946e-1 2.754119047324814e-1 2.128896457825363e-1
-3.918016067334841e-1 2.262067631165049e-1 2.128896457825363e-1
-4.179755971179359e-1 1.731311610672418e-1 2.128896457825363e-1
-4.369979091509710e-1 1.170932368510919e-1 2.128896457825363e-1
-4.485430657997231e-1 5.905181488804137e-2 2.128896457825363e-1
-4.524135262330098e-1 5.540467767922225e-17 2.128896457825363e-1
-4.485430657997231e-1 -5.905181488804127e-2 2.128896457825363e-1
-4.369979091509711e-1 -1.170932368510918e-1 2.128896457825363e-1
-4.179755971179359e-1 -1.731311610672417e-1 2.128896457825363e-1
-3.918016067334841e-1 -2.262067631165048e-1 2.128896457825363e-1
-3.589237822298947e-1 -2.754119047324814e-1 2.128896457825363e-1
-3.199046722998794e-1 -3.199046722998791e-1 2.128896457825363e-1
-2.754119047324814e-1 -3.589237822298946e-1 2.128896457825363e-1
-2.262067631165051e-1 -3.918016067334840e-1 2.128896457825363e-1
-1.731311610672416e-1 -4.179755971179359e-1 2.128896457825363e-1
-1.170932368510918e-1 -4.369979091509711e-1 2.128896457825363e-1
-5.905181488804120e-2 -4.485430657997231e-1 2.128896457825363e-1
-8.310701651883337e-17 -4.524135262330098e-1 2.128896457825363e-1
5.905181488804104e-2 -4.485430657997231e-1 2.128896457825363e-1
1.170932368510916e-1 -4.369979091509711e-1 2.128896457825363e-1
1.731311610672415e-1 -4.179755971179359e-1 2.128896457825363e-1
2.262067631165049e-1 -3.918016067334840e-1 2.128896457825363e-1
2.754119047324810e-1 -3.589237822298949e-1 2.128896457825363e-1
3.199046722998792e-1 -3.199046722998793e-1 2.128896457825363e-1
3.589237822298946e-1 -2.754119047324815e-1 2.128896457825363e-1
3.918016067334839e-1 -2.262067631165051e-1 2.128896457825363e-1
4.179755971179359e-1 -1.731311610672417e-1 2.128896457825363e-1
4.369979091509710e-1 -1.170932368510922e-1 2.128896457825363e-1
4.485430657997231e-1 -5.905181488804123e-2 2.128896457825363e-1
4.755282581475768e-1 0.000000000000000e0 1.545084971874737e-1
4.714600479784538e-1 6.206889282903691e-2 1.545084971874737e-1
4.593250256749994e-1 1.230757696930208e-1 1.545084971874737e-1
4.393308248332897e-1 1.819767860145071e-1 1.545084971874737e-1
4.118195517731660e-1 2.377641290737884e-1 1.545084971874737e-1
3.772619320042528e-1 2.894832619639466e-1 1.545084971874737e-1
3.362492559819787e-1 3.362492559819787e-1 1.545084971874737e-1
2.894832619639466e-1 3.772619320042528e-1 1.545084971874737e-1
2.377641290737884e-1 4.118195517731659e-1 1.545084971874737e-1
1.819767860145072e-1 4.393308248332897e-1 1.545084971874737e-1
1.230757696930208e-1 4.593250256749994e-1 1.545084971874737e-1
6.206889282903698e-2 4.714600479784538e-1 1.545084971874737e-1
2.911770796222731e-17 4.755282581475768e-1 1.545084971874737e-1
-6.206889282903692e-2 4.714600479784538e-1 1.545084971874737e-1
-1.230757696930207e-1 4.593250256749994e-1 1.545084971874737e-1
-1.819767860145070e-1 4.393308248332898e-1 1.545084971874737e-1
-2.377641290737883e-1 4.118195517731660e-1 1.545084971874737e-1
-2.894832619639466e-1 3.772619320042528e-1 1.545084971874737e-1
-3.362492559819786e-1 3.362492559819787e-1 1.545084971874737e-1
-3.772619320042527e-1 2.894832619639467e-1 1.545084971874737e-1
-4.118195517731660e-1 2.377641290737884e-1 1.545084971874737e-1
-4.393308248332897e-1 1.819767860145072e-1 1.545084971874737e-1
-4.593250256749994e-1 1.230757696930209e-1 1.545084971874737e-1
-4.714600479784538e-1 6.206889282903711e-2 1.545084971874737e-1
-4.755282581475768e-1 5.823541592445462e-17 1.545084971874737e-1
-4.714600479784538e-1 -6.206889282903701e-2 1.545084971874737e-1
-4.593250256749994e-1 -1.230757696930208e-1 1.545084971874737e-1
-4.393308248332898e-1 -1.819767860145071e-1 1.545084971874737e-1
-4.118195517731660e-1 -2.377641290737882e-1 1.545084971874737e-1
-3.772619320042528e-1 -2.894832619639466e-1 1.545084971874737e-1
-3.362492559819789e-1 -3.362492559819785e-1 1.545084971874737e-1
-2.894832619639467e-1 -3.772619320042527e-1 1.545084971874737e-1
-2.377641290737886e-1 -4.118195517731659e-1 1.545084971874737e-1
-1.819767860145070e-1 -4.393308248332898e-1 1.545084971874737e-1
-1.230757696930207e-1 -4.593250256749994e-1 1.545084971874737e-1
-6.206889282903694e-2 -4.714600479784538e-1 1.545084971874737e-1
-8.735312388668192e-17 -4.755282581475768e-1 1.545084971874737e-1
6.206889282903676e-2 -4.714600479784538e-1 1.545084971874737e-1
1.230757696930206e-1 -4.593250256749995e-1 1.545084971874737e-1
1.819767860145069e-1 -4.393308248332898e-1 1.545084971874737e-1
2.377641290737884e-1 -4.118195517731659e-1 1.545084971874737e-1
2.894832619639462e-1 -3.772619320042531e-1 1.545084971874737e-1
3.362492559819786e-1 -3.362492559819787e-1 1.545084971874737e-1
3.772619320042527e-1 -2.894832619639468e-1 1.545084971874737e-1
4.118195517731658e-1 -2.377641290737886e-1 1.545084971874737e-1
4.393308248332898e-1 -1.819767860145070e-1 1.545084971874737e-1
4.593250256749994e-1 -1.230757696930212e-1 1.545084971874737e-1
4.714600479784538e-1 -6.206889282903696e-2 1.545084971874737e-1
4.911436253643443e-1 0.000000000000000e0 9.369065729286237e-2
4.869418235639830e-1 6.410710725195941e-2 9.369065729286237e-2
4.744083121566629e-1 1.271173241249898e-1 9.369065729286237e-2
4.537575429975090e-1 1.879525283386611e-1 9.369065729286237e-2
4.253428564723093e-1 2.455718126821721e-1 9.369065729286237e-2
3.896504357455496e-1 2.989892952253220e-1 9.369065729286237e-2
3.472909880316731e-1 3.472909880316731e-1 9.369065729286237e-2
2.989892952253220e-1 3.896504357455496e-1 9.369065729286237e-2
2.455718126821722e-1 4.253428564723093e-1 9.369065729286237e-2
1.879525283386611e-1 4.537575429975090e-1 9.369065729286237e-2
1.271173241249898e-1 4.744083121566629e-1 9.369065729286237e-2
6.410710725195946e-2 4.869418235639830e-1 9.369065729286237e-2
3.007387343620355e-17 4.911436253643443e-1 9.369065729286237e-2
-6.410710725195942e-2 4.869418235639830e-1 9.369065729286237e-2
-1.271173241249897e-1 4.744083121566629e-1 9.369065729286237e-2
-1.879525283386609e-1 4.537575429975090e-1 9.369065729286237e-2
-2.455718126821720e-1 4.253428564723093e-1 9.369065729286237e-2
-2.989892952253220e-1 3.896504357455496e-1 9.369065729286237e-2
-3.472909880316731e-1 3.472909880316731e-1 9.369065729286237e-2
-3.896504357455495e-1 2.989892952253221e-1 9.369065729286237e-2
-4.253428564723093e-1 2.455718126821721e-1 9.369065729286237e-2
-4.537575429975090e-1 1.879525283386611e-1 9.369065729286237e-2
-4.744083121566628e-1 1.271173241249899e-1 9.369065729286237e-2
-4.869418235639830e-1 6.410710725195960e-2 9.369065729286237e-2
-4.911436253643443e-1 6.014774687240710e-17 9.369065729286237e-2
-4.869418235639830e-1 -6.410710725195949e-2 9.369065729286237e-2
-4.744083121566629e-1 -1.271173241249898e-1 9.369065729286237e-2
-4.537575429975090e-1 -1.879525283386610e-1 9.369065729286237e-2
-4.253428564723094e-1 -2.455718126821720e-1 9.369065729286237e-2
-3.896504357455496e-1 -2.989892952253220e-1 9.369065729286237e-2
-3.472909880316732e-1 -3.472909880316729e-1 9.369065729286237e-2
-2.989892952253221e-1 -3.896504357455495e-1 9.369065729286237e-2
-2.455718126821724e-1 -4.253428564723092e-1 9.369065729286237e-2
-1.879525283386609e-1 -4.537575429975090e-1 9.369065729286237e-2
-1.271173241249897e-1 -4.744083121566629e-1 9.369065729286237e-2
-6.410710725195944e-2 -4.869418235639830e-1 9.369065729286237e-2
-9.022162030861065e-17 -4.911436253643443e-1 9.369065729286237e-2
6.410710725195926e-2 -4.869418235639831e-1 9.369065729286237e-2
1.271173241249896e-1 -4.744083121566630e-1 9.369065729286237e-2
1.879525283386607e-1 -4.537575429975091e-1 9.369065729286237e-2
2.455718126821722e-1 -4.253428564723093e-1 9.369065729286237e-2
2.989892952253216e-1 -3.896504357455499e-1 9.369065729286237e-2
3.472909880316730e-1 -3.472909880316732e-1 9.369065729286237e-2
3.896504357455495e-1 -2.989892952253221e-1 9.369065729286237e-2
4.253428564723092e-1 -2.455718126821724e-1 9.369065729286237e-2
4.537575429975090e-1 -1.879525283386609e-1 9.369065729286237e-2
4.744083121566628e-1 -1.271173241249902e-1 9.369065729286237e-2
4.869418235639830e-1 -6.410710725195946e-2 9.369065729286237e-2
4.990133642141358e-1 0.000000000000000e0 3.139525976465676e-2
4.947442357069626e-1 6.513431429778889e-2 3.139525976465676e-2
4.820098961578269e-1 1.291541624192990e-1 3.139525976465676e-2
4.610282336470402e-1 1.909641470135161e-1 3.139525976465676e-2
4.321582502373781e-1 2.495066821070679e-1 3.139525976465676e-2
3.958939193492513e-1 3.037800886934465e-1 3.139525976465676e-2
3.528557337385279e-1 3.528557337385279e-1 3.139525976465676e-2
3.037800886934465e-1 3.958939193492513e-1 3.139525976465676e-2
2.495066821070679e-1 4.321582502373781e-1 3.139525976465676e-2
1.909641470135162e-1 4.610282336470402e-1 3.139525976465676e-2
1.291541624192990e-1 4.820098961578269e-1 3.139525976465676e-2
6.513431429778896e-2 4.947442357069626e-1 3.139525976465676e-2
3.055575596082969e-17 4.990133642141358e-1 3.139525976465676e-2
-6.513431429778890e-2 4.947442357069626e-1 3.139525976465676e-2
-1.291541624192990e-1 4.820098961578269e-1 3.139525976465676e-2
-1.909641470135160e-1 4.610282336470403e-1 3.139525976465676e-2
-2.495066821070678e-1 4.321582502373781e-1 3.139525976465676e-2
-3.037800886934465e-1 3.958939193492513e-1 3.139525976465676e-2
-3.528557337385278e-1 3.528557337385279e-1 3.139525976465676e-2
-3.958939193492513e-1 3.037800886934466e-1 3.139525976465676e-2
-4.321582502373781e-1 2.495066821070679e-1 3.139525976465676e-2
-4.610282336470402e-1 1.909641470135162e-1 3.139525976465676e-2
-4.820098961578269e-1 1.291541624192992e-1 3.139525976465676e-2
-4.947442357069626e-1 6.513431429778910e-2 3.139525976465676e-2
-4.990133642141358e-1 6.111151192165938e-17 3.139525976465676e-2
-4.947442357069626e-1 -6.513431429778899e-2 3.139525976465676e-2
-4.820098961578269e-1 -1.291541624192991e-1 3.139525976465676e-2
-4.610282336470403e-1 -1.909641470135161e-1 3.139525976465676e-2
-4.321582502373782e-1 -2.495066821070678e-1 3.139525976465676e-2
-3.958939193492513e-1 -3.037800886934465e-1 3.139525976465676e-2
-3.528557337385280e-1 -3.528557337385276e-1 3.139525976465676e-2
-3.037800886934466e-1 -3.958939193492512e-1 3.139525976465676e-2
-2.495066821070681e-1 -4.321582502373780e-1 3.139525976465676e-2
-1.909641470135160e-1 -4.610282336470403e-1 3.139525976465676e-2
-1.291541624192990e-1 -4.820098961578269e-1 3.139525976465676e-2
-6.513431429778892e-2 -4.947442357069626e-1 3.139525976465676e-2
-9.166726788248905e-17 -4.990133642141358e-1 3.139525976465676e-2
6.513431429778874e-2 -4.947442357069626e-1 3.139525976465676e-2
1.291541624192988e-1 -4.820098961578270e-1 3.139525976465676e-2
1.909641470135158e-1 -4.610282336470403e-1 3.139525976465676e-2
2.495066821070679e-1 -4.321582502373781e-1 3.139525976465676e-2
3.037800886934461e-1 -3.958939193492516e-1 3.139525976465676e-2
3.528557337385277e-1 -3.528557337385279e-1 3.139525976465676e-2
3.958939193492512e-1 -3.037800886934466e-1 3.139525976465676e-2
4.321582502373780e-1 -2.495066821070681e-1 3.139525976465676e-2
4.610282336470403e-1 -1.909641470135160e-1 3.139525976465676e-2
4.820098961578268e-1 -1.291541624192994e-1 3.139525976465676e-2
4.947442357069626e-1 -6.513431429778894e-2 3.139525976465676e-2
4.990133642141358e-1 0.000000000000000e0 -3.139525976465670e-2
4.947442357069626e-1 6.513431429778889e-2 -3.139525976465670e-2
4.820098961578269e-1 1.291541624192990e-1 -3.139525976465670e-2
4.610282336470402e-1 1.909641470135161e-1 -3.139525976465670e-2
4.321582502373781e-1 2.495066821070679e-1 -3.139525976465670e-2
3.958939193492513e-1 3.037800886934465e-1 -3.139525976465670e-2
3.528557337385279e-1 3.528557337385279e-1 -3.139525976465670e-2
3.037800886934465e-1 3.958939193492513e-1 -3.139525976465670e-2
2.495066821070679e-1 4.321582502373781e-1 -3.139525976465670e-2
1.909641470135162e-1 4.610282336470402e-1 -3.139525976465670e-2
1.291541624192990e-1 4.820098961578269e-1 -3.139525976465670e-2
6.513431429778896e-2 4.947442357069626e-1 -3.139525976465670e-2
3.055575596082969e-17 4.990133642141358e-1 -3.139525976465670e-2
-6.513431429778890e-2 4.947442357069626e-1 -3.139525976465670e-2
-1.291541624192990e-1 4.820098961578269e-1 -3.139525976465670e-2
-1.909641470135160e-1 4.610282336470403e-1 -3.139525976465670e-2
-2.495066821070678e-1 4.321582502373781e-1 -3.139525976465670e-2
-3.037800886934465e-1 3.958939193492513e-1 -3.139525976465670e-2
-3.528557337385278e-1 3.528557337385279e-1 -3.139525976465670e-2
-3.958939193492513e-1 3.037800886934466e-1 -3.139525976465670e-2
-4.321582502373781e-1 2.495066821070679e-1 -3.139525976465670e-2
-4.610282336470402e-1 1.909641470135162e-1 -3.139525976465670e-2
-4.820098961578269e-1 1.291541624192992e-1 -3.139525976465670e-2
-4.947442357069626e-1 6.513431429778910e-2 -3.139525976465670e-2
-4.990133642141358e-1 6.111151192165938e-17 -3.139525976465670e-2
-4.947442357069626e-1 -6.513431429778899e-2 -3.139525976465670e-2
-4.820098961578269e-1 -1.291541624192991e-1 -3.139525976465670e-2
-4.610282336470403e-1 -1.909641470135161e-1 -3.139525976465670e-2
-4.321582502373782e-1 -2.495066821070678e-1 -3.139525976465670e-2
-3.958939193492513e-1 -3.037800886934465e-1 -3.139525976465670e-2
-3.528557337385280e-1 -3.528557337385276e-1 -3.139525976465670e-2
-3.037800886934466e-1 -3.958939193492512e-1 -3.139525976465670e-2
-2.495066821070681e-1 -4.321582502373780e-1 -3.139525976465670e-2
-1.909641470135160e-1 -4.610282336470403e-1 -3.139525976465670e-2
-1.291541624192990e-1 -4.820098961578269e-1 -3.139525976465670e-2
-6.513431429778892e-2 -4.947442357069626e-1 -3.139525976465670e-2
-9.166726788248905e-17 -4.990133642141358e-1 -3.139525976465670e-2
6.513431429778874e-2 -4.947442357069626e-1 -3.139525976465670e-2
1.291541624192988e-1 -4.820098961578270e-1 -3.139525976465670e-2
1.909641470135158e-1 -4.610282336470403e-1 -3.139525976465670e-2
2.495066821070679e-1 -4.321582502373781e-1 -3.139525976465670e-2
3.037800886934461e-1 -3.958939193492516e-1 -3.139525976465670e-2
3.528557337385277e-1 -3.528557337385279e-1 -3.139525976465670e-2
3.958939193492512e-1 -3.037800886934466e-1 -3.139525976465670e-2
4.321582502373780e-1 -2.495066821070681e-1 -3.139525976465670e-2
4.610282336470403e-1 -1.909641470135160e-1 -3.139525976465670e-2
4.820098961578268e-1 -1.291541624192994e-1 -3.139525976465670e-2
4.947442357069626e-1 -6.513431429778894e-2 -3.139525976465670e-2
4.911436253643444e-1 0.000000000000000e0 -9.369065729286230e-2
4.869418235639831e-1 6.410710725195941e-2 -9.369065729286230e-2
4.744083121566630e-1 1.271173241249898e-1 -9.369065729286230e-2
4.537575429975090e-1 1.879525283386611e-1 -9.369065729286230e-2
4.253428564723094e-1 2.455718126821722e-1 -9.369065729286230e-2
3.896504357455496e-1 2.989892952253220e-1 -9.369065729286230e-2
3.472909880316731e-1 3.472909880316731e-1 -9.369065729286230e-2
2.989892952253220e-1 3.896504357455496e-1 -9.369065729286230e-2
2.455718126821722e-1 4.253428564723093e-1 -9.369065729286230e-2
1.879525283386611e-1 4.537575429975090e-1 -9.369065729286230e-2
1.271173241249898e-1 4.744083121566630e-1 -9.369065729286230e-2
6.410710725195948e-2 4.869418235639831e-1 -9.369065729286230e-2
3.007387343620356e-17 4.911436253643444e-1 -9.369065729286230e-2
-6.410710725195942e-2 4.869418235639831e-1 -9.369065729286230e-2
-1.271173241249897e-1 4.744083121566630e-1 -9.369065729286230e-2
-1.879525283386609e-1 4.537575429975091e-1 -9.369065729286230e-2
-2.455718126821721e-1 4.253428564723094e-1 -9.369065729286230e-2
-2.989892952253220e-1 3.896504357455496e-1 -9.369065729286230e-2
-3.472909880316731e-1 3.472909880316731e-1 -9.369065729286230e-2
-3.896504357455495e-1 2.989892952253221e-1 -9.369065729286230e-2
-4.253428564723094e-1 2.455718126821722e-1 -9.369065729286230e-2
-4.537575429975090e-1 1.879525283386611e-1 -9.369065729286230e-2
-4.744083121566629e-1 1.271173241249899e-1 -9.369065729286230e-2
-4.869418235639831e-1 6.410710725195962e-2 -9.369065729286230e-2
-4.911436253643444e-1 6.014774687240711e-17 -9.369065729286230e-2
-4.869418235639831e-1 -6.410710725195951e-2 -9.369065729286230e-2
-4.744083121566630e-1 -1.271173241249898e-1 -9.369065729286230e-2
-4.537575429975091e-1 -1.879525283386610e-1 -9.369065729286230e-2
-4.253428564723095e-1 -2.455718126821720e-1 -9.369065729286230e-2
-3.896504357455496e-1 -2.989892952253220e-1 -9.369065729286230e-2
-3.472909880316733e-1 -3.472909880316729e-1 -9.369065729286230e-2
-2.989892952253221e-1 -3.896504357455495e-1 -9.369065729286230e-2
-2.455718126821724e-1 -4.253428564723093e-1 -9.369065729286230e-2
-1.879525283386609e-1 -4.537575429975091e-1 -9.369065729286230e-2
-1.271173241249897e-1 -4.744083121566630e-1 -9.369065729286230e-2
-6.410710725195944e-2 -4.869418235639831e-1 -9.369065729286230e-2
-9.022162030861066e-17 -4.911436253643444e-1 -9.369065729286230e-2
6.410710725195926e-2 -4.869418235639831e-1 -9.369065729286230e-2
1.271173241249896e-1 -4.744083121566630e-1 -9.369065729286230e-2
1.879525283386608e-1 -4.537575429975091e-1 -9.369065729286230e-2
2.455718126821722e-1 -4.253428564723093e-1 -9.369065729286230e-2
2.989892952253216e-1 -3.896504357455499e-1 -9.369065729286230e-2
3.472909880316730e-1 -3.472909880316732e-1 -9.369065729286230e-2
3.896504357455495e-1 -2.989892952253222e-1 -9.369065729286230e-2
4.253428564723092e-1 -2.455718126821724e-1 -9.369065729286230e-2
4.537575429975091e-1 -1.879525283386610e-1 -9.369065729286230e-2
4.744083121566628e-1 -1.271173241249902e-1 -9.369065729286230e-2
4.869418235639831e-1 -6.410710725195946e-2 -9.369065729286230e-2
4.755282581475768e-1 0.000000000000000e0 -1.545084971874736e-1
4.714600479784538e-1 6.206889282903692e-2 -1.545084971874736e-1
4.593250256749995e-1 1.230757696930208e-1 -1.545084971874736e-1
4.393308248332898e-1 1.819767860145072e-1 -1.545084971874736e-1
4.118195517731660e-1 2.377641290737884e-1 -1.545084971874736e-1
3.772619320042528e-1 2.894832619639467e-1 -1.545084971874736e-1
3.362492559819787e-1 3.362492559819787e-1 -1.545084971874736e-1
2.894832619639467e-1 3.772619320042528e-1 -1.545084971874736e-1
2.377641290737885e-1 4.118195517731660e-1 -1.545084971874736e-1
1.819767860145072e-1 4.393308248332898e-1 -1.545084971874736e-1
1.230757696930208e-1 4.593250256749995e-1 -1.545084971874736e-1
6.206889282903699e-2 4.714600479784538e-1 -1.545084971874736e-1
2.911770796222731e-17 4.755282581475768e-1 -1.545084971874736e-1
-6.206889282903693e-2 4.714600479784538e-1 -1.545084971874736e-1
-1.230757696930208e-1 4.593250256749995e-1 -1.545084971874736e-1
-1.819767860145070e-1 4.393308248332898e-1 -1.545084971874736e-1
-2.377641290737883e-1 4.118195517731660e-1 -1.545084971874736e-1
-2.894832619639467e-1 3.772619320042528e-1 -1.545084971874736e-1
-3.362492559819786e-1 3.362492559819787e-1 -1.545084971874736e-1
-3.772619320042528e-1 2.894832619639468e-1 -1.545084971874736e-1
-4.118195517731660e-1 2.377641290737884e-1 -1.545084971874736e-1
-4.393308248332898e-1 1.819767860145072e-1 -1.545084971874736e-1
-4.593250256749994e-1 1.230757696930209e-1 -1.545084971874736e-1
-4.714600479784538e-1 6.206889282903712e-2 -1.545084971874736e-1
-4.755282581475768e-1 5.823541592445463e-17 -1.545084971874736e-1
-4.714600479784538e-1 -6.206889282903701e-2 -1.545084971874736e-1
-4.593250256749995e-1 -1.230757696930208e-1 -1.545084971874736e-1
-4.393308248332898e-1 -1.819767860145071e-1 -1.545084971874736e-1
-4.118195517731661e-1 -2.377641290737883e-1 -1.545084971874736e-1
-3.772619320042528e-1 -2.894832619639467e-1 -1.545084971874736e-1
-3.362492559819789e-1 -3.362492559819785e-1 -1.545084971874736e-1
-2.894832619639468e-1 -3.772619320042527e-1 -1.545084971874736e-1
-2.377641290737886e-1 -4.118195517731659e-1 -1.545084971874736e-1
-1.819767860145070e-1 -4.393308248332898e-1 -1.545084971874736e-1
-1.230757696930208e-1 -4.593250256749995e-1 -1.545084971874736e-1
-6.206889282903694e-2 -4.714600479784538e-1 -1.545084971874736e-1
-8.735312388668193e-17 -4.755282581475768e-1 -1.545084971874736e-1
6.206889282903677e-2 -4.714600479784539e-1 -1.545084971874736e-1
1.230757696930206e-1 -4.593250256749996e-1 -1.545084971874736e-1
1.819767860145069e-1 -4.393308248332898e-1 -1.545084971874736e-1
2.377641290737885e-1 -4.118195517731660e-1 -1.545084971874736e-1
2.894832619639463e-1 -3.772619320042531e-1 -1.545084971874736e-1
3.362492559819786e-1 -3.362492559819787e-1 -1.545084971874736e-1
3.772619320042527e-1 -2.894832619639469e-1 -1.545084971874736e-1
4.118195517731659e-1 -2.377641290737886e-1 -1.545084971874736e-1
4.393308248332898e-1 -1.819767860145071e-1 -1.545084971874736e-1
4.593250256749994e-1 -1.230757696930212e-1 -1.545084971874736e-1
4.714600479784538e-1 -6.206889282903697e-2 -1.545084971874736e-1
4.524135262330097e-1 0.000000000000000e0 -2.128896457825364e-1
4.485430657997231e-1 5.905181488804118e-2 -2.128896457825364e-1
4.369979091509710e-1 1.170932368510918e-1 -2.128896457825364e-1
4.179755971179358e-1 1.731311610672417e-1 -2.128896457825364e-1
3.918016067334840e-1 2.262067631165048e-1 -2.128896457825364e-1
3.589237822298946e-1 2.754119047324813e-1 -2.128896457825364e-1
3.199046722998792e-1 3.199046722998792e-1 -2.128896457825364e-1
2.754119047324813e-1 3.589237822298946e-1 -2.128896457825364e-1
2.262067631165049e-1 3.918016067334840e-1 -2.128896457825364e-1
1.731311610672418e-1 4.179755971179358e-1 -2.128896457825364e-1
1.170932368510918e-1 4.369979091509710e-1 -2.128896457825364e-1
5.905181488804124e-2 4.485430657997231e-1 -2.128896457825364e-1
2.770233883961112e-17 4.524135262330097e-1 -2.128896457825364e-1
-5.905181488804118e-2 4.485430657997231e-1 -2.128896457825364e-1
-1.170932368510917e-1 4.369979091509710e-1 -2.128896457825364e-1
-1.731311610672416e-1 4.179755971179359e-1 -2.128896457825364e-1
-2.262067631165048e-1 3.918016067334840e-1 -2.128896457825364e-1
-2.754119047324813e-1 3.589237822298946e-1 -2.128896457825364e-1
-3.199046722998792e-1 3.199046722998792e-1 -2.128896457825364e-1
-3.589237822298946e-1 2.754119047324814e-1 -2.128896457825364e-1
-3.918016067334840e-1 2.262067631165048e-1 -2.128896457825364e-1
-4.179755971179358e-1 1.731311610672418e-1 -2.128896457825364e-1
-4.369979091509710e-1 1.170932368510919e-1 -2.128896457825364e-1
-4.485430657997231e-1 5.905181488804136e-2 -2.128896457825364e-1
-4.524135262330097e-1 5.540467767922225e-17 -2.128896457825364e-1
-4.485430657997231e-1 -5.905181488804126e-2 -2.128896457825364e-1
-4.369979091509710e-1 -1.170932368510918e-1 -2.128896457825364e-1
-4.179755971179359e-1 -1.731311610672417e-1 -2.128896457825364e-1
-3.918016067334841e-1 -2.262067631165047e-1 -2.128896457825364e-1
-3.589237822298946e-1 -2.754119047324813e-1 -2.128896457825364e-1
-3.199046722998793e-1 -3.199046722998790e-1 -2.128896457825364e-1
-2.754119047324814e-1 -3.589237822298945e-1 -2.128896457825364e-1
-2.262067631165051e-1 -3.918016067334839e-1 -2.128896457825364e-1
-1.731311610672416e-1 -4.179755971179359e-1 -2.128896457825364e-1
-1.170932368510917e-1 -4.369979091509710e-1 -2.128896457825364e-1
-5.905181488804120e-2 -4.485430657997231e-1 -2.128896457825364e-1
-8.310701651883337e-17 -4.524135262330097e-1 -2.128896457825364e-1
5.905181488804104e-2 -4.485430657997231e-1 -2.128896457825364e-1
1.170932368510916e-1 -4.369979091509711e-1 -2.128896457825364e-1
1.731311610672415e-1 -4.179755971179359e-1 -2.128896457825364e-1
2.262067631165049e-1 -3.918016067334840e-1 -2.128896457825364e-1
2.754119047324810e-1 -3.589237822298948e-1 -2.128896457825364e-1
3.199046722998791e-1 -3.199046722998793e-1 -2.128896457825364e-1
3.589237822298945e-1 -2.754119047324815e-1 -2.128896457825364e-1
3.918016067334839e-1 -2.262067631165051e-1 -2.128896457825364e-1
4.179755971179359e-1 -1.731311610672417e-1 -2.128896457825364e-1
4.369979091509709e-1 -1.170932368510922e-1 -2.128896457825364e-1
4.485430657997231e-1 -5.905181488804122e-2 -2.128896457825364e-1
4.221639627510075e-1 0.000000000000000e0 -2.679133974894984e-1
4.185522915266910e-1 5.510345455041669e-2 -2.679133974894984e-1
4.077790745497343e-1 1.092640737159119e-1 -2.679133974894984e-1
3.900286445495131e-1 1.615551542864035e-1 -2.679133974894984e-1
3.656047163046800e-1 2.110819813755037e-1 -2.679133974894984e-1
3.349251899990964e-1 2.569971372402876e-1 -2.679133974894984e-1
2.985150008338225e-1 2.985150008338225e-1 -2.679133974894984e-1
2.569971372402876e-1 3.349251899990964e-1 -2.679133974894984e-1
2.110819813755038e-1 3.656047163046799e-1 -2.679133974894984e-1
1.615551542864035e-1 3.900286445495131e-1 -2.679133974894984e-1
1.092640737159119e-1 4.077790745497343e-1 -2.679133974894984e-1
5.510345455041676e-2 4.185522915266910e-1 -2.679133974894984e-1
2.585008728491919e-17 4.221639627510075e-1 -2.679133974894984e-1
-5.510345455041671e-2 4.185522915266910e-1 -2.679133974894984e-1
-1.092640737159118e-1 4.077790745497343e-1 -2.679133974894984e-1
-1.615551542864033e-1 3.900286445495131e-1 -2.679133974894984e-1
-2.110819813755037e-1 3.656047163046800e-1 -2.679133974894984e-1
-2.569971372402876e-1 3.349251899990964e-1 -2.679133974894984e-1
-2.985150008338224e-1 2.985150008338225e-1 -2.679133974894984e-1
-3.349251899990963e-1 2.569971372402877e-1 -2.679133974894984e-1
-3.656047163046800e-1 2.110819813755037e-1 -2.679133974894984e-1
-3.900286445495131e-1 1.615551542864035e-1 -2.679133974894984e-1
-4.077790745497343e-1 1.092640737159120e-1 -2.679133974894984e-1
-4.185522915266910e-1 5.510345455041687e-2 -2.679133974894984e-1
-4.221639627510075e-1 5.170017456983838e-17 -2.679133974894984e-1
-4.185522915266910e-1 -5.510345455041678e-2 -2.679133974894984e-1
-4.077790745497343e-1 -1.092640737159119e-1 -2.679133974894984e-1
-3.900286445495131e-1 -1.615551542864034e-1 -2.679133974894984e-1
-3.656047163046801e-1 -2.110819813755036e-1 -2.679133974894984e-1
-3.349251899990964e-1 -2.569971372402876e-1 -2.679133974894984e-1
-2.985150008338226e-1 -2.985150008338223e-1 -2.679133974894984e-1
-2.569971372402877e-1 -3.349251899990963e-1 -2.679133974894984e-1
-2.110819813755039e-1 -3.656047163046799e-1 -2.679133974894984e-1
-1.615551542864033e-1 -3.900286445495131e-1 -2.679133974894984e-1
-1.092640737159118e-1 -4.077790745497343e-1 -2.679133974894984e-1
-5.510345455041672e-2 -4.185522915266910e-1 -2.679133974894984e-1
-7.755026185475756e-17 -4.221639627510075e-1 -2.679133974894984e-1
5.510345455041657e-2 -4.185522915266911e-1 -2.679133974894984e-1
1.092640737159117e-1 -4.077790745497344e-1 -2.679133974894984e-1
1.615551542864032e-1 -3.900286445495131e-1 -2.679133974894984e-1
2.110819813755038e-1 -3.656047163046799e-1 -2.679133974894984e-1
2.569971372402873e-1 -3.349251899990966e-1 -2.679133974894984e-1
2.985150008338224e-1 -2.985150008338225e-1 -2.679133974894984e-1
3.349251899990963e-1 -2.569971372402878e-1 -2.679133974894984e-1
3.656047163046798e-1 -2.110819813755039e-1 -2.679133974894984e-1
3.900286445495131e-1 -1.615551542864034e-1 -2.679133974894984e-1
4.077790745497343e-1 -1.092640737159122e-1 -2.679133974894984e-1
4.185522915266910e-1 -5.510345455041674e-2 -2.679133974894984e-1
3.852566213878946e-1 0.000000000000000e0 -3.187119948743449e-1
3.819606975852637e-1 5.028607981732396e-2 -3.187119948743449e-1
3.721293203474368e-1 9.971175086703826e-2 -3.187119948743449e-1
3.559307072647259e-1 1.474313262140974e-1 -3.187119948743449e-1
3.336420210980801e-1 1.926283106939473e-1 -3.187119948743449e-1
3.056446274474019e-1 2.345293713711664e-1 -3.187119948743449e-1
2.724175694803986e-1 2.724175694803986e-1 -3.187119948743449e-1
2.345293713711664e-1 3.056446274474019e-1 -3.187119948743449e-1
1.926283106939474e-1 3.336420210980800e-1 -3.187119948743449e-1
1.474313262140974e-1 3.559307072647259e-1 -3.187119948743449e-1
9.971175086703826e-2 3.721293203474368e-1 -3.187119948743449e-1
5.028607981732402e-2 3.819606975852637e-1 -3.187119948743449e-1
2.359016441165044e-17 3.852566213878946e-1 -3.187119948743449e-1
-5.028607981732398e-2 3.819606975852637e-1 -3.187119948743449e-1
-9.971175086703821e-2 3.721293203474368e-1 -3.187119948743449e-1
-1.474313262140973e-1 3.559307072647259e-1 -3.187119948743449e-1
-1.926283106939472e-1 3.336420210980801e-1 -3.187119948743449e-1
-2.345293713711664e-1 3.056446274474019e-1 -3.187119948743449e-1
-2.724175694803986e-1 2.724175694803986e-1 -3.187119948743449e-1
-3.056446274474019e-1 2.345293713711665e-1 -3.187119948743449e-1
-3.336420210980801e-1 1.926283106939473e-1 -3.187119948743449e-1
-3.559307072647259e-1 1.474313262140974e-1 -3.187119948743449e-1
-3.721293203474368e-1 9.971175086703836e-2 -3.187119948743449e-1
-3.819606975852637e-1 5.028607981732413e-2 -3.187119948743449e-1
-3.852566213878946e-1 4.718032882330089e-17 -3.187119948743449e-1
-3.819606975852637e-1 -5.028607981732404e-2 -3.187119948743449e-1
-3.721293203474368e-1 -9.971175086703828e-2 -3.187119948743449e-1
-3.559307072647259e-1 -1.474313262140973e-1 -3.187119948743449e-1
-3.336420210980801e-1 -1.926283106939472e-1 -3.187119948743449e-1
-3.056446274474019e-1 -2.345293713711664e-1 -3.187119948743449e-1
-2.724175694803987e-1 -2.724175694803984e-1 -3.187119948743449e-1
-2.345293713711665e-1 -3.056446274474018e-1 -3.187119948743449e-1
-1.926283106939475e-1 -3.336420210980800e-1 -3.187119948743449e-1
-1.474313262140973e-1 -3.559307072647259e-1 -3.187119948743449e-1
-9.971175086703821e-2 -3.721293203474368e-1 -3.187119948743449e-1
-5.028607981732399e-2 -3.819606975852637e-1 -3.187119948743449e-1
-7.077049323495133e-17 -3.852566213878946e-1 -3.187119948743449e-1
5.028607981732385e-2 -3.819606975852638e-1 -3.187119948743449e-1
9.971175086703808e-2 -3.721293203474369e-1 -3.187119948743449e-1
1.474313262140971e-1 -3.559307072647260e-1 -3.187119948743449e-1
1.926283106939474e-1 -3.336420210980800e-1 -3.187119948743449e-1
2.345293713711661e-1 -3.056446274474021e-1 -3.187119948743449e-1
2.724175694803985e-1 -2.724175694803986e-1 -3.187119948743449e-1
3.056446274474018e-1 -2.345293713711665e-1 -3.187119948743449e-1
3.336420210980799e-1 -1.926283106939475e-1 -3.187119948743449e-1
3.559307072647259e-1 -1.474313262140973e-1 -3.187119948743449e-1
3.721293203474368e-1 -9.971175086703858e-2 -3.187119948743449e-1
3.819606975852637e-1 -5.028607981732401e-2 -3.187119948743449e-1
3.422735529643444e-1 0.000000000000000e0 -3.644843137107057e-1
3.393453552706560e-1 4.467566356606402e-2 -3.644843137107057e-1
3.306108644639796e-1 8.858691414207868e-2 -3.644843137107057e-1
3.162195301036757e-1 1.309824180561897e-1 -3.644843137107057e-1
2.964175919106808e-1 1.711367764821722e-1 -3.644843137107057e-1
2.715438665376116e-1 2.083629372144663e-1 -3.644843137107057e-1
2.420239503219009e-1 2.420239503219009e-1 -3.644843137107057e-1
2.083629372144663e-1 2.715438665376116e-1 -3.644843137107057e-1
1.711367764821722e-1 2.964175919106808e-1 -3.644843137107057e-1
1.309824180561897e-1 3.162195301036757e-1 -3.644843137107057e-1
8.858691414207868e-2 3.306108644639796e-1 -3.644843137107057e-1
4.467566356606407e-2 3.393453552706560e-1 -3.644843137107057e-1
2.095821055352882e-17 3.422735529643444e-1 -3.644843137107057e-1
-4.467566356606403e-2 3.393453552706560e-1 -3.644843137107057e-1
-8.858691414207864e-2 3.306108644639796e-1 -3.644843137107057e-1
-1.309824180561896e-1 3.162195301036757e-1 -3.644843137107057e-1
-1.711367764821721e-1 2.964175919106808e-1 -3.644843137107057e-1
-2.083629372144663e-1 2.715438665376116e-1 -3.644843137107057e-1
-2.420239503219009e-1 2.420239503219009e-1 -3.644843137107057e-1
-2.715438665376116e-1 2.083629372144664e-1 -3.644843137107057e-1
-2.964175919106808e-1 1.711367764821722e-1 -3.644843137107057e-1
-3.162195301036757e-1 1.309824180561897e-1 -3.644843137107057e-1
-3.306108644639795e-1 8.858691414207877e-2 -3.644843137107057e-1
-3.393453552706560e-1 4.467566356606417e-2 -3.644843137107057e-1
-3.422735529643444e-1 4.191642110705765e-17 -3.644843137107057e-1
-3.393453552706560e-1 -4.467566356606409e-2 -3.644843137107057e-1
-3.306108644639796e-1 -8.858691414207870e-2 -3.644843137107057e-1
-3.162195301036757e-1 -1.309824180561896e-1 -3.644843137107057e-1
-2.964175919106809e-1 -1.711367764821721e-1 -3.644843137107057e-1
-2.715438665376116e-1 -2.083629372144663e-1 -3.644843137107057e-1
-2.420239503219010e-1 -2.420239503219007e-1 -3.644843137107057e-1
-2.083629372144664e-1 -2.715438665376116e-1 -3.644843137107057e-1
-1.711367764821723e-1 -2.964175919106808e-1 -3.644843137107057e-1
-1.309824180561896e-1 -3.162195301036757e-1 -3.644843137107057e-1
-8.858691414207864e-2 -3.306108644639796e-1 -3.644843137107057e-1
-4.467566356606404e-2 -3.393453552706560e-1 -3.644843137107057e-1
-6.287463166058646e-17 -3.422735529643444e-1 -3.644843137107057e-1
4.467566356606392e-2 -3.393453552706560e-1 -3.644843137107057e-1
8.858691414207853e-2 -3.306108644639796e-1 -3.644843137107057e-1
1.309824180561895e-1 -3.162195301036758e-1 -3.644843137107057e-1
1.711367764821722e-1 -2.964175919106808e-1 -3.644843137107057e-1
2.083629372144661e-1 -2.715438665376118e-1 -3.644843137107057e-1
2.420239503219008e-1 -2.420239503219009e-1 -3.644843137107057e-1
2.715438665376116e-1 -2.083629372144665e-1 -3.644843137107057e-1
2.964175919106807e-1 -1.711367764821723e-1 -3.644843137107057e-1
3.162195301036757e-1 -1.309824180561896e-1 -3.644843137107057e-1
3.306108644639795e-1 -8.858691414207896e-2 -3.644843137107057e-1
3.393453552706560e-1 -4.467566356606406e-2 -3.644843137107057e-1
2.938926261462366e-1 0.000000000000000e0 -4.045084971874737e-1
2.913783339883407e-1 3.836068541241944e-2 -4.045084971874737e-1
2.838784777505678e-1 7.606500886184109e-2 -4.045084971874737e-1
2.715213820524995e-1 1.124678389204320e-1 -4.045084971874737e-1
2.545184802275637e-1 1.469463130731183e-1 -4.045084971874737e-1
2.331606966400800e-1 1.789104950679087e-1 -4.045084971874737e-1
2.078134688887268e-1 2.078134688887268e-1 -4.045084971874737e-1
1.789104950679087e-1 2.331606966400800e-1 -4.045084971874737e-1
1.469463130731183e-1 2.545184802275636e-1 -4.045084971874737e-1
1.124678389204320e-1 2.715213820524995e-1 -4.045084971874737e-1
7.606500886184109e-2 2.838784777505678e-1 -4.045084971874737e-1
3.836068541241948e-2 2.913783339883407e-1 -4.045084971874737e-1
1.799573319514992e-17 2.938926261462366e-1 -4.045084971874737e-1
-3.836068541241944e-2 2.913783339883407e-1 -4.045084971874737e-1
-7.606500886184105e-2 2.838784777505678e-1 -4.045084971874737e-1
-1.124678389204319e-1 2.715213820524995e-1 -4.045084971874737e-1
-1.469463130731183e-1 2.545184802275637e-1 -4.045084971874737e-1
-1.789104950679087e-1 2.331606966400800e-1 -4.045084971874737e-1
-2.078134688887267e-1 2.078134688887268e-1 -4.045084971874737e-1
-2.331606966400800e-1 1.789104950679088e-1 -4.045084971874737e-1
-2.545184802275637e-1 1.469463130731183e-1 -4.045084971874737e-1
-2.715213820524995e-1 1.124678389204320e-1 -4.045084971874737e-1
-2.838784777505678e-1 7.606500886184116e-2 -4.045084971874737e-1
-2.913783339883407e-1 3.836068541241956e-2 -4.045084971874737e-1
-2.938926261462366e-1 3.599146639029984e-17 -4.045084971874737e-1
-2.913783339883407e-1 -3.836068541241949e-2 -4.045084971874737e-1
-2.838784777505678e-1 -7.606500886184110e-2 -4.045084971874737e-1
-2.715213820524995e-1 -1.124678389204319e-1 -4.045084971874737e-1
-2.545184802275637e-1 -1.469463130731182e-1 -4.045084971874737e-1
-2.331606966400800e-1 -1.789104950679087e-1 -4.045084971874737e-1
-2.078134688887269e-1 -2.078134688887266e-1 -4.045084971874737e-1
-1.789104950679088e-1 -2.331606966400800e-1 -4.045084971874737e-1
-1.469463130731185e-1 -2.545184802275636e-1 -4.045084971874737e-1
-1.124678389204319e-1 -2.715213820524995e-1 -4.045084971874737e-1
-7.606500886184105e-2 -2.838784777505678e-1 -4.045084971874737e-1
-3.836068541241945e-2 -2.913783339883407e-1 -4.045084971874737e-1
-5.398719958544976e-17 -2.938926261462366e-1 -4.045084971874737e-1
3.836068541241935e-2 -2.913783339883407e-1 -4.045084971874737e-1
7.606500886184095e-2 -2.838784777505679e-1 -4.045084971874737e-1
1.124678389204318e-1 -2.715213820524995e-1 -4.045084971874737e-1
1.469463130731183e-1 -2.545184802275636e-1 -4.045084971874737e-1
1.789104950679085e-1 -2.331606966400802e-1 -4.045084971874737e-1
2.078134688887267e-1 -2.078134688887268e-1 -4.045084971874737e-1
2.331606966400800e-1 -1.789104950679088e-1 -4.045084971874737e-1
2.545184802275636e-1 -1.469463130731185e-1 -4.045084971874737e-1
2.715213820524995e-1 -1.124678389204319e-1 -4.045084971874737e-1
2.838784777505678e-1 -7.606500886184132e-2 -4.045084971874737e-1
2.913783339883407e-1 -3.836068541241947e-2 -4.045084971874737e-1
2.408768370508576e-1 0.000000000000000e0 -4.381533400219318e-1
2.388161023180494e-1 3.144073633425828e-2 -4.381533400219318e-1
2.326691578622469e-1 6.234351295281845e-2 -4.381533400219318e-1
2.225411796073437e-1 9.217957477986861e-2 -4.381533400219318e-1
2.086054600692874e-1 1.204384185254288e-1 -4.381533400219318e-1
1.911004432730854e-1 1.466365275381808e-1 -4.381533400219318e-1
1.703256449094284e-1 1.703256449094284e-1 -4.381533400219318e-1
1.466365275381808e-1 1.911004432730854e-1 -4.381533400219318e-1
1.204384185254288e-1 2.086054600692874e-1 -4.381533400219318e-1
9.217957477986863e-2 2.225411796073437e-1 -4.381533400219318e-1
6.234351295281845e-2 2.326691578622469e-1 -4.381533400219318e-1
3.144073633425831e-2 2.388161023180494e-1 -4.381533400219318e-1
1.474945237415357e-17 2.408768370508576e-1 -4.381533400219318e-1
-3.144073633425828e-2 2.388161023180494e-1 -4.381533400219318e-1
-6.234351295281843e-2 2.326691578622469e-1 -4.381533400219318e-1
-9.217957477986856e-2 2.225411796073437e-1 -4.381533400219318e-1
-1.204384185254287e-1 2.086054600692874e-1 -4.381533400219318e-1
-1.466365275381808e-1 1.911004432730854e-1 -4.381533400219318e-1
-1.703256449094284e-1 1.703256449094284e-1 -4.381533400219318e-1
-1.911004432730854e-1 1.466365275381809e-1 -4.381533400219318e-1
-2.086054600692874e-1 1.204384185254288e-1 -4.381533400219318e-1
-2.225411796073437e-1 9.217957477986864e-2 -4.381533400219318e-1
-2.326691578622469e-1 6.234351295281852e-2 -4.381533400219318e-1
-2.388161023180494e-1 3.144073633425838e-2 -4.381533400219318e-1
-2.408768370508576e-1 2.949890474830714e-17 -4.381533400219318e-1
-2.388161023180494e-1 -3.144073633425833e-2 -4.381533400219318e-1
-2.326691578622469e-1 -6.234351295281847e-2 -4.381533400219318e-1
-2.225411796073437e-1 -9.217957477986859e-2 -4.381533400219318e-1
-2.086054600692874e-1 -1.204384185254287e-1 -4.381533400219318e-1
-1.911004432730854e-1 -1.466365275381808e-1 -4.381533400219318e-1
-1.703256449094285e-1 -1.703256449094283e-1 -4.381533400219318e-1
-1.466365275381809e-1 -1.911004432730854e-1 -4.381533400219318e-1
-1.204384185254289e-1 -2.086054600692873e-1 -4.381533400219318e-1
-9.217957477986856e-2 -2.225411796073437e-1 -4.381533400219318e-1
-6.234351295281843e-2 -2.326691578622469e-1 -4.381533400219318e-1
-3.144073633425829e-2 -2.388161023180494e-1 -4.381533400219318e-1
-4.424835712246070e-17 -2.408768370508576e-1 -4.381533400219318e-1
3.144073633425821e-2 -2.388161023180495e-1 -4.381533400219318e-1
6.234351295281835e-2 -2.326691578622469e-1 -4.381533400219318e-1
9.217957477986848e-2 -2.225411796073438e-1 -4.381533400219318e-1
1.204384185254288e-1 -2.086054600692874e-1 -4.381533400219318e-1
1.466365275381806e-1 -1.911004432730856e-1 -4.381533400219318e-1
1.703256449094284e-1 -1.703256449094285e-1 -4.381533400219318e-1
1.911004432730854e-1 -1.466365275381809e-1 -4.381533400219318e-1
2.086054600692873e-1 -1.204384185254289e-1 -4.381533400219318e-1
2.225411796073437e-1 -9.217957477986856e-2 -4.381533400219318e-1
2.326691578622468e-1 -6.234351295281865e-2 -4.381533400219318e-1
2.388161023180494e-1 -3.144073633425831e-2 -4.381533400219318e-1
1.840622763423391e-1 0.000000000000000e0 -4.648882429441257e-1
1.824875980523783e-1 2.402494806232040e-2 -4.648882429441257e-1
1.777905063646207e-1 4.763882260232049e-2 -4.648882429441257e-1
1.700513698201235e-1 7.043758367961798e-2 -4.648882429441257e-1
1.594026071908571e-1 9.203113817116952e-2 -4.648882429441257e-1
1.460264217578031e-1 1.120500143727604e-1 -4.648882429441257e-1
1.301516837623002e-1 1.301516837623002e-1 -4.648882429441257e-1
1.120500143727604e-1 1.460264217578031e-1 -4.648882429441257e-1
9.203113817116955e-2 1.594026071908571e-1 -4.648882429441257e-1
7.043758367961798e-2 1.700513698201235e-1 -4.648882429441257e-1
4.763882260232049e-2 1.777905063646207e-1 -4.648882429441257e-1
2.402494806232043e-2 1.824875980523783e-1 -4.648882429441257e-1
1.127056387832106e-17 1.840622763423391e-1 -4.648882429441257e-1
-2.402494806232041e-2 1.824875980523783e-1 -4.648882429441257e-1
-4.763882260232047e-2 1.777905063646207e-1 -4.648882429441257e-1
-7.043758367961793e-2 1.700513698201235e-1 -4.648882429441257e-1
-9.203113817116949e-2 1.594026071908571e-1 -4.648882429441257e-1
-1.120500143727604e-1 1.460264217578031e-1 -4.648882429441257e-1
-1.301516837623002e-1 1.301516837623002e-1 -4.648882429441257e-1
-1.460264217578031e-1 1.120500143727604e-1 -4.648882429441257e-1
-1.594026071908571e-1 9.203113817116952e-2 -4.648882429441257e-1
-1.700513698201235e-1 7.043758367961800e-2 -4.648882429441257e-1
-1.777905063646207e-1 4.763882260232054e-2 -4.648882429441257e-1
-1.824875980523783e-1 2.402494806232048e-2 -4.648882429441257e-1
-1.840622763423391e-1 2.254112775664211e-17 -4.648882429441257e-1
-1.824875980523783e-1 -2.402494806232044e-2 -4.648882429441257e-1
-1.777905063646207e-1 -4.763882260232050e-2 -4.648882429441257e-1
-1.700513698201235e-1 -7.043758367961796e-2 -4.648882429441257e-1
-1.594026071908572e-1 -9.203113817116948e-2 -4.648882429441257e-1
-1.460264217578031e-1 -1.120500143727604e-1 -4.648882429441257e-1
-1.301516837623003e-1 -1.301516837623001e-1 -4.648882429441257e-1
-1.120500143727604e-1 -1.460264217578031e-1 -4.648882429441257e-1
-9.203113817116962e-2 -1.594026071908571e-1 -4.648882429441257e-1
-7.043758367961793e-2 -1.700513698201235e-1 -4.648882429441257e-1
-4.763882260232047e-2 -1.777905063646207e-1 -4.648882429441257e-1
-2.402494806232041e-2 -1.824875980523783e-1 -4.648882429441257e-1
-3.381169163496317e-17 -1.840622763423391e-1 -4.648882429441257e-1
2.402494806232034e-2 -1.824875980523784e-1 -4.648882429441257e-1
4.763882260232041e-2 -1.777905063646207e-1 -4.648882429441257e-1
7.043758367961786e-2 -1.700513698201235e-1 -4.648882429441257e-1
9.203113817116955e-2 -1.594026071908571e-1 -4.648882429441257e-1
1.120500143727602e-1 -1.460264217578032e-1 -4.648882429441257e-1
1.301516837623002e-1 -1.301516837623002e-1 -4.648882429441257e-1
1.460264217578031e-1 -1.120500143727604e-1 -4.648882429441257e-1
1.594026071908571e-1 -9.203113817116962e-2 -4.648882429441257e-1
1.700513698201235e-1 -7.043758367961794e-2 -4.648882429441257e-1
1.777905063646207e-1 -4.763882260232064e-2 -4.648882429441257e-1
1.824875980523783e-1 -2.402494806232042e-2 -4.648882429441257e-1
1.243449435824276e-1 0.000000000000000e0 -4.842915805643155e-1
1.232811553526142e-1 1.623027200763142e-2 -4.842915805643155e-1
1.201079923747240e-1 3.218283956133073e-2 -4.842915805643155e-1
1.148797483470756e-1 4.758474980736684e-2 -4.842915805643155e-1
1.076858799745251e-1 6.217247179121380e-2 -4.842915805643155e-1
9.864947633944414e-2 7.569640554524738e-2 -4.842915805643155e-1
8.792515281339325e-2 8.792515281339325e-2 -4.842915805643155e-1
7.569640554524738e-2 9.864947633944414e-2 -4.842915805643155e-1
6.217247179121382e-2 1.076858799745251e-1 -4.842915805643155e-1
4.758474980736685e-2 1.148797483470756e-1 -4.842915805643155e-1
3.218283956133073e-2 1.201079923747240e-1 -4.842915805643155e-1
1.623027200763143e-2 1.232811553526142e-1 -4.842915805643155e-1
7.613931857418911e-18 1.243449435824276e-1 -4.842915805643155e-1
-1.623027200763142e-2 1.232811553526142e-1 -4.842915805643155e-1
-3.218283956133072e-2 1.201079923747240e-1 -4.842915805643155e-1
-4.758474980736681e-2 1.148797483470756e-1 -4.842915805643155e-1
-6.217247179121378e-2 1.076858799745251e-1 -4.842915805643155e-1
-7.569640554524738e-2 9.864947633944414e-2 -4.842915805643155e-1
-8.792515281339323e-2 8.792515281339325e-2 -4.842915805643155e-1
-9.864947633944413e-2 7.569640554524741e-2 -4.842915805643155e-1
-1.076858799745251e-1 6.217247179121380e-2 -4.842915805643155e-1
-1.148797483470756e-1 4.758474980736686e-2 -4.842915805643155e-1
-1.201079923747240e-1 3.218283956133076e-2 -4.842915805643155e-1
-1.232811553526142e-1 1.623027200763147e-2 -4.842915805643155e-1
-1.243449435824276e-1 1.522786371483782e-17 -4.842915805643155e-1
-1.232811553526142e-1 -1.623027200763144e-2 -4.842915805643155e-1
-1.201079923747240e-1 -3.218283956133074e-2 -4.842915805643155e-1
-1.148797483470756e-1 -4.758474980736683e-2 -4.842915805643155e-1
-1.076858799745251e-1 -6.217247179121378e-2 -4.842915805643155e-1
-9.864947633944414e-2 -7.569640554524738e-2 -4.842915805643155e-1
-8.792515281339329e-2 -8.792515281339319e-2 -4.842915805643155e-1
-7.569640554524741e-2 -9.864947633944411e-2 -4.842915805643155e-1
-6.217247179121387e-2 -1.076858799745251e-1 -4.842915805643155e-1
-4.758474980736681e-2 -1.148797483470756e-1 -4.842915805643155e-1
-3.218283956133072e-2 -1.201079923747240e-1 -4.842915805643155e-1
-1.623027200763142e-2 -1.232811553526142e-1 -4.842915805643155e-1
-2.284179557225673e-17 -1.243449435824276e-1 -4.842915805643155e-1
1.623027200763138e-2 -1.232811553526142e-1 -4.842915805643155e-1
3.218283956133067e-2 -1.201079923747240e-1 -4.842915805643155e-1
4.758474980736677e-2 -1.148797483470756e-1 -4.842915805643155e-1
6.217247179121382e-2 -1.076858799745251e-1 -4.842915805643155e-1
7.569640554524729e-2 -9.864947633944421e-2 -4.842915805643155e-1
8.792515281339322e-2 -8.792515281339326e-2 -4.842915805643155e-1
9.864947633944411e-2 -7.569640554524742e-2 -4.842915805643155e-1
1.076858799745251e-1 -6.217247179121387e-2 -4.842915805643155e-1
1.148797483470756e-1 -4.758474980736681e-2 -4.842915805643155e-1
1.201079923747240e-1 -3.218283956133083e-2 -4.842915805643155e-1
1.232811553526142e-1 -1.623027200763143e-2 -4.842915805643155e-1
6.266661678215227e-2 0.000000000000000e0 -4.960573506572389e-1
6.213049518834665e-2 8.179634867887517e-3 -4.960573506572389e-1
6.053130359604082e-2 1.621931391536225e-2 -4.960573506572389e-1
5.789640461675880e-2 2.398147600490177e-2 -4.960573506572389e-1
5.427088210256810e-2 3.133330839107613e-2 -4.960573506572389e-1
4.971676974887128e-2 3.814901918344489e-2 -4.960573506572389e-1
4.431198968067857e-2 4.431198968067857e-2 -4.960573506572389e-1
3.814901918344489e-2 4.971676974887128e-2 -4.960573506572389e-1
3.133330839107614e-2 5.427088210256809e-2 -4.960573506572389e-1
2.398147600490177e-2 5.789640461675880e-2 -4.960573506572389e-1
1.621931391536225e-2 6.053130359604082e-2 -4.960573506572389e-1
8.179634867887526e-3 6.213049518834665e-2 -4.960573506572389e-1
3.837223582782829e-18 6.266661678215227e-2 -4.960573506572389e-1
-8.179634867887519e-3 6.213049518834665e-2 -4.960573506572389e-1
-1.621931391536224e-2 6.053130359604082e-2 -4.960573506572389e-1
-2.398147600490175e-2 5.789640461675880e-2 -4.960573506572389e-1
-3.133330839107612e-2 5.427088210256810e-2 -4.960573506572389e-1
-3.814901918344489e-2 4.971676974887128e-2 -4.960573506572389e-1
-4.431198968067857e-2 4.431198968067857e-2 -4.960573506572389e-1
-4.971676974887127e-2 3.814901918344490e-2 -4.960573506572389e-1
-5.427088210256810e-2 3.133330839107613e-2 -4.960573506572389e-1
-5.789640461675880e-2 2.398147600490178e-2 -4.960573506572389e-1
-6.053130359604082e-2 1.621931391536227e-2 -4.960573506572389e-1
-6.213049518834665e-2 8.179634867887543e-3 -4.960573506572389e-1
-6.266661678215227e-2 7.674447165565658e-18 -4.960573506572389e-1
-6.213049518834665e-2 -8.179634867887529e-3 -4.960573506572389e-1
-6.053130359604082e-2 -1.621931391536225e-2 -4.960573506572389e-1
-5.789640461675880e-2 -2.398147600490176e-2 -4.960573506572389e-1
-5.427088210256811e-2 -3.133330839107611e-2 -4.960573506572389e-1
-4.971676974887128e-2 -3.814901918344489e-2 -4.960573506572389e-1
-4.431198968067859e-2 -4.431198968067854e-2 -4.960573506572389e-1
-3.814901918344490e-2 -4.971676974887126e-2 -4.960573506572389e-1
-3.133330839107616e-2 -5.427088210256809e-2 -4.960573506572389e-1
-2.398147600490175e-2 -5.789640461675880e-2 -4.960573506572389e-1
-1.621931391536224e-2 -6.053130359604082e-2 -4.960573506572389e-1
-8.179634867887520e-3 -6.213049518834665e-2 -4.960573506572389e-1
-1.151167074834849e-17 -6.266661678215227e-2 -4.960573506572389e-1
8.179634867887498e-3 -6.213049518834666e-2 -4.960573506572389e-1
1.621931391536222e-2 -6.053130359604083e-2 -4.960573506572389e-1
2.398147600490173e-2 -5.789640461675881e-2 -4.960573506572389e-1
3.133330839107614e-2 -5.427088210256809e-2 -4.960573506572389e-1
3.814901918344484e-2 -4.971676974887131e-2 -4.960573506572389e-1
4.431198968067856e-2 -4.431198968067858e-2 -4.960573506572389e-1
4.971676974887126e-2 -3.814901918344491e-2 -4.960573506572389e-1
5.427088210256808e-2 -3.133330839107616e-2 -4.960573506572389e-1
5.789640461675880e-2 -2.398147600490175e-2 -4.960573506572389e-1
6.053130359604081e-2 -1.621931391536230e-2 -4.960573506572389e-1
6.213049518834665e-2 -8.179634867887524e-3 -4.960573506572389e-1
$EndNodes
$Elements
1 2304 1 2304
2 1 2 2304
1 1 3 4
2 1 4 5
3 1 5 6
4 1 6 7
5 1 7 8
6 1 8 9
7 1 9 10
8 1 10 11
9 1 11 12
10 1 12 13
11 1 13 14
12 1 14 15
13 1 15 16
14 1 16 17
15 1 17 18
16 1 18 19
17 1 19 20
18 1 20 21
19 1 21 22
20 1 22 23
21 1 23 24
22 1 24 25
23 1 25 26
24 1 26 27
25 1 27 28
26 1 28 29
27 1 29 30
28 1 30 31
29 1 31 32
30 1 32 33
31 1 33 34
32 1 34 35
33 1 35 36
34 1 36 37
35 1 37 38
36 1 38 39
37 1 39 40
38 1 40 41
39 1 41 42
40 1 42 43
41 1 43 44
42 1 44 45
43 1 45 46
44 1 46 47
45 1 47 48
46 1 48 49
47 1 49 50
48 1 50 3
49 3 51 52
50 3 52 4
51 4 52 53
52 4 53 5
53 5 53 54
54 5 54 6
55 6 54 55
56 6 55 7
57 7 55 56
58 7 56 8
59 8 56 57
60 8 57 9
61 9 57 58
62 9 58 10
63 10 58 59
64 10 59 11
65 11 59 60
66 11 60 12
67 12 60 61
68 12 61 13
69 13 61 62
70 13 62 14
71 14 62 63
72 14 63 15
73 15 63 64
74 15 64 16
75 16 64 65
76 16 65 17
77 17 65 66
78 17 66 18
79 18 66 67
80 18 67 19
81 19 67 68
82 19 68 20
83 20 68 69
84 20 69 21
85 21 69 70
86 21 70 22
87 22 70 71
88 22 71 23
89 23 71 72
90 23 72 24
91 24 72 73
92 24 73 25
93 25 73 74
94 25 74 26
95 26 74 75
96 26 75 27
97 27 75 76
98 27 76 28
99 28 76 77
100 28 77 29
101 29 77 78
102 29 78 30
103 30 78 79
104 30 79 31
105 31 79 80
106 31 80 32
107 32 80 81
108 32 81 33
109 33 81 82
110 33 82 34
111 34 82 83
112 34 83 35
113 35 83 84
114 35 84 36
115 36 84 85
116 36 85 37
117 37 85 86
118 37 86 38
119 38 86 87
120 38 87 39
121 39 87 88
122 39 88 40
123 40 88 89
124 40 89 41
125 41 89 90
126 41 90 42
127 42 90 91
128 42 91 43
129 43 91 92
130 43 92 44
131 44 92 93
132 44 93 45
133 45 93 94
134 45 94 46
135 46 94 95
136 46 95 47
137 47 95 96
138 47 96 48
139 48 96 97
140 48 97 49
141 49 97 98
142 49 98 50
143 50 98 51
144 50 51 3
145 51 99 100
146 51 100 52
147 52 100 101
148 52 101 53
149 53 101 102
150 53 102 54
151 54 102 103
152 54 103 55
153 55 103 104
154 55 104 56
155 56 104 105
156 56 105 57
157 57 105 106
158 57 106 58
159 58 106 107
160 58 107 59
161 59 107 108
162 59 108 60
163 60 108 109
164 60 109 61
165 61 109 110
166 61 110 62
167 62 110 111
168 62 111 63
169 63 111 112
170 63 112 64
171 64 112 113
172 64 113 65
173 65 113 114
174 65 114 66
175 66 114 115
176 66 115 67
177 67 115 116
178 67 116 68
179 68 116 117
180 68 117 69
181 69 117 118
182 69 118 70
183 70 118 119
184 70 119 71
185 71 119 120
186 71 120 72
187 72 120 121
188 72 121 73
189 73 121 122
190 73 122 74
191 74 122 123
192 74 123 75
193 75 123 124
194 75 124 76
195 76 124 125
196 76 125 77
197 77 125 126
198 77 126 78
199 78 126 127
200 78 127 79
201 79 127 128
202 79 128 80
203 80 128 129
204 80 129 81
205 81 129 130
206 81 130 82
207 82 130 131
208 82 131 83
209 83 131 132
210 83 132 84
211 84 132 133
212 84 133 85
213 85 133 134
214 85 134 86
215 86 134 135
216 86 135 87
217 87 135 136
218 87 136 88
219 88 136 137
220 88 137 89
221 89 137 138
222 89 138 90
223 90 138 139
224 90 139 91
225 91 139 140
226 91 140 92
227 92 140 141
228 92 141 93
229 93 141 142
230 93 142 94
231 94 142 143
232 94 143 95
233 95 143 144
234 95 144 96
235 96 144 145
236 96 145 97
237 97 145 146
238 97 146 98
239 98 146 99
240 98 99 51
241 99 147 148
242 99 148 100
243 100 148 149
244 100 149 101
245 101 149 150
246 101 150 102
247 102 150 151
248 102 151 103
249 103 151 152
250 103 152 104
251 104 152 153
252 104 153 105
253 105 153 154
254 105 154 106
255 106 154 155
256 106 155 107
257 107 155 156
258 107 156 108
259 108 156 157
260 108 157 109
261 109 157 158
262 109 158 110
263 110 158 159
264 110 159 111
265 111 159 160
266 111 160 112
267 112 160 161
268 112 161 113
269 113 161 162
270 113 162 114
271 114 162 163
272 114 163 115
273 115 163 164
274 115 164 116
275 116 164 165
276 116 165 117
277 117 165 166
278 117 166 118
279 118 166 167
280 118 167 119
281 119 167 168
282 119 168 120
283 120 168 169
284 120 169 121
285 121 169 170
286 121 170 122
287 122 170 171
288 122 171 123
289 123 171 172
290 123 172 124
291 124 172 173
292 124 173 125
293 125 173 174
294 125 174 126
295 126 174 175
296 126 175 127
297 127 175 176
298 127 176 128
299 128 176 177
300 128 177 129
301 129 177 178
302 129 178 130
303 130 178 179
304 130 179 131
305 131 179 180
306 131 180 132
307 132 180 181
308 132 181 133
309 133 181 182
310 133 182 134
311 134 182 183
312 134 183 135
313 135 183 184
314 135 184 136
315 136 184 185
316 136 185 137
317 137 185 186
318 137 186 138
319 138 186 187
320 138 187 139
321 139 187 188
322 139 188 140
323 140 188 189
324 140 189 141
325 141 189 190
326 141 190 142
327 142 190 191
328 142 191 143
329 143 191 192
330 143 192 144
331 144 192 193
332 144 193 145
333 145 193 194
334 145 194 146
335 146 194 147
336 146 147 99
337 147 195 196
338 147 196 148
339 148 196 197
340 148 197 149
341 149 197 198
342 149 198 150
343 150 198 199
344 150 199 151
345 151 199 200
346 151 200 152
347 152 200 201
348 152 201 153
349 153 201 202
350 153 202 154
351 154 202 203
352 154 203 155
353 155 203 204
354 155 204 156
355 156 204 205
356 156 205 157
357 157 205 206
358 157 206 158
359 158 206 207
360 158 207 159
361 159 207 208
362 159 208 160
363 160 208 209
364 160 209 161
365 161 209 210
366 161 210 162
367 162 210 211
368 162 211 163
369 163 211 212
370 163 212 164
371 164 212 213
372 164 213 165
373 165 213 214
374 165 214 166
375 166 214 215
376 166 215 167
377 167 215 216
378 167 216 168
379 168 216 217
380 168 217 169
381 169 217 218
382 169 218 170
383 170 218 219
384 170 219 171
385 171 219 220
386 171 220 172
387 172 220 221
388 172 221 173
389 173 221 222
390 173 222 174
391 174 222 223
392 174 223 175
393 175 223 224
394 175 224 176
395 176 224 225
396 176 225 177
397 177 225 226
398 177 226 178
399 178 226 227
400 178 227 179
401 179 227 228
402 179 228 180
403 180 228 229
404 180 229 181
405 181 229 230
406 181 230 182
407 182 230 231
408 182 231 183
409 183 231 232
410 183 232 184
411 184 232 233
412 184 233 185
413 185 233 234
414 185 234 186
415 186 234 235
416 186 235 187
417 187 235 236
418 187 236 188
419 188 236 237
420 188 237 189
421 189 237 238
422 189 238 190
423 190 238 239
424 190 239 191
425 191 239 240
426 191 240 192
427 192 240 241
428 192 241 193
429 193 241 242
430 193 242 194
431 194 242 195
432 194 195 147
433 195 243 244
434 195 244 196
435 196 244 245
436 196 245 197
437 197 245 246
438 197 246 198
439 198 246 247
440 198 247 199
441 199 247 248
442 199 248 200
443 200 248 249
444 200 249 201
445 201 249 250
446 201 250 202
447 202 250 251
448 202 251 203
449 203 251 252
450 203 252 204
451 204 252 253
452 204 253 205
453 205 253 254
454 205 254 206
455 206 254 255
456 206 255 207
457 207 255 256
458 207 256 208
459 208 256 257
460 208 257 209
461 209 257 258
462 209 258 210
463 210 258 259
464 210 259 211
465 211 259 260
466 211 260 212
467 212 260 261
468 212 261 213
469 213 261 262
470 213 262 214
471 214 262 263
472 214 263 215
473 215 263 264
474 215 264 216
475 216 264 265
476 216 265 217
477 217 265 266
478 217 266 218
479 218 266 267
480 218 267 219
481 219 267 268
482 219 268 220
483 220 268 269
484 220 269 221
485 221 269 270
486 221 270 222
487 222 270 271
488 222 271 223
489 223 271 272
490 223 272 224
491 224 272 273
492 224 273 225
493 225 273 274
494 225 274 226
495 226 274 275
496 226 275 227
497 227 275 276
498 227 276 228
499 228 276 277
500 228 277 229
501 229 277 278
502 229 278 230
503 230 278 279
504 230 279 231
505 231 279 280
506 231 280 232
507 232 280 281
508 232 281 233
509 233 281 282
510 233 282 234
511 234 282 283
512 234 283 235
513 235 283 284
514 235 284 236
515 236 284 285
516 236 285 237
517 237 285 286
518 237 286 238
519 238 286 287
520 238 287 239
521 239 287 288
522 239 288 240
523 240 288 289
524 240 289 241
525 241 289 290
526 241 290 242
527 242 290 243
528 242 243 195
529 243 291 292
530 243 292 244
531 244 292 293
532 244 293 245
533 245 293 294
534 245 294 246
535 246 294 295
536 246 295 247
537 247 295 296
538 247 296 248
539 248 296 297
540 248 297 249
541 249 297 298
542 249 298 250
543 250 298 299
544 250 299 251
545 251 299 300
546 251 300 252
547 252 300 301
548 252 301 253
549 253 301 302
550 253 302 254
551 254 302 303
552 254 303 255
553 255 303 304
554 255 304 256
555 256 304 305
556 256 305 257
557 257 305 306
558 257 306 258
559 258 306 307
560 258 307 259
561 259 307 308
562 259 308 260
563 260 308 309
564 260 309 261
565 261 309 310
566 261 310 262
567 262 310 311
568 262 311 263
569 263 311 312
570 263 312 264
571 264 312 313
572 264 313 265
573 265 313 314
574 265 314 266
575 266 314 315
576 266 315 267
577 267 315 316
578 267 316 268
579 268 316 317
580 268 317 269
581 269 317 318
582 269 318 270
583 270 318 319
584 270 319 271
585 271 319 320
586 271 320 272
587 272 320 321
588 272 321 273
589 273 321 322
590 273 322 274
591 274 322 323
592 274 323 275
593 275 323 324
594 275 324 276
595 276 324 325
596 276 325 277
597 277 325 326
598 277 326 278
599 278 326 327
600 278 327 279
601 279 327 328
602 279 328 280
603 280 328 329
604 280 329 281
605 281 329 330
606 281 330 282
607 282 330 331
608 282 331 283
609 283 331 332
610 283 332 284
611 284 332 333
612 284 333 285
613 285 333 334
614 285 334 286
615 286 334 335
616 286 335 287
617 287 335 336
618 287 336 288
619 288 336 337
620 288 337 289
621 289 337 338
622 289 338 290
623 290 338 291
624 290 291 243
625 291 339 340
626 291 340 292
627 292 340 341
628 292 341 293
629 293 341 342
630 293 342 294
631 294 342 343
632 294 343 295
633 295 343 344
634 295 344 296
635 296 344 345
636 296 345 297
637 297 345 346
638 297 346 298
639 298 346 347
640 298 347 299
641 299 347 348
642 299 348 300
643 300 348 349
644 300 349 301
645 301 349 350
646 301 350 302
647 302 350 351
648 302 351 303
649 303 351 352
650 303 352 304
651 304 352 353
652 304 353 305
653 305 353 354
654 305 354 306
655 306 354 355
656 306 355 307
657 307 355 356
658 307 356 308
659 308 356 357
660 308 357 309
661 309 357 358
662 309 358 310
663 310 358 359
664 310 359 311
665 311 359 360
666 311 360 312
667 312 360 361
668 312 361 313
669 313 361 362
670 313 362 314
671 314 362 363
672 314 363 315
673 315 363 364
674 315 364 316
675 316 364 365
676 316 365 317
677 317 365 366
678 317 366 318
679 318 366 367
680 318 367 319
681 319 367 368
682 319 368 320
683 320 368 369
684 320 369 321
685 321 369 370
686 321 370 322
687 322 370 371
688 322 371 323
689 323 371 372
690 323 372 324
691 324 372 373
692 324 373 325
693 325 373 374
694 325 374 326
695 326 374 375
696 326 375 327
697 327 375 376
698 327 376 328
699 328 376 377
700 328 377 329
701 329 377 378
702 329 378 330
703 330 378 379
704 330 379 331
705 331 379 380
706 331 380 332
707 332 380 381
708 332 381 333
709 333 381 382
710 333 382 334
711 334 382 383
712 334 383 335
713 335 383 384
714 335 384 336
715 336 384 385
716 336 385 337
717 337 385 386
718 337 386 338
719 338 386 339
720 338 339 291
721 339 387 388
722 339 388 340
723 340 388 389
724 340 389 341
725 341 389 390
726 341 390 342
727 342 390 391
728 342 391 343
729 343 391 392
730 343 392 344
731 344 392 393
732 344 393 345
733 345 393 394
734 345 394 346
735 346 394 395
736 346 395 347
737 347 395 396
738 347 396 348
739 348 396 397
740 348 397 349
741 349 397 398
742 349 398 350
743 350 398 399
744 350 399 351
745 351 399 400
746 351 400 352
747 352 400 401
748 352 401 353
749 353 401 402
750 353 402 354
751 354 402 403
752 354 403 355
753 355 403 404
754 355 404 356
755 356 404 405
756 356 405 357
757 357 405 406
758 357 406 358
759 358 406 407
760 358 407 359
761 359 407 408
762 359 408 360
763 360 408 409
764 360 409 361
765 361 409 410
766 361 410 362
767 362 410 411
768 362 411 363
769 363 411 412
770 363 412 364
771 364 412 413
772 364 413 365
773 365 413 414
774 365 414 366
775 366 414 415
776 366 415 367
777 367 415 416
778 367 416 368
779 368 416 417
780 368 417 369
781 369 417 418
782 369 418 370
783 370 418 419
784 370 419 371
785 371 419 420
786 371 420 372
787 372 420 421
788 372 421 373
789 373 421 422
790 373 422 374
791 374 422 423
792 374 423 375
793 375 423 424
794 375 424 376
795 376 424 425
796 376 425 377
797 377 425 426
798 377 426 378
799 378 426 427
800 378 427 379
801 379 427 428
802 379 428 380
803 380 428 429
804 380 429 381
805 381 429 430
806 381 430 382
807 382 430 431
808 382 431 383
809 383 431 432
810 383 432 384
811 384 432 433
812 384 433 385
813 385 433 434
814 385 434 386
815 386 434 387
816 386 387 339
817 387 435 436
818 387 436 388
819 388 436 437
820 388 437 389
821 389 437 438
822 389 438 390
823 390 438 439
824 390 439 391
825 391 439 440
826 391 440 392
827 392 440 441
828 392 441 393
829 393 441 442
830 393 442 394
831 394 442 443
832 394 443 395
833 395 443 444
834 395 444 396
835 396 444 445
836 396 445 397
837 397 445 446
838 397 446 398
839 398 446 447
840 398 447 399
841 399 447 448
842 399 448 400
843 400 448 449
844 400 449 401
845 401 449 450
846 401 450 402
847 402 450 451
848 402 451 403
849 403 451 452
850 403 452 404
851 404 452 453
852 404 453 405
853 405 453 454
854 405 454 406
855 406 454 455
856 406 455 407
857 407 455 456
858 407 456 408
859 408 456 457
860 408 457 409
861 409 457 458
862 409 458 410
863 410 458 459
864 410 459 411
865 411 459 460
866 411 460 412
867 412 460 461
868 412 461 413
869 413 461 462
870 413 462 414
871 414 462 463
872 414 463 415
873 415 463 464
874 415 464 416
875 416 464 465
876 416 465 417
877 417 465 466
878 417 466 418
879 418 466 467
880 418 467 419
881 419 467 468
882 419 468 420
883 420 468 469
884 420 469 421
885 421 469 470
886 421 470 422
887 422 470 471
888 422 471 423
889 423 471 472
890 423 472 424
891 424 472 473
892 424 473 425
893 425 473 474
894 425 474 426
895 426 474 475
896 426 475 427
897 427 475 476
898 427 476 428
899 428 476 477
900 428 477 429
901 429 477 478
902 429 478 430
903 430 478 479
904 430 479 431
905 431 479 480
906 431 480 432
907 432 480 481
908 432 481 433
909 433 481 482
910 433 482 434
911 434 482 435
912 434 435 387
913 435 483 484
914 435 484 436
915 436 484 485
916 436 485 437
917 437 485 486
918 437 486 438
919 438 486 487
920 438 487 439
921 439 487 488
922 439 488 440
923 440 488 489
924 440 489 441
925 441 489 490
926 441 490 442
927 442 490 491
928 442 491 443
929 443 491 492
930 443 492 444
931 444 492 493
932 444 493 445
933 445 493 494
934 445 494 446
935 446 494 495
936 446 495 447
937 447 495 496
938 447 496 448
939 448 496 497
940 448 497 449
941 449 497 498
942 449 498 450
943 450 498 499
944 450 499 451
945 451 499 500
946 451 500 452
947 452 500 501
948 452 501 453
949 453 501 502
950 453 502 454
951 454 502 503
952 454 503 455
953 455 503 504
954 455 504 456
955 456 504 505
956 456 505 457
957 457 505 506
958 457 506 458
959 458 506 507
960 458 507 459
961 459 507 508
962 459 508 460
963 460 508 509
964 460 509 461
965 461 509 510
966 461 510 462
967 462 510 511
968 462 511 463
969 463 511 512
970 463 512 464
971 464 512 513
972 464 513 465
973 465 513 514
974 465 514 466
975 466 514 515
976 466 515 467
977 467 515 516
978 467 516 468
979 468 516 517
980 468 517 469
981 469 517 518
982 469 518 470
983 470 518 519
984 470 519 471
985 471 519 520
986 471 520 472
987 472 520 521
988 472 521 473
989 473 521 522
990 473 522 474
991 474 522 523
992 474 523 475
993 475 523 524
994 475 524 476
995 476 524 525
996 476 525 477
997 477 525 526
998 477 526 478
999 478 526 527
1000 478 527 479
1001 479 527 528
1002 479 528 480
1003 480 528 529
1004 480 529 481
1005 481 529 530
1006 481 530 482
1007 482 530 483
1008 482 483 435
1009 483 531 532
1010 483 532 484
1011 484 532 533
1012 484 533 485
1013 485 533 534
1014 485 534 486
1015 486 534 535
1016 486 535 487
1017 487 535 536
1018 487 536 488
1019 488 536 537
1020 488 537 489
1021 489 537 538
1022 489 538 490
1023 490 538 539
1024 490 539 491
1025 491 539 540
1026 491 540 492
1027 492 540 541
1028 492 541 493
1029 493 541 542
1030 493 542 494
1031 494 542 543
1032 494 543 495
1033 495 543 544
1034 495 544 496
1035 496 544 545
1036 496 545 497
1037 497 545 546
1038 497 546 498
1039 498 546 547
1040 498 547 499
1041 499 547 548
1042 499 548 500
1043 500 548 549
1044 500 549 501
1045 501 549 550
1046 501 550 502
1047 502 550 551
1048 502 551 503
1049 503 551 552
1050 503 552 504
1051 504 552 553
1052 504 553 505
1053 505 553 554
1054 505 554 506
1055 506 554 555
1056 506 555 507
1057 507 555 556
1058 507 556 508
1059 508 556 557
1060 508 557 509
1061 509 557 558
1062 509 558 510
1063 510 558 559
1064 510 559 511
1065 511 559 560
1066 511 560 512
1067 512 560 561
1068 512 561 513
1069 513 561 562
1070 513 562 514
1071 514 562 563
1072 514 563 515
1073 515 563 564
1074 515 564 516
1075 516 564 565
1076 516 565 517
1077 517 565 566
1078 517 566 518
1079 518 566 567
1080 518 567 519
1081 519 567 568
1082 519 568 520
1083 520 568 569
1084 520 569 521
1085 521 569 570
1086 521 570 522
1087 522 570 571
1088 522 571 523
1089 523 571 572
1090 523 572 524
1091 524 572 573
1092 524 573 525
1093 525 573 574
1094 525 574 526
1095 526 574 575
1096 526 575 527
1097 527 575 576
1098 527 576 528
1099 528 576 577
1100 528 577 529
1101 529 577 578
1102 529 578 530
1103 530 578 531
1104 530 531 483
1105 531 579 580
1106 531 580 532
1107 532 580 581
1108 532 581 533
1109 533 581 582
1110 533 582 534
1111 534 582 583
1112 534 583 535
1113 535 583 584
1114 535 584 536
1115 536 584 585
1116 536 585 537
1117 537 585 586
1118 537 586 538
1119 538 586 587
1120 538 587 539
1121 539 587 588
1122 539 588 540
1123 540 588 589
1124 540 589 541
1125 541 589 590
1126 541 590 542
1127 542 590 591
1128 542 591 543
1129 543 591 592
1130 543 592 544
1131 544 592 593
1132 544 593 545
1133 545 593 594
1134 545 594 546
1135 546 594 595
1136 546 595 547
1137 547 595 596
1138 547 596 548
1139 548 596 597
1140 548 597 549
1141 549 597 598
1142 549 598 550
1143 550 598 599
1144 550 599 551
1145 551 599 600
1146 551 600 552
1147 552 600 601
1148 552 601 553
1149 553 601 602
1150 553 602 554
1151 554 602 603
1152 554 603 555
1153 555 603 604
1154 555 604 556
1155 556 604 605
1156 556 605 557
1157 557 605 606
1158 557 606 558
1159 558 606 607
1160 558 607 559
1161 559 607 608
1162 559 608 560
1163 560 608 609
1164 560 609 561
1165 561 609 610
1166 561 610 562
1167 562 610 611
1168 562 611 563
1169 563 611 612
1170 563 612 564
1171 564 612 613
1172 564 613 565
1173 565 613 614
1174 565 614 566
1175 566 614 615
1176 566 615 567
1177 567 615 616
1178 567 616 568
1179 568 616 617
1180 568 617 569
1181 569 617 618
1182 569 618 570
1183 570 618 619
1184 570 619 571
1185 571 619 620
1186 571 620 572
1187 572 620 621
1188 572 621 573
1189 573 621 622
1190 573 622 574
1191 574 622 623
1192 574 623 575
1193 575 623 624
1194 575 624 576
1195 576 624 625
1196 576 625 577
1197 577 625 626
1198 577 626 578
1199 578 626 579
1200 578 579 531
1201 579 627 628
1202 579 628 580
1203 580 628 629
1204 580 629 581
1205 581 629 630
1206 581 630 582
1207 582 630 631
1208 582 631 583
1209 583 631 632
1210 583 632 584
1211 584 632 633
1212 584 633 585
1213 585 633 634
1214 585 634 586
1215 586 634 635
1216 586 635 587
1217 587 635 636
1218 587 636 588
1219 588 636 637
1220 588 637 589
1221 589 637 638
1222 589 638 590
1223 590 638 639
1224 590 639 591
1225 591 639 640
1226 591 640 592
1227 592 640 641
1228 592 641 593
1229 593 641 642
1230 593 642 594
1231 594 642 643
1232 594 643 595
1233 595 643 644
1234 595 644 596
1235 596 644 645
1236 596 645 597
1237 597 645 646
1238 597 646 598
1239 598 646 647
1240 598 647 599
1241 599 647 648
1242 599 648 600
1243 600 648 649
1244 600 649 601
1245 601 649 650
1246 601 650 602
1247 602 650 651
1248 602 651 603
1249 603 651 652
1250 603 652 604
1251 604 652 653
1252 604 653 605
1253 605 653 654
1254 605 654 606
1255 606 654 655
1256 606 655 607
1257 607 655 656
1258 607 656 608
1259 608 656 657
1260 608 657 609
1261 609 657 658
1262 609 658 610
1263 610 658 659
1264 610 659 611
1265 611 659 660
1266 611 660 612
1267 612 660 661
1268 612 661 613
1269 613 661 662
1270 613 662 614
1271 614 662 663
1272 614 663 615
1273 615 663 664
1274 615 664 616
1275 616 664 665
1276 616 665 617
1277 617 665 666
1278 617 666 618
1279 618 666 667
1280 618 667 619
1281 619 667 668
1282 619 668 620
1283 620 668 669
1284 620 669 621
1285 621 669 670
1286 621 670 622
1287 622 670 671
1288 622 671 623
1289 623 671 672
1290 623 672 624
1291 624 672 673
1292 624 673 625
1293 625 673 674
1294 625 674 626
1295 626 674 627
1296 626 627 579
1297 627 675 676
1298 627 676 628
1299 628 676 677
1300 628 677 629
1301 629 677 678
1302 629 678 630
1303 630 678 679
1304 630 679 631
1305 631 679 680
1306 631 680 632
1307 632 680 681
1308 632 681 633
1309 633 681 682
1310 633 682 634
1311 634 682 683
1312 634 683 635
1313 635 683 684
1314 635 684 636
1315 636 684 685
1316 636 685 637
1317 637 685 686
1318 637 686 638
1319 638 686 687
1320 638 687 639
1321 639 687 688
1322 639 688 640
1323 640 688 689
1324 640 689 641
1325 641 689 690
1326 641 690 642
1327 642 690 691
1328 642 691 643
1329 643 691 692
1330 643 692 644
1331 644 692 693
1332 644 693 645
1333 645 693 694
1334 645 694 646
1335 646 694 695
1336 646 695 647
1337 647 695 696
1338 647 696 648
1339 648 696 697
1340 648 697 649
1341 649 697 698
1342 649 698 650
1343 650 698 699
1344 650 699 651
1345 651 699 700
1346 651 700 652
1347 652 700 701
1348 652 701 653
1349 653 701 702
1350 653 702 654
1351 654 702 703
1352 654 703 655
1353 655 703 704
1354 655 704 656
1355 656 704 705
1356 656 705 657
1357 657 705 706
1358 657 706 658
1359 658 706 707
1360 658 707 659
1361 659 707 708
1362 659 708 660
1363 660 708 709
1364 660 709 661
1365 661 709 710
1366 661 710 662
1367 662 710 711
1368 662 711 663
1369 663 711 712
1370 663 712 664
1371 664 712 713
1372 664 713 665
1373 665 713 714
1374 665 714 666
1375 666 714 715
1376 666 715 667
1377 667 715 716
1378 667 716 668
1379 668 716 717
1380 668 717 669
1381 669 717 718
1382 669 718 670
1383 670 718 719
1384 670 719 671
1385 671 719 720
1386 671 720 672
1387 672 720 721
1388 672 721 673
1389 673 721 722
1390 673 722 674
1391 674 722 675
1392 674 675 627
1393 675 723 724
1394 675 724 676
1395 676 724 725
1396 676 725 677
1397 677 725 726
1398 677 726 678
1399 678 726 727
1400 678 727 679
1401 679 727 728
1402 679 728 680
1403 680 728 729
1404 680 729 681
1405 681 729 730
1406 681 730 682
1407 682 730 731
1408 682 731 683
1409 683 731 732
1410 683 732 684
1411 684 732 733
1412 684 733 685
1413 685 733 734
1414 685 734 686
1415 686 734 735
1416 686 735 687
1417 687 735 736
1418 687 736 688
1419 688 736 737
1420 688 737 689
1421 689 737 738
1422 689 738 690
1423 690 738 739
1424 690 739 691
1425 691 739 740
1426 691 740 692
1427 692 740 741
1428 692 741 693
1429 693 741 742
1430 693 742 694
1431 694 742 743
1432 694 743 695
1433 695 743 744
1434 695 744 696
1435 696 744 745
1436 696 745 697
1437 697 745 746
1438 697 746 698
1439 698 746 747
1440 698 747 699
1441 699 747 748
1442 699 748 700
1443 700 748 749
1444 700 749 701
1445 701 749 750
1446 701 750 702
1447 702 750 751
1448 702 751 703
1449 703 751 752
1450 703 752 704
1451 704 752 753
1452 704 753 705
1453 705 753 754
1454 705 754 706
1455 706 754 755
1456 706 755 707
1457 707 755 756
1458 707 756 708
1459 708 756 757
1460 708 757 709
1461 709 757 758
1462 709 758 710
1463 710 758 759
1464 710 759 711
1465 711 759 760
1466 711 760 712
1467 712 760 761
1468 712 761 713
1469 713 761 762
1470 713 762 714
1471 714 762 763
1472 714 763 715
1473 715 763 764
1474 715 764 716
1475 716 764 765
1476 716 765 717
1477 717 765 766
1478 717 766 718
1479 718 766 767
1480 718 767 719
1481 719 767 768
1482 719 768 720
1483 720 768 769
1484 720 769 721
1485 721 769 770
1486 721 770 722
1487 722 770 723
1488 722 723 675
1489 723 771 772
1490 723 772 724
1491 724 772 773
1492 724 773 725
1493 725 773 774
1494 725 774 726
1495 726 774 775
1496 726 775 727
1497 727 775 776
1498 727 776 728
1499 728 776 777
1500 728 777 729
1501 729 777 778
1502 729 778 730
1503 730 778 779
1504 730 779 731
1505 731 779 780
1506 731 780 732
1507 732 780 781
1508 732 781 733
1509 733 781 782
1510 733 782 734
1511 734 782 783
1512 734 783 735
1513 735 783 784
1514 735 784 736
1515 736 784 785
1516 736 785 737
1517 737 785 786
1518 737 786 738
1519 738 786 787
1520 738 787 739
1521 739 787 788
1522 739 788 740
1523 740 788 789
1524 740 789 741
1525 741 789 790
1526 741 790 742
1527 742 790 791
1528 742 791 743
1529 743 791 792
1530 743 792 744
1531 744 792 793
1532 744 793 745
1533 745 793 794
1534 745 794 746
1535 746 794 795
1536 746 795 747
1537 747 795 796
1538 747 796 748
1539 748 796 797
1540 748 797 749
1541 749 797 798
1542 749 798 750
1543 750 798 799
1544 750 799 751
1545 751 799 800
1546 751 800 752
1547 752 800 801
1548 752 801 753
1549 753 801 802
1550 753 802 754
1551 754 802 803
1552 754 803 755
1553 755 803 804
1554 755 804 756
1555 756 804 805
1556 756 805 757
1557 757 805 806
1558 757 806 758
1559 758 806 807
1560 758 807 759
1561 759 807 808
1562 759 808 760
1563 760 808 809
1564 760 809 761
1565 761 809 810
1566 761 810 762
1567 762 810 811
1568 762 811 763
1569 763 811 812
1570 763 812 764
1571 764 812 813
1572 764 813 765
1573 765 813 814
1574 765 814 766
1575 766 814 815
1576 766 815 767
1577 767 815 816
1578 767 816 768
1579 768 816 817
1580 768 817 769
1581 769 817 818
1582 769 818 770
1583 770 818 771
1584 770 771 723
1585 771 819 820
1586 771 820 772
1587 772 820 821
1588 772 821 773
1589 773 821 822
1590 773 822 774
1591 774 822 823
1592 774 823 775
1593 775 823 824
1594 775 824 776
1595 776 824 825
1596 776 825 777
1597 777 825 826
1598 777 826 778
1599 778 826 827
1600 778 827 779
1601 779 827 828
1602 779 828 780
1603 780 828 829
1604 780 829 781
1605 781 829 830
1606 781 830 782
1607 782 830 831
1608 782 831 783
1609 783 831 832
1610 783 832 784
1611 784 832 833
1612 784 833 785
1613 785 833 834
1614 785 834 786
1615 786 834 835
1616 786 835 787
1617 787 835 836
1618 787 836 788
1619 788 836 837
1620 788 837 789
1621 789 837 838
1622 789 838 790
1623 790 838 839
1624 790 839 791
1625 791 839 840
1626 791 840 792
1627 792 840 841
1628 792 841 793
1629 793 841 842
1630 793 842 794
1631 794 842 843
1632 794 843 795
1633 795 843 844
1634 795 844 796
1635 796 844 845
1636 796 845 797
1637 797 845 846
1638 797 846 798
1639 798 846 847
1640 798 847 799
1641 799 847 848
1642 799 848 800
1643 800 848 849
1644 800 849 801
1645 801 849 850
1646 801 850 802
1647 802 850 851
1648 802 851 803
1649 803 851 852
1650 803 852 804
1651 804 852 853
1652 804 853 805
1653 805 853 854
1654 805 854 806
1655 806 854 855
1656 806 855 807
1657 807 855 856
1658 807 856 808
1659 808 856 857
1660 808 857 809
1661 809 857 858
1662 809 858 810
1663 810 858 859
1664 810 859 811
1665 811 859 860
1666 811 860 812
1667 812 860 861
1668 812 861 813
1669 813 861 862
1670 813 862 814
1671 814 862 863
1672 814 863 815
1673 815 863 864
1674 815 864 816
1675 816 864 865
1676 816 865 817
1677 817 865 866
1678 817 866 818
1679 818 866 819
1680 818 819 771
1681 819 867 868
1682 819 868 820
1683 820 868 869
1684 820 869 821
1685 821 869 870
1686 821 870 822
1687 822 870 871
1688 822 871 823
1689 823 871 872
1690 823 872 824
1691 824 872 873
1692 824 873 825
1693 825 873 874
1694 825 874 826
1695 826 874 875
1696 826 875 827
1697 827 875 876
1698 827 876 828
1699 828 876 877
1700 828 877 829
1701 829 877 878
1702 829 878 830
1703 830 878 879
1704 830 879 831
1705 831 879 880
1706 831 880 832
1707 832 880 881
1708 832 881 833
1709 833 881 882
1710 833 882 834
1711 834 882 883
1712 834 883 835
1713 835 883 884
1714 835 884 836
1715 836 884 885
1716 836 885 837
1717 837 885 886
1718 837 886 838
1719 838 886 887
1720 838 887 839
1721 839 887 888
1722 839 888 840
1723 840 888 889
1724 840 889 841
1725 841 889 890
1726 841 890 842
1727 842 890 891
1728 842 891 843
1729 843 891 892
1730 843 892 844
1731 844 892 893
1732 844 893 845
1733 845 893 894
1734 845 894 846
1735 846 894 895
1736 846 895 847
1737 847 895 896
1738 847 896 848
1739 848 896 897
1740 848 897 849
1741 849 897 898
1742 849 898 850
1743 850 898 899
1744 850 899 851
1745 851 899 900
1746 851 900 852
1747 852 900 901
1748 852 901 853
1749 853 901 902
1750 853 902 854
1751 854 902 903
1752 854 903 855
1753 855 903 904
1754 855 904 856
1755 856 904 905
1756 856 905 857
1757 857 905 906
1758 857 906 858
1759 858 906 907
1760 858 907 859
1761 859 907 908
1762 859 908 860
1763 860 908 909
1764 860 909 861
1765 861 909 910
1766 861 910 862
1767 862 910 911
1768 862 911 863
1769 863 911 912
1770 863 912 864
1771 864 912 913
1772 864 913 865
1773 865 913 914
1774 865 914 866
1775 866 914 867
1776 866 867 819
1777 867 915 916
1778 867 916 868
1779 868 916 917
1780 868 917 869
1781 869 917 918
1782 869 918 870
1783 870 918 919
1784 870 919 871
1785 871 919 920
1786 871 920 872
1787 872 920 921
1788 872 921 873
1789 873 921 922
1790 873 922 874
1791 874 922 923
1792 874 923 875
1793 875 923 924
1794 875 924 876
1795 876 924 925
1796 876 925 877
1797 877 925 926
1798 877 926 878
1799 878 926 927
1800 878 927 879
1801 879 927 928
1802 879 928 880
1803 880 928 929
1804 880 929 881
1805 881 929 930
1806 881 930 882
1807 882 930 931
1808 882 931 883
1809 883 931 932
1810 883 932 884
1811 884 932 933
1812 884 933 885
1813 885 933 934
1814 885 934 886
1815 886 934 935
1816 886 935 887
1817 887 935 936
1818 887 936 888
1819 888 936 937
1820 888 937 889
1821 889 937 938
1822 889 938 890
1823 890 938 939
1824 890 939 891
1825 891 939 940
1826 891 940 892
1827 892 940 941
1828 892 941 893
1829 893 941 942
1830 893 942 894
1831 894 942 943
1832 894 943 895
1833 895 943 944
1834 895 944 896
1835 896 944 945
1836 896 945 897
1837 897 945 946
1838 897 946 898
1839 898 946 947
1840 898 947 899
1841 899 947 948
1842 899 948 900
1843 900 948 949
1844 900 949 901
1845 901 949 950
1846 901 950 902
1847 902 950 951
1848 902 951 903
1849 903 951 952
1850 903 952 904
1851 904 952 953
1852 904 953 905
1853 905 953 954
1854 905 954 906
1855 906 954 955
1856 906 955 907
1857 907 955 956
1858 907 956 908
1859 908 956 957
1860 908 957 909
1861 909 957 958
1862 909 958 910
1863 910 958 959
1864 910 959 911
1865 911 959 960
1866 911 960 912
1867 912 960 961
1868 912 961 913
1869 913 961 962
1870 913 962 914
1871 914 962 915
1872 914 915 867
1873 915 963 964
1874 915 964 916
1875 916 964 965
1876 916 965 917
1877 917 965 966
1878 917 966 918
1879 918 966 967
1880 918 967 919
1881 919 967 968
1882 919 968 920
1883 920 968 969
1884 920 969 921
1885 921 969 970
1886 921 970 922
1887 922 970 971
1888 922 971 923
1889 923 971 972
1890 923 972 924
1891 924 972 973
1892 924 973 925
1893 925 973 974
1894 925 974 926
1895 926 974 975
1896 926 975 927
1897 927 975 976
1898 927 976 928
1899 928 976 977
1900 928 977 929
1901 929 977 978
1902 929 978 930
1903 930 978 979
1904 930 979 931
1905 931 979 980
1906 931 980 932
1907 932 980 981
1908 932 981 933
1909 933 981 982
1910 933 982 934
1911 934 982 983
1912 934 983 935
1913 935 983 984
1914 935 984 936
1915 936 984 985
1916 936 985 937
1917 937 985 986
1918 937 986 938
1919 938 986 987
1920 938 987 939
1921 939 987 988
1922 939 988 940
1923 940 988 989
1924 940 989 941
1925 941 989 990
1926 941 990 942
1927 942 990 991
1928 942 991 943
1929 943 991 992
1930 943 992 944
1931 944 992 993
1932 944 993 945
1933 945 993 994
1934 945 994 946
1935 946 994 995
1936 946 995 947
1937 947 995 996
1938 947 996 948
1939 948 996 997
1940 948 997 949
1941 949 997 998
1942 949 998 950
1943 950 998 999
1944 950 999 951
1945 951 999 1000
1946 951 1000 952
1947 952 1000 1001
1948 952 1001 953
1949 953 1001 1002
1950 953 1002 954
1951 954 1002 1003
1952 954 1003 955
1953 955 1003 1004
1954 955 1004 956
1955 956 1004 1005
1956 956 1005 957
1957 957 1005 1006
1958 957 1006 958
1959 958 1006 1007
1960 958 1007 959
1961 959 1007 1008
1962 959 1008 960
1963 960 1008 1009
1964 960 1009 961
1965 961 1009 1010
1966 961 1010 962
1967 962 1010 963
1968 962 963 915
1969 963 1011 1012
1970 963 1012 964
1971 964 1012 1013
1972 964 1013 965
1973 965 1013 1014
1974 965 1014 966
1975 966 1014 1015
1976 966 1015 967
1977 967 1015 1016
1978 967 1016 968
1979 968 1016 1017
1980 968 1017 969
1981 969 1017 1018
1982 969 1018 970
1983 970 1018 1019
1984 970 1019 971
1985 971 1019 1020
1986 971 1020 972
1987 972 1020 1021
1988 972 1021 973
1989 973 1021 1022
1990 973 1022 974
1991 974 1022 1023
1992 974 1023 975
1993 975 1023 1024
1994 975 1024 976
1995 976 1024 1025
1996 976 1025 977
1997 977 1025 1026
1998 977 1026 978
1999 978 1026 1027
2000 978 1027 979
2001 979 1027 1028
2002 979 1028 980
2003 980 1028 1029
2004 980 1029 981
2005 981 1029 1030
2006 981 1030 982
2007 982 1030 1031
2008 982 1031 983
2009 983 1031 1032
2010 983 1032 984
2011 984 1032 1033
2012 984 1033 985
2013 985 1033 1034
2014 985 1034 986
2015 986 1034 1035
2016 986 1035 987
2017 987 1035 1036
2018 987 1036 988
2019 988 1036 1037
2020 988 1037 989
2021 989 1037 1038
2022 989 1038 990
2023 990 1038 1039
2024 990 1039 991
2025 991 1039 1040
2026 991 1040 992
2027 992 1040 1041
2028 992 1041 993
2029 993 1041 1042
2030 993 1042 994
2031 994 1042 1043
2032 994 1043 995
2033 995 1043 1044
2034 995 1044 996
2035 996 1044 1045
2036 996 1045 997
2037 997 1045 1046
2038 997 1046 998
2039 998 1046 1047
2040 998 1047 999
2041 999 1047 1048
2042 999 1048 1000
2043 1000 1048 1049
2044 1000 1049 1001
2045 1001 1049 1050
2046 1001 1050 1002
2047 1002 1050 1051
2048 1002 1051 1003
2049 1003 1051 1052
2050 1003 1052 1004
2051 1004 1052 1053
2052 1004 1053 1005
2053 1005 1053 1054
2054 1005 1054 1006
2055 1006 1054 1055
2056 1006 1055 1007
2057 1007 1055 1056
2058 1007 1056 1008
2059 1008 1056 1057
2060 1008 1057 1009
2061 1009 1057 1058
2062 1009 1058 1010
2063 1010 1058 1011
2064 1010 1011 963
2065 1011 1059 1060
2066 1011 1060 1012
2067 1012 1060 1061
2068 1012 1061 1013
2069 1013 1061 1062
2070 1013 1062 1014
2071 1014 1062 1063
2072 1014 1063 1015
2073 1015 1063 1064
2074 1015 1064 1016
2075 1016 1064 1065
2076 1016 1065 1017
2077 1017 1065 1066
2078 1017 1066 1018
2079 1018 1066 1067
2080 1018 1067 1019
2081 1019 1067 1068
2082 1019 1068 1020
2083 1020 1068 1069
2084 1020 1069 1021
2085 1021 1069 1070
2086 1021 1070 1022
2087 1022 1070 1071
2088 1022 1071 1023
2089 1023 1071 1072
2090 1023 1072 1024
2091 1024 1072 1073
2092 1024 1073 1025
2093 1025 1073 1074
2094 1025 1074 1026
2095 1026 1074 1075
2096 1026 1075 1027
2097 1027 1075 1076
2098 1027 1076 1028
2099 1028 1076 1077
2100 1028 1077 1029
2101 1029 1077 1078
2102 1029 1078 1030
2103 1030 1078 1079
2104 1030 1079 1031
2105 1031 1079 1080
2106 1031 1080 1032
2107 1032 1080 1081
2108 1032 1081 1033
2109 1033 1081 1082
2110 1033 1082 1034
2111 1034 1082 1083
2112 1034 1083 1035
2113 1035 1083 1084
2114 1035 1084 1036
2115 1036 1084 1085
2116 1036 1085 1037
2117 1037 1085 1086
2118 1037 1086 1038
2119 1038 1086 1087
2120 1038 1087 1039
2121 1039 1087 1088
2122 1039 1088 1040
2123 1040 1088 1089
2124 1040 1089 1041
2125 1041 1089 1090
2126 1041 1090 1042
2127 1042 1090 1091
2128 1042 1091 1043
2129 1043 1091 1092
2130 1043 1092 1044
2131 1044 1092 1093
2132 1044 1093 1045
2133 1045 1093 1094
2134 1045 1094 1046
2135 1046 1094 1095
2136 1046 1095 1047
2137 1047 1095 1096
2138 1047 1096 1048
2139 1048 1096 1097
2140 1048 1097 1049
2141 1049 1097 1098
2142 1049 1098 1050
2143 1050 1098 1099
2144 1050 1099 1051
2145 1051 1099 1100
2146 1051 1100 1052
2147 1052 1100 1101
2148 1052 1101 1053
2149 1053 1101 1102
2150 1053 1102 1054
2151 1054 1102 1103
2152 1054 1103 1055
2153 1055 1103 1104
2154 1055 1104 1056
2155 1056 1104 1105
2156 1056 1105 1057
2157 1057 1105 1106
2158 1057 1106 1058
2159 1058 1106 1059
2160 1058 1059 1011
2161 1059 1107 1108
2162 1059 1108 1060
2163 1060 1108 1109
2164 1060 1109 1061
2165 1061 1109 1110
2166 1061 1110 1062
2167 1062 1110 1111
2168 1062 1111 1063
2169 1063 1111 1112
2170 1063 1112 1064
2171 1064 1112 1113
2172 1064 1113 1065
2173 1065 1113 1114
2174 1065 1114 1066
2175 1066 1114 1115
2176 1066 1115 1067
2177 1067 1115 1116
2178 1067 1116 1068
2179 1068 1116 1117
2180 1068 1117 1069
2181 1069 1117 1118
2182 1069 1118 1070
2183 1070 1118 1119
2184 1070 1119 1071
2185 1071 1119 1120
2186 1071 1120 1072
2187 1072 1120 1121
2188 1072 1121 1073
2189 1073 1121 1122
2190 1073 1122 1074
2191 1074 1122 1123
2192 1074 1123 1075
2193 1075 1123 1124
2194 1075 1124 1076
2195 1076 1124 1125
2196 1076 1125 1077
2197 1077 1125 1126
2198 1077 1126 1078
2199 1078 1126 1127
2200 1078 1127 1079
2201 1079 1127 1128
2202 1079 1128 1080
2203 1080 1128 1129
2204 1080 1129 1081
2205 1081 1129 1130
2206 1081 1130 1082
2207 1082 1130 1131
2208 1082 1131 1083
2209 1083 1131 1132
2210 1083 1132 1084
2211 1084 1132 1133
2212 1084 1133 1085
2213 1085 1133 1134
2214 1085 1134 1086
2215 1086 1134 1135
2216 1086 1135 1087
2217 1087 1135 1136
2218 1087 1136 1088
2219 1088 1136 1137
2220 1088 1137 1089
2221 1089 1137 1138
2222 1089 1138 1090
2223 1090 1138 1139
2224 1090 1139 1091
2225 1091 1139 1140
2226 1091 1140 1092
2227 1092 1140 1141
2228 1092 1141 1093
2229 1093 1141 1142
2230 1093 1142 1094
2231 1094 1142 1143
2232 1094 1143 1095
2233 1095 1143 1144
2234 1095 1144 1096
2235 1096 1144 1145
2236 1096 1145 1097
2237 1097 1145 1146
2238 1097 1146 1098
2239 1098 1146 1147
2240 1098 1147 1099
2241 1099 1147 1148
2242 1099 1148 1100
2243 1100 1148 1149
2244 1100 1149 1101
2245 1101 1149 1150
2246 1101 1150 1102
2247 1102 1150 1151
2248 1102 1151 1103
2249 1103 1151 1152
2250 1103 1152 1104
2251 1104 1152 1153
2252 1104 1153 1105
2253 1105 1153 1154
2254 1105 1154 1106
2255 1106 1154 1107
2256 1106 1107 1059
2257 2 1108 1107
2258 2 1109 1108
2259 2 1110 1109
2260 2 1111 1110
2261 2 1112 1111
2262 2 1113 1112
2263 2 1114 1113
2264 2 1115 1114
2265 2 1116 1115
2266 2 1117 1116
2267 2 1118 1117
2268 2 1119 1118
2269 2 1120 1119
2270 2 1121 1120
2271 2 1122 1121
2272 2 1123 1122
2273 2 1124 1123
2274 2 1125 1124
2275 2 1126 1125
2276 2 1127 1126
2277 2 1128 1127
2278 2 1129 1128
2279 2 1130 1129
2280 2 1131 1130
2281 2 1132 1131
2282 2 1133 1132
2283 2 1134 1133
2284 2 1135 1134
2285 2 1136 1135
2286 2 1137 1136
2287 2 1138 1137
2288 2 1139 1138
2289 2 1140 1139
2290 2 1141 1140
2291 2 1142 1141
2292 2 1143 1142
2293 2 1144 1143
2294 2 1145 1144
2295 2 1146 1145
2296 2 1147 1146
2297 2 1148 1147
2298 2 1149 1148
2299 2 1150 1149
2300 2 1151 1150
2301 2 1152 1151
2302 2 1153 1152
2303 2 1154 1153
2304 2 1107 1154
$EndElements
